ticker,pe_trailing,pe_forward,peg_ratio,price_to_book,price_to_sales,revenue_growth,earnings_growth,debt_to_equity,total_cash,free_cashflow,operating_margin,profit_margin,cash_runway_years,short_pct_float,insider_pct,beta,target_price,upside_pct,recommendation,first_trade_date,years_since_ipo,next_earnings_date,long_summary,industry,country,website,employees,dividend_yield,fundamentals_fetched_at,error
AOS,16.749304,14.577111,1.63,4.413211,2.147805,-0.7000000000000001,-15.299999999999999,36.739,181300000.0,485112512.0,18.929000000000002,13.149,,10.229999600000001,0.45399999999999996,1.153,70.54545,17.3,hold,1983-09-30,42.8,2026-07-30,"A. O. Smith Corporation manufactures and markets residential and commercial gas and electric water heaters, boilers, heat pumps, tanks, and water treatment products in North America, China, Europe, and India. The company offers water heaters for residences, restaurants, hotels, office buildings, laundries, car washes, and small businesses; boilers for hospitals, schools, hotels, homes, apartments, and condominiums, and other large commercial buildings; and water treatment products comprising point-of-entry water softeners, well water solutions, and whole-home water filtration products, and point-of-use carbon and reverse osmosis products for residences, restaurants, hotels, and offices. It also provides commercial water treatment and filtration products; expansion tanks, commercial solar water heating systems, swimming pool and spa heaters, and related products and parts; and electric wall-hung, gas tankless, combi-boiler, and heat pump and solar water heaters. The company offers its products under the A. O. Smith, State, Lochinvar, Hague, Water-Right, Master Water, Atlantic Filter, Impact, and Water Tec brands. It distributes its products through independent wholesale plumbing distributors, as well as to retail channels consisting of hardware and home center chains, and manufacturer representative firms, as well as offers Aquasana branded products directly to consumers through e-commerce channels; and A. O. Smith branded water treatment products through dealer network and...",Specialty Industrial Machinery,United States,https://www.aosmith.com,11500.0,2.39,2026-08-01T08:27:11.207864+00:00,
AES,7.726316,6.16926,0.81,2.368506,0.8384043,8.7,951.0999999999999,259.603,1651000064.0,-2964999936.0,18.742001,10.818999999999999,,3.2300000000000004,0.57599996,0.942,15.0,2.2,hold,1991-06-26,35.1,,"The AES Corporation, together with its subsidiaries, operates as a power generation and utility company. It operates through four segments: Renewables, Utilities, Energy Infrastructure, and New Energy Technologies. The company owns and/or operates power plants to generate and sell power to customers, such as utilities, industrial users, and other intermediaries; owns and/or operates utilities to generate or purchase, distribute, transmit, and sell electricity to end-user customers in the residential, commercial, industrial, and governmental sectors; and generates and sells electricity on the wholesale market, as well as investments in technologies to support leading-edge greener energy solutions. It uses various fuels and technologies to generate electricity, such as solar, hydro, wind, coal, and gas, as well as renewables comprising energy storage and landfill gas. The company owns and/or operates a generation portfolio of approximately 34,740 megawatts and distributes power to 2.7 million customers. The company operates in the United States, Chile, Dominican Republic, El Salvador, Mexico, Bulgaria, Panama, Colombia, Argentina, Vietnam, Jordan, Puerto Rico, and internationally. The company was formerly known as Applied Energy Services, Inc. and changed its name to The AES Corporation in April 2000. The AES Corporation was incorporated in 1981 and is based in Arlington, Virginia.",Utilities - Diversified,United States,https://www.aes.com,8336.0,4.74,2026-08-01T08:27:11.902592+00:00,
A,27.841047,20.92786,1.24,5.48304,5.403775,10.0,60.0,49.733,1807000064.0,930625024.0,23.706,19.552,,3.0299999,0.19400001,1.255,159.3158,15.1,buy,1999-11-18,26.7,2026-08-26,"Agilent Technologies, Inc. provides application focused solutions to the life sciences, diagnostics, and applied chemical markets worldwide. The company operates through three segments: Life Sciences and Diagnostics Markets, Agilent CrossLab, and Applied Markets. The Life Sciences and Diagnostics Markets segment offers liquid chromatography systems and components; and liquid chromatography mass spectrometry systems. This segment is also involved in the genomics, contract development and manufacturing organization, pathology, companion diagnostics, and biomolecular analysis businesses. The Agilent CrossLab segment provides various services, including repairs, parts, maintenance, installations, training, compliance support, software as a service, asset management, consulting, and other custom services. This segment also offers consumables, including gas chromatography and liquid chromatography columns, sample preparation products, custom chemistries, and various laboratory supplies; software and informatics solutions comprising software for instrument control, data acquisition, data analysis, secure storage of results, and laboratory information and workflow management; and OpenLab laboratory software, an open software platform that enables customers to capture, analyze, and share scientific data throughout the lab and across the enterprise. In addition, it provides automated sample preparation solutions, such as liquid handling, plate management, consumables, and scheduling...",Diagnostics & Research,United States,https://www.agilent.com,18000.0,74.0,2026-08-01T08:27:12.208375+00:00,
AKAM,38.52174,15.987985,1.27,3.4151692,3.9247448,5.800000000000001,-13.4,119.534,930444992.0,700723392.0,10.610999999999999,10.2,,15.9,2.103,0.633,158.21349,37.4,buy,1999-10-29,26.8,2026-08-06,"Akamai Technologies, Inc. engages in the provision of security, delivery, and cloud computing solutions in the United States and internationally. It offers security solutions that include web application and application programming interfaces (API) protection solutions, which protect web, API, and mobile app traffic from attacks; Bot & Abuse portfolio, which provides solutions to help customers protect against threats; full account lifecycle protections including the ability to defend against account takeover and opening abuse, adversarial bot protection, protection against credential stuffing, inventory scalping, and hoarding; and solutions designed to stop persistent scrapers from stealing content; API security, which discovers, audits, and monitors API; and microservice and application component protection that analyzes and protects application traffic that moves between application components. The company also offers cloud computing services, which include compute, storage, and cloud native and networking services; and Akamai App Platform, provides ready-to-run templates that address challenges in deploying, managing and scaling Kubernetes clusters at scale. In addition, it offers delivery solutions that include web and mobile performance solutions, which enables dynamic websites and applications, as well as global traffic management, site acceleration, application load balancing, large-scale load testing, and real-user monitoring; and media delivery solutions, includi...",Software - Infrastructure,United States,https://www.akamai.com,11419.0,,2026-08-01T08:27:12.509063+00:00,
ALB,,9.434885,0.79,1.8211372,2.525002,32.7,,19.845,1089809024.0,716711744.0,24.786,-4.2379998,,0.06999999999999999,0.191,1.346,187.164,59.1,buy,1994-02-22,32.4,2026-08-05,"Albemarle Corporation provides energy storage solutions worldwide. It operates through three segments: Energy Storage, Specialties, and Ketjen. The Energy Storage segment offers lithium compounds, including lithium carbonate, lithium hydroxide, and lithium chloride for use in lithium batteries used in consumer electronics and electric vehicles; power grids and solar panels; high-performance greases; and specialty glass used in consumer appliances and electronics. The Specialties segment provides bromine and highly specialized lithium solutions for various industries, such as energy, mobility, connectivity, and health comprising fire safety compounds; bromine-based specialty chemical products, including elemental bromine, alkyl bromides, inorganic bromides, brominated powdered activated carbon, and various bromine fine chemicals; lithium specialties, such as butyllithium and lithium aluminum hydride; cesium products for the chemical and pharmaceutical industries; and zirconium, barium, and titanium products for pyrotechnical applications, including airbag initiators. This segment also provides organic synthesis processes in the areas of steroid chemistry and vitamins, and various life science applications, as well as intermediates for the pharmaceutical industry; technical services, including handling and use of reactive lithium products; and recycling services for lithium-containing by-products. The Ketjen segment offers clean fuels technologies, including hydroprocessing ...",Specialty Chemicals,United States,https://www.albemarle.com,7800.0,1.39,2026-08-01T08:27:12.929214+00:00,
ALGN,30.099646,13.498148,0.95,2.8574808,2.9266405,4.3,-12.1,2.047,1102590976.0,645827968.0,18.247,9.991,,7.6899999999999995,6.816,1.669,209.92857,24.1,buy,2001-01-30,25.5,2026-07-29,"Align Technology, Inc. provides Invisalign clear aligners, Vivera retainers, and iTero intraoral scanners and services in the United States, Switzerland, and internationally. The company's Clear Aligner segment offers Invisalign comprehensive package to treat adults and teens malocclusion and features, and orthodontic needs of teenage or younger patients; and Invisalign First Phase I and Invisalign First Comprehensive Phase 2 package for younger patients between the ages of six and ten years with a mixture of primary/baby and permanent teeth. This segment also provides Invisalign express, Invisalign lite, and Invisalign moderate; Invisalign Go, Invisalign Go express, and Invisalign Go Plus; retention products, Invisalign training, adjusting tools used by dental professionals during treatment, ancillary Invisalign accessory products, and other oral health products; Invisalign Professional Whitening system; Invisalign Palatal Expander, a 3D printed orthodontic device; and 3D printing solutions. Its Imaging Systems and CAD/CAM Services segment offers iTero intraoral scanning system, a single hardware platform for restorative or orthodontic procedures; exocad, a computer-aided design and computer-aided manufacturing software; orthodontist software for digital records storage, orthodontic diagnosis, and fabrication of printed models and retainers; and restorative software for general practitioner dentists, prosthodontists, periodontists, and oral surgeons. This segment also off...",Medical Instruments & Supplies,United States,https://www.aligntech.com,20290.0,,2026-08-01T08:27:13.237070+00:00,
ALLE,20.629095,16.199915,2.27,6.3195086,3.1210887,12.7,16.2,104.895,320600000.0,484449984.0,22.102,15.357000000000001,,5.4899998,0.245,0.858,173.0,9.9,buy,2013-11-18,12.7,2026-07-23,"Allegion plc engages in the provision of security products and solutions worldwide. It is operating through two segments: Allegion Americas and Allegion International. The company offers door controls, door control system, and exit devices; doors, glass and door systems, and accessories; electronic security products and access control systems, including time, attendance, and workforce productivity; and locks, locksets, portable locks, and key systems. It also provides services and software, such as inspection, maintenance, and repair services for its automatic entrance solutions; software as a service, including access control, platform integration, and workforce management solutions; and ongoing aftermarket services, and design and installation offerings. In addition, the company sells its products and solutions to end-users in commercial, institutional, and residential facilities, including education, healthcare, government, hospitality, retail, commercial office, and single and multi-family residential markets under the CISA, Interflex, LCN, Schlage, SimonsVoss, and Von Duprin brands. It sells its products and solutions through distribution and retail channels, such as specialty distribution, e-commerce, and wholesalers, as well as through various retail channels comprising do-it-yourself home improvement centers, online and e-commerce platforms, and small specialty showroom outlets. Allegion plc was incorporated in 2013 and is based in Dublin, Ireland.",Security & Protection Services,Ireland,https://www.allegion.com,13300.0,1.35,2026-08-01T08:27:13.539643+00:00,
LNT,22.25786,19.204418,2.38,2.4301312,4.127534,1.0,-4.0,160.951,25000000.0,-1169624960.0,19.053,18.447,,12.4,0.154,,79.26923,12.0,buy,1973-02-21,53.4,2026-07-30,"Alliant Energy Corporation operates as a utility holding company that provides regulated electric and natural gas services in the United States. It operates through IPL and WPL segments. The company's IPL segment engages primarily in the generation and distribution of electricity and the distribution and transportation of natural gas to retail customers in select markets in Iowa. This segment also sells electricity to wholesale customers in Minnesota, Illinois and Iowa; and generates and distributes steam for two customers in Cedar Rapids, Iowa. Its WPL segment generates and distributes electricity, and distributes and transports natural gas to retail customers in select markets in Wisconsin; and sells electricity to wholesale customers in Wisconsin. It serves retail customers in the farming, agriculture, industrial manufacturing, chemical, packaging, and food industries, as well as wholesale customers comprising municipalities and rural electric cooperatives. In addition, the company owns and operates a short-line rail freight service in Iowa; a Mississippi River barge, rail, and truck freight terminal in Illinois; freight brokerage services; wind turbine blade recycling services; and a rail-served warehouse in Iowa. Further, it holds interests in a natural gas-fired electric generating unit near Sheboygan Falls, Wisconsin; and a wind farm located in Oklahoma. The company was formerly known as Interstate Energy Corp. and changed its name to Alliant Energy Corporation in M...",Utilities - Regulated Electric,United States,https://www.alliantenergy.com,2948.0,3.02,2026-08-01T08:27:13.895197+00:00,
AMCR,36.19355,10.490467,0.63,1.7801753,0.9351093,77.4,-11.700000000000001,143.74,1587000064.0,149500000.0,8.59,3.0550001,,6.9,0.25600002,0.614,48.35636,7.7,buy,2012-05-15,14.2,2026-08-12,"Amcor plc, together with its subsidiaries, engages in the production and sale of packaging products in Europe, North America, Latin America, and the Asia Pacific. The company operates in two segments, Global Flexible Packaging Solutions and Global Rigid Packaging Solutions. The Global Flexible Packaging Solutions segment develops and supplies flexible packaging products, including polymer resin, aluminum, and fiber based flexible packaging products to the food and beverage, medical and pharmaceutical, fresh produce, snack food, personal care, and other industries. The Global Rigid Packaging Solutions segment manufactures rigid packaging containers, closures, dispensing and pharma devices, and related products for the food and beverage applications. The company sells its products through its direct sales force. The company was incorporated in 1926 and is headquartered in Zurich, Switzerland.",Packaging & Containers,Switzerland,https://www.amcor.com,77000.0,5.76,2026-08-01T08:27:14.194415+00:00,
AWK,23.253033,20.434675,2.68,2.2857678,5.046077,6.2,8.6,137.745,227000000.0,-1785374976.0,40.664001999999996,21.346999999999998,,7.28,0.11499999999999999,0.599,139.36365,3.9,hold,2008-04-23,18.3,2026-10-28,"American Water Works Company, Inc., through its subsidiaries, provides water and wastewater services in the United States. It offers water and wastewater services on military installations; and undertakes contracts with municipal customers, primarily to operate and manage water and wastewater facilities, as well as offers other related services. The company also operates approximately 80 surface water treatment plants; 520 groundwater treatment plants; 170 wastewater treatment plants; 55,000 miles of transmission, distribution, and collection mains and pipes; 1,200 groundwater wells; 1,800 water and wastewater pumping stations; 1,100 treated water storage facilities; and 75 dams. In addition, it offers water and wastewater services to 14 states serving approximately 3.6 million active customers. The company serves residential customers; commercial customers, including food and beverage providers, commercial property developers and proprietors, and energy suppliers; fire service and private fire customers; industrial customers, such as large-scale manufacturers, mining, and production operations; public authorities comprising government buildings and other public sector facilities, such as schools and universities; and other utilities and community water and wastewater systems. The company was founded in 1886 and is headquartered in Camden, New Jersey.",Utilities - Regulated Water,United States,https://www.amwater.com,7000.0,2.67,2026-08-01T08:27:14.487936+00:00,
AMP,13.567985,10.589661,1.76,7.5796375,2.432192,11.600000000000001,11.700000000000001,63.195,10135000064.0,,30.719997999999997,19.900000000000002,,4.96,0.182,1.159,578.3333,6.0,buy,2005-09-15,20.9,2026-07-23,"Ameriprise Financial, Inc., together with its subsidiaries, operates as a diversified financial services company in the United States and internationally. The company offers financial planning and advice services to individual and institutional clients. It operates through Advice & Wealth Management, Asset Management, Retirement & Protection Solutions, Corporate & Other segments. The Advice & Wealth Management segment provides financial planning and advice; brokerage products and services for retail and institutional clients; discretionary and non-discretionary investment advisory accounts; mutual funds; insurance and annuities products; cash management and banking products; and face-amount certificates. The Asset Management segment offers investment management, advice, and products to retail, high net worth, and institutional clients through third-party financial institutions, advisor network, direct retail, and its institutional sales force under the Columbia Threadneedle Investments brand name. Its products include U.S. mutual funds and their non-U.S. equivalents, exchange-traded funds, variable product funds underlying insurance, and annuity separate accounts; and institutional asset management products, such as traditional asset classes, separately managed accounts, individually managed accounts, collateralized loan obligations, hedge funds, collective funds, and property and infrastructure funds. The Retirement & Protection Solutions segment provides variable annuity...",Asset Management,United States,https://www.ameriprise.com,13600.0,1.25,2026-08-01T08:27:14.786989+00:00,
APTV,34.644173,8.3504505,0.95,1.2987581,0.5784506,5.4,,103.823,3172999936.0,1091124992.0,9.87,1.7670000000000001,,7.5,0.8210000000000001,1.344,77.66667,37.5,none,2011-11-17,14.7,2026-08-04,"Aptiv PLC, an industrial technology company, provides hardware and software solutions to support automotive and other industries in North America, Europe, the Middle East, Africa, the Asia Pacific, and South America. It operates through three segments: Advanced Safety and User Experience, Engineered Components, and Electrical Distribution Systems. The company offers active safety, user experience and smart vehicle compute, and software products for vehicle safety and security, including intelligent sensors, compute platforms, and software tools and services. It also provides connection systems, interconnects, and cable management and protection solutions for the distribution of power, signal, and data. Aptiv PLC was incorporated in 2011 and is based in Schaffhausen, Switzerland.",Auto Parts,Switzerland,https://www.aptiv.com,140000.0,,2026-08-01T08:27:15.087571+00:00,
ACGL,7.915748,10.285451,1.05,1.4715009,1.7824838,-10.5,-7.1,17.836,4464000000.0,5318125056.0,26.584998,24.396999,,2.9499999999999997,2.6839999999999997,0.292,111.55263,11.0,buy,1995-09-14,30.9,2026-07-28,"Arch Capital Group Ltd., together with its subsidiaries, provides insurance, reinsurance, and mortgage insurance products in the United States, Canada, Bermuda, the United Kingdom, Europe, and Australia. The company operates through three segments: Insurance, Reinsurance, and Mortgage. The Insurance segment offers commercial automobile; commercial multiperil; financial and professional line liability; admitted, excess, and surplus casualty lines; property and short-tail specialty; workers compensation; and casualty insurance. Its Reinsurance segment provides reinsurance products for casualty; marine and aviation; property catastrophe; property excluding property catastrophe; and other specialty products. The Mortgage segment offers U.S. primary mortgage insurance business written predominantly on loans sold to the Federal National Mortgage Association and Federal Home Loan Mortgage Corporation; reinsurance and underwriting services related to the U.S. credit-risk transfer business and other U.S. mortgage reinsurance transactions; and international mortgage insurance and reinsurance business covering loans. It markets its products through a group of licensed independent retail and wholesale brokers. The company was formerly known as Risk Capital Holdings, Inc. Arch Capital Group Ltd. was founded in 1995 and is headquartered in Pembroke, Bermuda.",Insurance - Diversified,Bermuda,https://www.archgroup.com,8000.0,,2026-08-01T08:27:15.387427+00:00,
ARES,57.183033,17.756638,1.17,10.097753,7.149982,28.299999999999997,770.5,168.762,1438083968.0,1757137152.0,18.434,10.539,,15.75,11.261000000000001,1.536,141.38889,10.4,buy,2014-05-02,12.2,2026-07-31,"Ares Management Corporation operates as an alternative asset manager. Its Direct Lending Group segment provides financing solutions to small-to-medium sized companies. The company's Private Equity Group segment specializes in early venture, turnaround, mid venture, late venture, recapitalization, growth capital, middle market, mezzanine, distressed and growth buyouts. The firm seeks to invest in healthcare, services, energy, industrials and consumer. The firm seeks to takes majority, minority and shared-control investments primarily in under-capitalized companies in North America, Europe, Asia Pacific, Southeast Asia and Australia. Its Real Estate Group segment invests in new developments and the repositioning of assets, with a focus on control or majority-control investments; and originates and invests in a range of self-originated financing opportunities for middle-market owners and operators of commercial real estate. The firm prefers to invest between $1 million and $500 million in companies having EBITDA between $10 million and $250 million and debt investment value between $10 million and $100 million. Ares Management Corporation was founded in 1997 and is based in Los Angeles, California with additional offices in North America, Europe and Asia.",Asset Management,United States,https://www.ares.com,4297.0,4.33,2026-08-01T08:27:15.683685+00:00,
ATO,21.463354,19.156017,2.14,1.9344581,5.9084167,0.6,14.499999999999998,64.588,125694000.0,-2210371840.0,39.32,27.578999999999997,,2.3800000000000003,0.40299999999999997,0.598,188.91667,9.3,hold,1983-12-28,42.6,2026-08-05,"Atmos Energy Corporation, together with its subsidiaries, engages in the regulated natural gas distribution, and pipeline and storage businesses in the United States. It operates through two segments, Distribution, and Pipeline and Storage. The Distribution segment is involved in the regulated natural gas distribution and related sales operations in eight states. This segment distributes natural gas to approximately 3.4 million residential, commercial, public authority, and industrial customers; and owned 76,000 miles of underground distribution and transmission mains. The Pipeline and Storage segment engages in the pipeline and storage operations. This segment transports natural gas for third parties and manages five underground storage facilities in Texas; provides ancillary services customary to the pipeline industry, including parking arrangements, lending, and inventory sales; and owned 5,700 miles of gas transmission lines. Atmos Energy Corporation was founded in 1906 and is based in Dallas, Texas.",Utilities - Regulated Gas,United States,https://www.atmosenergy.com,5487.0,2.3,2026-08-01T08:27:15.982349+00:00,
ADSK,34.239765,16.425486,0.94,15.495566,6.5872145,18.4,231.4,85.419,2924000000.0,3060999936.0,29.524,19.488001,,4.61,0.22699999999999998,1.318,313.89395,34.0,strong_buy,1985-06-28,41.1,2026-05-28,"Autodesk, Inc. engages in the provision of 3D design, engineering, and entertainment technology solutions worldwide. The company offers AutoCAD Civil 3D, a surveying, design, analysis, and documentation solution; Autodesk Build, a toolset for managing, sharing, and accessing project documents for streamlined workflows between the office, trailer, and jobsite; Revit, a software built for building information modeling to help professionals design, build, and maintain energy-efficient buildings; Autodesk BIM Collaborate Pro, cloud-based design collaboration and design management software; BuildingConnected, a SaaS preconstruction solution; and Tandem, a cloud-based platform that transforms the built asset lifecycle. It also provides AutoCAD software, a customizable and extensible CAD application for professional design, drafting, detailing, and visualization; AutoCAD LT, a drafting and detailing software; Fusion, a 3D CAD, computer-aided manufacturing, and computer-aided engineering tool; Inventor, a software solution that offers a set of tools for 3D mechanical design, simulation, analysis, tooling, visualization, and documentation; product design and manufacturing collection tools; and Vault, a data management software for managing data in one central location, accelerate design processes, and streamline internal/external collaboration. The company offers Flow Production Tracking, a cloud-based production management software; Maya software that offers 3D modeling, animation...",Software - Application,United States,https://www.autodesk.com,14300.0,,2026-08-01T08:27:16.284570+00:00,
AVB,25.495878,38.09901,7.17,2.1493335,8.599089,2.1,-41.3,73.8,80682000.0,,30.194,33.335,,3.1,0.402,0.78,201.33333,8.5,hold,1994-03-11,32.4,,"AvalonBay Communities, Inc., a member of S&P 500, is an equity REIT. The firm develops, redevelops, acquires and manages apartment communities in leading metropolitan areas in Boston, Massachusetts, the New York/New Jersey Metro area, the Mid-Atlantic, Seattle, Washington, and Northern and Southern California, as well as in the Company's expansion regions of Raleigh-Durham and Charlotte, North Carolina, Southeast Florida, Dallas and Austin, Texas, and Denver, Colorado. As of June 30, 2026, the Company owned or held a direct or indirect ownership interest in 322 apartment communities containing 99,072 apartment homes in 11 states and the District of Columbia, of which 27 communities were under development and one community was under redevelopment. AvalonBay Communities, Inc. was incorporated in 1978 in Maryland and is based in Arlington, Virginia.",REIT - Residential,United States,https://www.avaloncommunities.com,3011.0,3.84,2026-08-01T08:27:16.653191+00:00,
AXON,212.80646,50.18481,4.2,12.032009,14.259141,33.7,89.8,52.074,736972992.0,62617500.0,3.7479999999999998,6.905,,5.47,4.1450000000000005,1.378,660.87787,25.2,buy,2001-06-19,25.1,2026-08-05,"Axon Enterprise, Inc. provides public safety technology solutions in the United States and internationally. The company operates in two segments, Software and Services, and Connected Devices. The Software and Services segment develops, manufactures, and sells cloud-based software-as-a-service solutions to capture, store, manage, share, and analyze video and other digital evidence. This segment also offers Axon Evidence, Draft One, Axon Records, Axon Standards, Axon Fusus, Axon Assistant, and others. The Connected Devices segment engages in the development, manufacture, and sale of integrated hardware solutions, such as conducted energy devices under the TASER brand, body cameras, fixed and in-car cameras, drone and counter-drone technologies, accessories, extended warranties, and related hardware products, as well as virtual reality training hardware. The company serves first responders across international, federal, state, and local governments, international governmental entities, commercial enterprises, and consumers through direct sales, distribution partners, and third-party resellers. The company was formerly known as TASER International, Inc. and changed its name to Axon Enterprise, Inc. in April 2017. Axon Enterprise, Inc. was incorporated in 1993 and is headquartered in Scottsdale, Arizona.",Aerospace & Defense,United States,https://www.axon.com,5100.0,,2026-08-01T08:27:16.955457+00:00,
BALL,19.032257,14.354659,1.39,3.0847476,1.2643155,16.3,21.9,145.542,733000000.0,403500000.0,9.353,6.8629999999999995,,3.36,0.25600002,0.986,71.14286,9.6,buy,1973-02-21,53.4,2026-08-04,"Ball Corporation supplies aluminum packaging products for the beverage, personal care, and household products industries in the United States, Brazil, and internationally. The company manufactures and sells aluminum beverage containers to fillers of carbonated soft drinks, beer, energy drinks, and other beverages. It manufactures and sells extruded aluminum aerosol containers, recloseable aluminum bottles, aluminum cups, and aluminum slugs. The company was founded in 1880 and is headquartered in Westminster, Colorado.",Packaging & Containers,United States,https://www.ball.com,16000.0,1.22,2026-08-01T08:27:17.255684+00:00,
BAX,,12.7267065,36.68,2.1949992,1.1947539,2.9000000000000004,,161.021,2016999936.0,900875008.0,6.0349997,-9.6999995,,11.26,0.33899999999999997,0.613,24.375,-6.8,hold,1981-10-27,44.8,2026-07-30,"Baxter International Inc., through its subsidiaries, provides a portfolio of healthcare products in the United States. The company operates through three segments: Medical Products & Therapies, Healthcare Systems & Technologies, and Pharmaceuticals. It offers sterile intravenous (IV) solutions; infusion systems and devices; parenteral nutrition therapies; inhaled anesthetics; generic injectable pharmaceuticals; surgical hemostat and sealant products; advanced surgical equipment; smart bed systems; patient monitoring and diagnostic technologies; and respiratory health devices, as well as advanced equipment for the surgical space comprising operating room integration technologies, precision positioning devices, and other accessories. The company also provides specialty injectable pharmaceuticals, inhaled anesthetics, and drug compounding services. Its products are used in hospitals, nursing homes, rehabilitation centers, ambulatory surgery centers, doctors' offices, kidney dialysis centers, and patients at home under physician supervision. The company sells its products through direct sales force, independent distributors, drug wholesalers, and specialty pharmacy or other alternate site providers. It operates in Eastern Europe, the Middle East, Africa, Latin America, Asia, Western Europe, Canada, Japan, Australia, and New Zealand. Baxter International Inc. was incorporated in 1931 and is headquartered in Deerfield, Illinois.",Medical Instruments & Supplies,United States,https://www.baxter.com,37500.0,81.0,2026-08-01T08:27:17.560934+00:00,
TECH,102.98571,35.277016,0.97,5.410943,9.276749,-1.5,128.6,13.922,214114000.0,299849376.0,25.191000000000003,9.049,,8.88,0.306,1.289,69.72727,-3.3,hold,1989-02-09,37.5,2026-05-06,"Bio-Techne Corporation, together with its subsidiaries, develops, manufactures, and sells life science reagents, instruments, and services for the research, diagnostics, and bioprocessing markets worldwide. The company operates through two segments, Protein Sciences, and Diagnostics and Spatial Biology. The Protein Sciences segment develops and manufactures biological reagents used in various aspects of life science research, diagnostics, and cell and gene therapy, such as cytokines and growth factors, antibodies, small molecules, tissue culture sera, and cell selection technologies. This segment also offers proteomic analytical tools for automated western blot and multiplexed ELISA workflow consists of manual and automated protein analysis instruments and immunoassays for use in quantifying proteins in various biological fluids. The Diagnostics and Genomics segment develops and manufactures diagnostic products, including controls, calibrators, and diagnostic assays for regulated diagnostics market, exosome-based molecular diagnostic assays, advanced tissue-based in-situ hybridization assays for spatial genomic and tissue biopsy analysis, and genetic and oncology kits for research and clinical applications; and sells products for genetic carrier screening, oncology diagnostics, molecular controls, and research, as well as instruments and process control products for hematology, blood chemistry and gases, and coagulation controls and reagents used in various diagnostic appl...",Biotechnology,United States,https://www.bio-techne.com,3100.0,44.0,2026-08-01T08:27:17.858833+00:00,
BIIB,36.899998,12.236887,5.06,1.63189,2.9903245,3.4000000000000004,-84.8,44.329,1284999936.0,1266987520.0,25.058000000000003,8.3229996,,4.5300003,0.187,0.158,233.86516,15.2,buy,1991-09-17,34.9,2026-07-29,"Biogen Inc. discovers, develops, manufactures, and delivers therapies in the United States, Europe, Germany, Asia, and internationally. The company provides TECFIDERA, VUMERITY, AVONEX, PLEGRIDY, and TYSABRI for multiple sclerosis (MS); SPINRAZA for spinal muscular atrophy; SKYCLARYS to treat Friedreich's Ataxia; QALSODY for treating amyotrophic lateral sclerosis; FUMADERM to treat plaque psoriasis; BENEPALI, an etanercept biosimilar referencing ENBREL; IMRALDI, an adalimumab biosimilar referencing HUMIRA; FLIXABI, an infliximab biosimilar referencing REMICADE. It offers LEQEMBI for the treatment of Alzheimer's disease; ZURZUVAE for the treatment of postpartum depression; RITUXAN to treat non-Hodgkin's lymphoma, chronic lymphocytic leukemia (CLL), rheumatoid arthritis, two forms of ANCA-associated vasculitis, and pemphigus vulgaris; RITUXAN HYCELA for non-Hodgkin's lymphoma and CLL; GAZYVA to treat CLL and follicular lymphoma; OCREVUS for relapsing MS and primary progressive MS; LUNSUMIO to treat relapsed or refractory follicular lymphoma; glofitamab for aRelapsed or refractory diffuse large B-cell lymphoma; and other anti-CD20 therapies. Biogen Inc. has collaboration and license agreements with Merz Therapeutics; Alkermes Pharma Ireland Limited; Denali Therapeutics Inc.; UCB; Eisai Co., Ltd.; Genentech, Inc.; Neurimmune SubOne AG; Ionis Pharmaceuticals, Inc.; Samsung Bioepis; and Sage Therapeutics, Inc., as well as collaborations with Stoke Therapeutics, Inc. for the deve...",Drug Manufacturers - General,United States,https://www.biogen.com,7500.0,,2026-08-01T08:27:18.160168+00:00,
XYZ,64.47619,16.018614,0.87,2.2028794,1.975286,4.9,,37.514,7320968192.0,-794561728.0,-2.632,3.2969999999999997,,3.46,1.254,2.541,93.225,14.8,buy,2015-11-19,10.7,2026-08-05,"Block, Inc., together with its subsidiaries, builds ecosystems focused on commerce and financial products and services in the United States and internationally. It operates through two segments: Square and Cash App. The Square segment offers managed payment services; software solutions; hardware products, such as registers, terminals, stands, and readers for contactless and chips; banking services consisting of lending, instant transfer, and checking and savings accounts; and full-service setup and support services. This segment also provides loyalty, marketing, team management, and payroll services; and gift cards. It also offers Square Handheld, a portable point-of sale device for transaction purposes. The Cash App segment offers financial tools, including peer-to-peer payments, bitcoin, and stock investment brokerage; Cash App Card, a debit card; Cash App Pay, mobile-friendly way for cash app customers to pay at merchants across online and in-person channels; direct deposit, stock brokerage, and tax preparation services; and Afterpay, a buy now, pay later platform. In addition, the company operates TIDAL, a platform for musicians and fans; TBD, an open developer platform focused on making the decentralized financial world accessible; Bitkey, a self-custody bitcoin wallet; and proto. The company was formerly known as Square, Inc. and changed its name to Block, Inc. in December 2021. Block, Inc. was incorporated in 2009 and is based in Oakland, California.",Software - Infrastructure,United States,https://www.block.xyz,10205.0,,2026-08-01T08:27:18.462590+00:00,
BRO,22.636658,14.613602,1.51,1.8733869,3.5354302,32.4,7.1,63.975,918000000.0,1642749952.0,41.838002,18.084998,,7.290000000000001,13.28,0.599,75.625,7.4,hold,1981-02-11,45.5,2026-07-27,"Brown & Brown, Inc. markets and sells insurance products and services in the United States, the United Kingdom, and internationally. It operates through Retail and Specialty Distribution segments. The Retail segment provides property and casualty insurance products, employee benefits insurance products, personal insurance products, specialties insurance products, risk management strategies, loss control surveys and analysis, consulting, and claims processing services. This segment also offers non-insurance services and products through automobile and recreational vehicle dealer services businesses. It serves commercial, public and quasi-public entities, professionals, and individual customers. The Specialty Distribution segment comprises wholesale brokerage and specialty businesses. This segment offers professional liability and related package insurance products for dentistry, legal, eyecare, financial services, physicians, and real estate title professionals, as well as supplementary insurance products related to weddings, events, medical facilities, and cyber liabilities. This segment also provides public entity-related and specialty programs through a network of independent agents, as well as program management services for insurance carrier partners. In addition, the company's wholesale brokerage businesses underwrite and place excess and surplus commercial and personal lines insurance through independent agents and brokers. Its program businesses operate under the Ar...",Insurance Brokers,United States,https://www.bbrown.com,22888.0,93.0,2026-08-01T08:27:18.770656+00:00,
BF-B,18.777779,16.879248,2.22,3.2781835,3.356204,2.0,-62.7,64.95,308000000.0,739625024.0,23.246,18.202999000000002,,12.540000000000001,2.8010001,0.344,27.67059,-3.7,hold,1980-03-17,46.4,2026-06-04,"Brown-Forman Corporation, together with its subsidiaries, manufactures, distills, bottles, imports, exports, markets, and sells a variety of alcohol beverages. The company provides spirits, wines, whiskey spirits, whiskey-based flavored liqueurs, ready-to-drink cocktails, ready-to-pour products, vodkas, tequilas, gin, brandy, rum, bourbons, and liqueurs. The company offers its products primarily under the Jack Daniel's, Woodford Reserve, Old Forester, Gentleman Jack, Herradura, el Jimador, Fords Gin, The Glendronach, Chambord, Coopers' Craft, Diplomático, Benriach, Glenglassaugh, and Slane brands. It is also involved in the sale of used barrels, and bulk whiskey and wine; and provision of contract bottling services. The company serves retail customers and consumers through distributors and state governments; and retailers, wholesalers, and provincial governments directly. It operates in the United States, Germany, Australia, the United Kingdom, Canada, Spain, France, Mexico, Poland, Brazil, Türkiye, and internationally. Brown-Forman Corporation was founded in 1870 and is headquartered in Louisville, Kentucky.",Beverages - Wineries & Distilleries,United States,https://www.brown-forman.com,4900.0,3.2,2026-08-01T08:27:19.075066+00:00,
BLDR,72.21739,14.040219,2.02,1.7840073,0.49476472,-8.799999999999999,,130.786,65651000.0,464577120.0,3.3269998000000003,0.70999996,,7.99,2.702,1.418,91.55,37.8,buy,2005-06-28,21.1,2026-07-30,"Builders FirstSource, Inc., together with its subsidiaries, provides building materials for professional builders in new residential construction and repair, and remodeling in the United States. It offers manufactured products, such as factory-built substitutes for job-site framing, wood floor and roof trusses, wall panels, and engineered wood; Ready-Frame, a whole house framing solution; manufactured and semi-custom modular homes, and built in a temperature-controlled facility under its Pine Grove Homes and Pleasant Valley Homes brand names; manufactured housing plans including ranch, community, and single-section homes; manufacturing, assembly, and distribution of windows; and the assembly and distribution of interior and exterior door units. The company also provides millwork, including interior trim and custom features under the Synboard brand name; specialty building products and services comprising vinyl, composite and wood siding, exterior trim, metal studs, cement, roofing, insulation, wallboard, ceilings, cabinets, and hardware; turn-key framing, shell construction, design assistance, and professional installation of products. In addition, it offers drafting, estimating, quoting, and virtual home design services to retailers, distributors, manufacturers, and homebuilders; dimensional lumber, plywood, and oriented strand board products used in on-site house framing. The company was formerly known as BSL Holdings, Inc. and changed its name to Builders FirstSource, I...",Building Products & Equipment,United States,https://www.bldr.com,28000.0,,2026-08-01T08:27:20.873318+00:00,
BG,22.602129,9.432949,1.37,1.2918643,0.22227225,88.3,33.0,97.995,788000000.0,-6475375104.0,4.617,1.097,,4.7,18.367,0.639,141.22221,32.9,buy,2001-08-02,25.0,2026-07-29,"Bunge Global SA operates as an agribusiness and food company worldwide. It operates through four segments: Soybean Processing and Refining, Softseed Processing and Refining, Other Oilseeds Processing and Refining, and Grain Merchandising and Milling. The Soybean Processing and Refining segment is involved in the purchase, storage, transportation, processing, distribution, refining, marketing, and sale of soybeans and soybean related products, as well as biodiesel and fertilizer production and distribution for the food, animal feed and biofuel industries. The Softseed Processing and Refining segment is involved in the purchase, storage, transportation, processing, distribution, refining, marketing, and sale of softseeds and softseed related products, as well as biodiesel production and distribution. The Other Oilseeds Processing and Refining Segment is involved in products of a specialty nature, including the purchase, storage, transportation, processing, distribution, refining, marketing, and sale of these related products. The Grain Merchandising and Milling segment is involved in the purchase, storage, transportation, distribution, and marketing of commodities primarily consisting of corn, wheat, barley, cotton, pulses, and sugar; milling of wheat and sugar; and related services including ocean freight and financial services. Bunge Global SA was founded in 1818 and is headquartered in Chesterfield, Missouri.",Farm Products,United States,https://www.bunge.com,34000.0,2.74,2026-08-01T08:27:21.184715+00:00,
BXP,38.527473,33.518806,3.34,2.169823,3.8763344,3.8,-23.200000000000003,211.631,493948992.0,,28.839,9.202,,9.21,0.374,1.039,73.6,5.0,buy,1997-06-18,29.1,2026-07-28,"BXP, Inc. is the largest publicly traded developer, owner, and manager of premier workplaces in the United States. It is concentrated in six dynamic gateway markets - Boston, Los Angeles, New York, San Francisco, Seattle, and Washington, DC. BXP has delivered places that power progress for our clients and communities for more than 55 years. BXP is a fully integrated real estate company, organized as a real estate investment trust (REIT). As of June 30, 2026, including properties owned by joint ventures, BXP's portfolio totals 51.1 million square feet and 164 properties, including six properties under construction/redevelopment. BXP's portfolio consists of 143 office properties, 13 retail properties, seven residential properties (including four residential properties under construction) and one hotel. BXP is well known for its in-house building management expertise and responsiveness to clients' needs. BXP holds a superior track record of developing premium Central Business District (CBD) office buildings, successful mixed-use complexes, suburban office centers and build-to-suit projects for a diverse array of creditworthy clients. BXP actively works to promote its growth and operations in a sustainable and responsible manner. BXP, Inc. was incorporated in 1970 in Delaware and is based in Massachusetts, Boston.",REIT - Office,United States,https://www.bxp.com,826.0,3.91,2026-08-01T08:27:21.485687+00:00,
CHRW,28.192749,19.670006,2.45,9.479594,1.024527,19.3,23.799999999999997,121.188,154590000.0,485151488.0,5.335,3.726,,7.26,0.34400001,0.915,199.8,35.2,buy,1997-10-16,28.8,2026-07-29,"C.H. Robinson Worldwide, Inc., together with its subsidiaries, provides freight transportation and related logistics and supply chain services in the United States and internationally. It operates in two segments, North American Surface Transportation and Global Forwarding. The company offers transportation and logistics services, such as truckload; less than truckload transportation brokerage services, which include the shipment of single or multiple pallets of freight; intermodal transportation that comprises the shipment service of freight in containers or trailers by a combination of truck and rail; and non-vessel operating common carrier and freight forwarding services, as well as organizes indirect air carrier and freight forwarder providing door-to-door services. It also provides customs brokerage services; and other logistics services, such as fee-based managed, warehousing, supply chain consulting and optimization services, and other services. In addition, the company is involved in the buying, selling, and/or marketing of fresh fruits, vegetables, and other value-added perishable items under the Robinson Fresh trade name. Further, the company offers transportation management and other surface transportation services. It provides fresh produce to grocery retailers, restaurants, produce wholesalers. C.H. Robinson Worldwide, Inc. was founded in 1905 and is headquartered in Eden Prairie, Minnesota.",Integrated Freight & Logistics,United States,https://www.chrobinson.com,11388.0,1.71,2026-08-01T08:27:21.784181+00:00,
CCL,12.527026,10.542796,1.12,2.9422345,1.394674,5.3,-6.5,201.556,2243000064.0,1899374976.0,12.787,11.237001000000001,,2.6500002,7.106,2.322,35.548,27.8,buy,1987-07-24,39.0,2026-06-23,"Carnival Corporation Ltd., a cruise company, provides leisure travel services. The company operates through four segments: North America Cruise Operations, Europe Cruise Operations, Cruise Support, and Tour and Other. It operates port destinations and islands, as well as owns and operates hotels, lodges, glass-domed railcars, and motorcoaches. The company offers its services under the AIDA Cruises, Carnival Cruise Line, Costa Cruises, Cunard, Holland America Line, P&O Cruises (Australia), P&O Cruises (UK), Princess Cruises, and Seabourn brands. It sells its cruises through travel agents, tour operators, vacation planners, websites, and onboard future cruise consultants. Carnival Corporation Ltd. was founded in 1972 and is headquartered in Miami, Florida.",Travel Services,United States,https://www.carnivalcorp.com,160000.0,1.62,2026-08-01T08:27:22.090120+00:00,
CASY,45.45929,36.883854,3.74,8.134105,1.8353792,14.499999999999998,66.0,73.514,522991008.0,550939648.0,5.351,4.0680000000000005,,4.02,0.56800004,0.619,957.3889,9.9,buy,1983-10-20,42.8,2026-06-09,"Casey's General Stores, Inc., together with its subsidiaries, operates convenience stores under the Casey's and Casey's General Store names in the United States. Its stores offer pizza, donuts, hot breakfast items, and sandwiches; and beverages, tobacco and nicotine products. The company's stores also provide soft drinks, energy, water, sports drinks, juices, coffee, and tea and dairy products; beer, wine, and spirits; snacks, candy, packaged bakery, and other food items; ice, ice cream, meals, and appetizers; health and beauty aids, automotive products, electronic accessories, and housewares. In addition, its stores offer motor fuel for sale on a self-service basis; gasoline and diesel fuel; and ATM, lotto/lottery, and prepaid cards, as well as car wash services. The company also operates distribution centers. Casey's General Stores, Inc. was founded in 1959 and is headquartered in Ankeny, Iowa.",Specialty Retail,United States,https://www.caseys.com,23490.0,30.0,2026-08-01T08:27:22.438499+00:00,
CBOE,25.263031,20.460024,2.8,6.043128,6.7751975,6.5,54.400000000000006,29.489,2136199936.0,1003075008.0,39.723000000000006,25.774,,2.98,0.254,0.443,312.42856,0.7,hold,2010-06-15,16.1,2026-07-31,"Cboe Global Markets, Inc., through its subsidiaries, operates as a derivatives and securities exchange network that delivers trading, clearing, and investment solutions in the United States and internationally. It operates through five segments: Options, North American Equities, Europe and Asia Pacific, Futures, and Global FX. The Options segment includes options on market indices, stocks of individual corporations, and exchange-traded products (ETPs), such as exchange-traded funds (ETFs) and exchange-traded notes (ETNs). This segment also offers trading in listed options through a single system. The North American Equities segment comprises U.S. equities and ETP transaction services. This segment also includes listing services on Cboe Canada, ETP listings on BZX, the Cboe Global Markets, Inc. common stock listing, and applicable market data. The Europe and Asia Pacific segment provides pan-European derivatives transaction services; ETPs, including exchange-traded funds, exchange-traded notes, and exchange-traded commodities; international depository receipts; and an ETP listings business on regulated markets and clearing activities, as well as equities services. The Futures segment offers transaction services, including trading in VIX futures and other futures products, the licensing of proprietary market data, and access and capacity services. The Global FX segment provides institutional foreign exchange (FX) trading and non-deliverable forward FX transaction services. T...",Financial Data & Stock Exchanges,United States,https://www.cboe.com,1661.0,97.0,2026-08-01T08:27:22.745452+00:00,
CBRE,34.221443,16.209866,1.05,5.0669565,0.97258234,15.5,-4.2,117.789,1488999936.0,1637624960.0,3.608,2.9760001000000003,,1.8499999999999999,0.50999997,1.205,180.41667,22.9,buy,2004-06-10,22.1,2026-07-29,"CBRE Group, Inc. operates as a commercial real estate services and investment company in the United States, the United Kingdom, and internationally. The company operates through Advisory Services, Building Operations and Experience, Project Management, and Real Estate Investments segments. The Advisory Services segment offers strategic advice and execution to owners, investors, and occupiers of real estate in connection with leasing of offices, and industrial and retail space; clients fully integrated property sales services under the CBRE Capital Markets brand; clients commercial mortgage and structured financing services; originates and sells commercial mortgage loans; property management services, such as marketing, building engineering, lease administration, accounting, investment reporting services, financial services on a contractual basis for owners of and investors in office, industrial, and retail properties; and valuation services that include market value appraisals, litigation support, discounted cash flow analyses, and feasibility studies, as well as consulting services, such as property condition reports, hotel advisory, and environmental consulting. The Global Workplace Solutions segment provides facilities management, and project management services comprising building consulting, program, and project and cost management services under the Turner & Townsend brand name. The Real Estate Investments segment offers investment management services under the CBRE ...",Real Estate Services,United States,https://www.cbre.com,155000.0,,2026-08-01T08:27:23.051151+00:00,
CNC,,12.049033,1.19,1.3622929,0.1704697,4.6,,71.082,27057000448.0,9639624704.0,3.7600000000000002,-2.8289999999999997,,3.1199999999999997,0.38899999999999996,1.077,70.66667,13.6,buy,2001-12-13,24.6,2026-10-27,"Centene Corporation operates as a managed care company that provides programs and services to under-insured families, and commercial organizations in the United States. It operates through four segments: Medicaid, Medicare, Commercial, and Other. The Medicaid segment offers the temporary assistance for needy families; medicaid expansion; aged, blind, or disabled; and children's health insurance programs, as well as long-term services and supports; foster care; and medicare-medicaid plans. This segment also provides healthcare products and services. The Medicare segment offers special needs and medicare supplement, and prescription drug plans. The Commercial segment provides health insurance marketplace product for individual and commercial group. The Other segment operates clinical healthcare and pharmacies, as well as offers vision and dental, behavioral health, and centralized services. It provides services through primary and specialty care physicians, hospitals, behavioral health practitioners, and ancillary providers. The company was founded in 1984 and is headquartered in Saint Louis, Missouri.",Healthcare Plans,United States,https://www.centene.com,61100.0,,2026-08-01T08:27:23.345109+00:00,
CNP,25.023811,20.124847,2.03,2.460926,2.8786488,10.7,23.3,210.256,453000000.0,-5191875072.0,24.489,11.611,,8.77,0.23500000000000001,0.454,46.5,10.6,buy,,,2026-07-28,"CenterPoint Energy, Inc. operates as a public utility holding company in the United States. The company operates through Electric; Natural Gas; and Corporate and Other segments. The Electric segment provides electric transmission and distribution services to electric customers and electric generation assets, as well as optimizes assets in the wholesale power market in Indiana Electric's service territory. The Natural Gas segment engages in the intrastate natural gas sales, and natural gas transportation and distribution for residential, commercial, and industrial customers in Indiana, Minnesota, Ohio, and Texas; permanent pipeline connections through interconnects with various interstate and intrastate pipeline companies; and provides home appliance maintenance and repair services to customers in Minnesota and home repair protection plans to natural gas customers in Indiana, Mississippi, Ohio, and Texas through a third party. As of December 31, 2025, it served approximately 2,859,313 metered customers; owned 355 substations with transformer capacity of 81,692 megavolt amperes; and owned and operated approximately 208 miles of intrastate pipeline in Louisiana and Texas. The company was founded in 1866 and is headquartered in Houston, Texas.",Utilities - Regulated Electric,United States,https://www.centerpointenergy.com,8794.0,2.28,2026-08-01T08:27:23.641373+00:00,
CF,11.3294115,11.112078,3.81,3.5998964,2.5965776,19.400000000000002,115.10000000000001,43.847,2042000000.0,1076375040.0,33.585,23.733999,,7.19,0.438,0.39,125.24842,0.0,hold,2005-08-11,21.0,2026-08-05,"CF Industries Holdings, Inc., together with its subsidiaries, engages in the production of ammonia in North America, Europe, and internationally. It operates through Ammonia, Granular Urea, UAN, AN, and Other segments. The company offers ammonia products; nitrogen products, such as granular urea, urea ammonium nitrate solution, and ammonium nitrate; diesel exhaust fluid, urea liquor, and nitric acid products. It serves cooperatives, retailers, independent fertilizer distributors, traders, wholesalers, and industrial users. The company was founded in 1946 and is headquartered in Northbrook, Illinois.",Agricultural Inputs,United States,https://www.cfindustries.com,2900.0,1.91,2026-08-01T08:27:23.939956+00:00,
CHTR,3.7725735,3.286581,0.91,1.0201095,0.35921833,-1.7000000000000002,16.1,441.578,509000000.0,2198374912.0,23.503,9.052,,45.470002,35.461,0.704,184.41176,27.2,hold,2010-01-05,16.6,2026-07-24,"Charter Communications, Inc. operates as a broadband connectivity company in the United States. The company offers subscription-based internet, mobile, video, and voice services; broadband connectivity services, including fixed internet, WiFi, and mobile; Spectrum internet products; advanced WiFi services; and in-home WiFi, which provides customers with high performance wireless routers and managed WiFi services to enhance their wireless internet experience. It also offers wireline voice communications services using voice over internet protocol technology; Call Guard, an advanced caller ID and robocall blocking solution; video programming and video services, including access to an interactive programming guide with parental controls, video on demand and pay-per-view services; and broadband communications solutions, such as internet access, data networking, fiber connectivity, video entertainment, and business telephone services. In addition, the company provides advertising services on cable television networks, various streaming services, and advertising platforms for local, regional and national businesses. Further, it offers production and technical services for regional sports networks; owns and manages local news channels, including Spectrum News NY1® and Spectrum News SoCal; and delivers broadband connectivity solutions to apartments, single-family gated communities, off-campus student housing, senior residences, and RV parks. The company was founded in 1993 and is ...",Telecom Services,United States,https://corporate.charter.com,91900.0,,2026-08-01T08:27:24.241472+00:00,
CMG,34.462963,27.244646,1.84,21.45245,3.7982812,9.3,-1.3,246.35,677857024.0,1129060608.0,16.535,11.4250004,,4.4699997,0.72000003,0.964,44.04839,18.3,buy,2006-01-26,20.5,2026-07-29,"Chipotle Mexican Grill, Inc., together with its subsidiaries, owns and operates Chipotle Mexican Grill restaurants. The company sells food and beverages, such as burritos, burrito bowls, quesadillas, tacos, and salads, as well as kids' meals, chips, and sides. It also offers Mexican-inspired meals using responsibly sourced meats, such as chicken, beef, and pork under the Responsibly Raised brand. In addition, the company provides digital ordering through its website, mobile app, and third-party delivery platforms. It operates in the United States, Canada, France, Germany, and the United Kingdom. Chipotle Mexican Grill, Inc. was founded in 1993 and is headquartered in Newport Beach, California.",Restaurants,United States,https://www.chipotle.com,140000.0,,2026-08-01T08:27:24.543490+00:00,
CINF,8.385087,19.52534,2.19,1.6349365,1.9542768,31.6,85.5,5.255,1892000000.0,2984875008.0,37.202,23.843001,,2.5700000000000003,1.727,0.553,192.66667,8.4,buy,1980-03-17,46.4,2026-07-27,"Cincinnati Financial Corporation provides property casualty insurance products in the United States. The company operates through five segments: Commercial Lines Insurance, Personal Lines Insurance, Excess and Surplus Lines Insurance, Life Insurance, and Investments. The Commercial Lines Insurance segment offers coverage for commercial casualty and property, commercial auto, and workers' compensation. This segment also provides contract and commercial surety bonds, and fidelity bonds; management liability; and machinery and equipment insurance products. The Personal Lines Insurance segment offers personal auto; homeowner; and other personal lines insurance, such as dwelling fire, inland marine, personal umbrella liability, and watercraft coverages. The Excess and Surplus Lines Insurance segment offers commercial casualty insurance that covers businesses for third-party liability from accidents occurring on their premises or arising out of their operations, such as injuries sustained from products, as well as other coverages comprising miscellaneous errors and omissions, professional liability, and excess liability; and commercial property insurance, which insures buildings, inventory, equipment, and business income from loss or damage due to various causes, such as fire, wind, hail, water, theft, and vandalism. The Life Insurance segment provides term life insurance; universal life insurance; and worksite and whole life insurance products, as well as annuities. The Investm...",Insurance - Property & Casualty,United States,https://www.cinfin.com,5705.0,2.12,2026-08-01T08:27:24.844595+00:00,
CFG,15.610022,11.00513,1.65,1.2580991,3.7109246,14.7,41.3,,13866999808.0,,35.132998,26.051000000000002,,0.01,0.6910000000000001,0.998,80.58824,12.5,buy,2014-09-24,11.8,2026-10-16,"Citizens Financial Group, Inc. operates as the bank holding company that provides retail and commercial banking products and services to individuals, small businesses, middle-market companies, large corporations, and institutions in the United States. The company operates through two segments, Consumer Banking and Commercial Banking. The Consumer Banking segment offers deposit products, mortgage and home equity lending products, credit cards, business loans, and wealth management services; and education and point-of-sale finance loans, as well as digital deposit products. This segment serves its customers through telephone service centers, as well as through its online and mobile platforms. The Commercial Banking segment provides various financial products and solutions, including lending and leasing, deposit and treasury management services, foreign exchange, and interest rate and commodity risk management solutions, as well as syndicated loans, corporate finance, mergers and acquisitions, and debt and equity capital markets services. The company serves customers and small businesses, high- and ultra-high-net-worth individuals and families, as well as investors, entrepreneurs, and companies and institutions, as well as multifamily, office, industrial, retail, healthcare, and hospitality sectors. The company was formerly known as RBS Citizens Financial Group, Inc. and changed its name to Citizens Financial Group, Inc. in April 2014. Citizens Financial Group, Inc. was found...",Banks - Regional,United States,https://www.citizensbank.com,17727.0,2.57,2026-08-01T08:27:25.149122+00:00,
CMS,21.749245,17.310572,2.87,2.3639708,2.5614908,-0.5,-43.9,185.604,241000000.0,-2198874880.0,17.167999000000002,11.642,,0.0,0.542,0.342,80.61538,12.0,buy,1973-02-21,53.4,2026-07-28,"CMS Energy Corporation operates as an energy company primarily in Michigan. The company operates through three segments: Electric Utility; Gas Utility; and NorthStar Clean Energy. The Electric Utility segment is involved in the generation, purchase, distribution, and sale of electricity. This segment generates electricity through coal, wind, gas, renewable energy, oil, and nuclear sources. Its distribution system comprises 263 miles of high-voltage distribution overhead lines; 4 miles of high-voltage distribution underground lines; 4,619 miles of high-voltage distribution overhead lines; 18 miles of high-voltage distribution underground lines; 82,854 miles of electric distribution overhead lines; 10,027 miles of underground distribution lines; and 1,102 substations. The Gas Utility segment engages in the purchase, transmission, storage, distribution, and sale of natural gas, which includes 2,337 miles of transmission lines; 14 gas storage fields; 28,433 miles of distribution mains; and 8 compressor stations. The NorthStar Clean Energy segment is involved in the independent power production and marketing, including the development and operation of renewable generation. The company serves 1.9 million electric and 1.8 million gas customers, including residential, commercial, and diversified industrial customers. The company was incorporated in 1987 and is headquartered in Jackson, Michigan.",Utilities - Regulated Electric,United States,https://www.cmsenergy.com,8350.0,3.16,2026-08-01T08:27:25.454766+00:00,
CTSH,11.877683,8.79272,0.91,1.7299037,1.1520233,4.5,3.8,14.479,1051000000.0,2215500032.0,17.479,10.258000000000001,,12.0799996,0.12800001,0.859,63.102,14.0,buy,1998-06-19,28.1,2026-07-29,"Cognizant Technology Solutions Corporation, a professional services company, provides consulting and technology, and outsourcing services in North America, Europe, and internationally. It operates through four segments: Financial Services; Health Sciences; Products and Resources; and Communications, Media and Technology. The company provides services including artificial intelligence (AI) and other technology services and solutions, consulting, application development, systems integration, quality engineering and assurance, engineering research and development, application maintenance, infrastructure, security, and business process services and automation. It also offers AI-led automation, which includes advisory, and process and IT automation solutions designed to simplify and accelerate automation adoption; business process outsourcing services, which help deliver business outcomes including revenue growth, increased customer and employee satisfaction, and cost savings; and Cognizant Moment, a digital experience service that uses AI to reimagine customer experiences and engineer strategies aimed at driving growth. In addition, the company develops, licenses, implements, and supports proprietary and third-party software products and platforms; and develops industry-specific products and services. It offers solution to healthcare providers and payers, life sciences companies, banking, capital markets, payments and insurance companies, manufacturers, automakers, retailers, ...",Information Technology Services,United States,https://www.cognizant.com,356700.0,2.38,2026-08-01T08:27:25.760013+00:00,
COIN,,41.01123,1.54,2.8579245,6.26485,-14.099999999999998,,49.569,8788842496.0,2270220544.0,-5.006,-16.036,,11.41,1.3150001,,214.93774,47.0,buy,2021-04-14,5.3,2026-07-30,"Coinbase Global, Inc. operates platform for crypto assets in the United States and internationally. It provides the primary financial account in the crypto economy for consumers; a brokerage platform with a pool of liquidity across the crypto marketplace for institutions; and a suite of products granting access to build onchain for developers. The company was founded in 2012 and is based in New York, New York.",Financial Data & Stock Exchanges,United States,https://www.coinbase.com,4951.0,,2026-08-01T08:27:26.063520+00:00,
STZ,12.426527,10.50925,1.68,2.7048414,2.4560657,-3.3000000000000003,30.7,123.205,96600000.0,2210487552.0,35.931000000000004,20.143999,,5.510000000000001,12.933,0.382,170.8261,31.2,buy,1992-03-17,34.4,2026-06-30,"Constellation Brands, Inc., together with its subsidiaries, produces, imports, markets, and sells beer, wine, and spirits in the United States, Canada, Mexico, New Zealand, and Italy. It offers beer under the Corona Extra, Corona Familiar, Corona Sunbrew, Corona Light, Corona Non-Alcoholic, Corona Premier, Modelo Especial, Modelo Chelada, Modelo Negra, Modelo Spiked Aguas Frescas, Modelo Oro, Modelo Noche Especial, Victoria, Vicky Chamoy, and Pacifico brand names. The company also offers wine under the Sea Smoke, Schrader Cellars, Kim Crawford, Mount Veeder, Ruffino, My Favorite Neighbor, Robert Mondavi Winery, and The Prisoner Wine Company brand names; and spirits under the Casa Noble, High West, Mi CAMPO, and Nelson's Green Brier brand names. It provides its products to wholesale distributors, retailers, and state alcohol beverage control agencies. Constellation Brands, Inc. was founded in 1945 and is headquartered in Rochester, New York.",Beverages - Brewers,United States,https://www.cbrands.com,9400.0,3.16,2026-08-01T08:27:26.370372+00:00,
CPRT,18.314466,17.303156,3.7,3.0727024,5.811684,2.1,2.3,1.059,4199712000.0,999977152.0,37.530997,33.481997,,5.11,9.0100005,1.023,40.3,38.4,buy,1994-03-17,32.4,2026-05-21,"Copart, Inc. provides online auctions and vehicle remarketing services in the United States, the United Kingdom, Germany, Brazil, Canada, the United Arab Emirates, Spain, Finland, Oman, the Republic of Ireland, and Bahrain. It offers a range of services to process and sell vehicles over the internet through its virtual bidding third generation internet auction-style sales technology. The company's services include online seller access, salvage estimation, estimating, end-of-life vehicle processing, transportation, vehicle inspection stations, on-demand reporting, title processing and express, loan payoff, flexible vehicle processing programs, buy it now, sales process, and dealer services. Its services also comprise services to sell vehicles through BluCar, CashForCars.com, CashForCars.ca, CashForCars.de, CashForCars.co.uk, and Cash-for-cars.ie; Copart Recycling service, which allows the public to purchase parts from salvaged and end-of-life vehicles; and copart 360, a proprietary technology that captures clear 360-degree views of interiors and exteriors of cars, trucks, and vans. In addition, it provides IntelliSeller, an automated tool leveraging its vehicle and sales data to assist its sellers in making vital auction decisions; Purple Wave Inc., that offers wholesale construction, agriculture, and fleet remarketing services through no-reserve online auctions; wholesale powersport vehicle remarketing services through live and online auction platforms. The company sells i...",Specialty Business Services,United States,https://www.copart.com,13800.0,,2026-08-01T08:27:26.736045+00:00,
CPAY,23.370642,12.489781,0.94,7.199299,5.2209215,25.4,49.1,271.343,2553312000.0,2095142784.0,41.404,24.596999999999998,,3.9600000000000004,3.907,0.881,396.2143,3.7,buy,2010-12-15,15.6,2026-08-05,"Corpay, Inc. operates as a payments company that helps businesses and consumers to manage and pay their expenses.
It operates through Corporate Payments, Vehicle Payments, Lodging Payments, and Other segments. The company offers vehicle payment solutions for fuel, tolls and parking, vehicle compliance, auto insurance and road assistance, fleet maintenance, and long-haul transportation services, as well as prepaid food and transportation vouchers and cards. It also provides corporate payment solutions, such as cross-border payments, spend management solutions, AP modernization, virtual cards, and purchasing and T&E cards. Additionally, it offers lodging payments solutions for employees who travel overnight for work purposes; traveling crews and stranded passengers from airlines and cruise lines; workforce lodging solutions for business travel programs; airline logistics, crew management, insurance, and other payments solutions. Further, the company offers gifts and payroll cards. It serves business, merchant, consumer, and payment network customers. The company was formerly known as FLEETCOR Technologies, Inc. and changed its name to Corpay, Inc. in June 2002. Corpay, Inc. was founded in 1986 and is headquartered in Atlanta, Georgia.",Software - Infrastructure,United States,https://www.corpay.com,11800.0,,2026-08-01T08:27:27.033672+00:00,
CSGP,159.77777,16.752195,0.12,1.4677215,3.2771325,18.4,1261.0,14.537,1266000000.0,412700000.0,8.2159996,2.081,,4.03,1.2200001,0.735,37.2,29.3,buy,1998-07-01,28.1,2026-07-28,"CoStar Group, Inc. provides information, analytics, and online marketplace services to real estate and related business communities in the United States, Australia, Canada, Europe, the Asia Pacific, and Latin America. It offers CoStar Property that provides inventory of office, industrial, retail, multifamily, hospitality, and student housing, and land properties; CoStar Leasing, a data on lease transactions and tools to manage user-entered lease data; CoStar Sales, a database of commercial real estate sales transactions; CoStar Owners provides detailed portfolio information; CoStar Markets to view and report on market and submarket trends; and CoStar Tenant that provides tenant information. The company also provides hospitality benchmarking that allows hotels to measure performance against competitors; Debt Solutions, a tool for lenders to manage loan portfolios and risk; and real estate and lease management technology solutions, such as lease administration, lease accounting, and transaction management services. In addition, it offers Apartamentos.com, an apartment marketing sites; LoopNet.com, a commercial property marketing sites; Homes.com, a home for sale listings site; Ten-X, an online auction platform for commercial real estate; Land.com, a marketplace for rural land sales; and BizBuySell.com, a marketplace for operating businesses and franchises for sale. It serves sales, leasing, and mortgage brokers; property, real estate investment trust, insurance companies, a...",Real Estate Services,United States,https://www.costargroup.com,8441.0,,2026-08-01T08:27:27.330203+00:00,
CCI,31.270493,26.251505,0.96,-9.940073,8.013243,-4.9,-67.5,,1042000000.0,1036249984.0,46.825,20.716,,3.2800000000000002,0.099,0.972,95.47,25.1,buy,1998-08-18,28.0,,"Crown Castle Inc. owns, operates and leases approximately 40,000 cell towers across the U.S. This nationwide portfolio serves as the foundation of wireless connectivity that provides cities and communities access to essential data, technology and wireless service  bringing information, ideas, innovations and the connectivity of modern life to help people and businesses thrive. Crown Castle Inc. was incorporated in 1994 and is based in Houston, United States.",REIT - Specialty,United States,https://www.crowncastle.com,1500.0,5.55,2026-08-01T08:27:27.632186+00:00,
DRI,19.842106,16.435463,1.89,10.520387,1.7649845,13.700000000000001,36.0,364.507,219500000.0,790974976.0,14.142,9.134,,6.78,0.32600001,0.585,228.54167,12.3,buy,1995-05-09,31.2,2026-09-24,"Darden Restaurants, Inc., together with its subsidiaries, owns and operates full-service restaurants in the United States and Canada. The company operates under Olive Garden, LongHorn Steakhouse, Cheddar's Scratch Kitchen, Chuy's, Yard House, Ruth's Chris Steak House, The Capital Grille, Seasons 52, Eddie V's Prime Seafood, Bahama Breeze, The Capital Burger, Darden and Darden Restaurants brand names. Darden Restaurants, Inc. was founded in 1938 and is based in Orlando, Florida.",Restaurants,United States,https://www.darden.com,209931.0,2.96,2026-08-01T08:27:27.929226+00:00,
DVA,22.997128,13.941149,0.75,-21.032852,1.1138474,6.0,43.5,1261.331,666545984.0,999662976.0,13.864,5.6479998,,13.700000000000001,46.897998,0.882,208.57143,-13.1,hold,1995-10-31,30.7,2026-08-04,"DaVita Inc. provides kidney dialysis services for patients suffering from chronic kidney failure in the United States. The company operates kidney dialysis centers and provides related lab services in outpatient dialysis centers. It also offers outpatient, hospital inpatient, and home-based hemodialysis dialysis services; operates clinical laboratories that provide routine laboratory tests for dialysis and other physician-prescribed laboratory tests for ESRD patients; and management and administrative services to outpatient dialysis centers. In addition, the company offers integrated care and disease management services to patients in risk-based and other integrated care arrangements; clinical research programs; physician services; and comprehensive kidney care services. Further, it engages in the transplant software business. The company was formerly known as DaVita HealthCare Partners Inc. and changed its name to DaVita Inc. in September 2016. DaVita Inc. was incorporated in 1994 and is headquartered in Denver, Colorado.",Medical Care Facilities,United States,https://www.davita.com,78000.0,,2026-08-01T08:27:28.234301+00:00,
DECK,13.780938,11.58429,1.28,5.8196673,2.3869383,5.7,1.0999999999999999,20.521,1602589056.0,,15.232999999999999,18.361,,5.9899997,0.602,1.167,122.80952,26.8,buy,1993-10-15,32.8,2026-07-23,"Deckers Outdoor Corporation, together with its subsidiaries, designs, markets, and distributes footwear, apparel, and accessories for casual lifestyle use and high-performance activities in the United States and internationally. The company offers footwear, apparel, and accessories under the UGG brand; footwear, such as running, trail, hiking, fitness, and lifestyle shoes, as well as apparel and accessories under the HOKA brand; and sandals, shoes, and boots under the Teva brand name. It also provides a casual footwear fashion line under the Koolaburra brand name; and footwear products under the AHNU brand name. The company sells its products through domestic and international retailers, international distributors, and directly to its consumers through its direct-to-consumer business, which includes e-commerce websites and retail stores. Deckers Outdoor Corporation was founded in 1973 and is headquartered in Goleta, California.",Footwear & Accessories,United States,https://www.deckers.com,6000.0,,2026-08-01T08:27:30.041304+00:00,
DXCM,32.984188,26.826414,1.4,12.014109,6.337188,13.100000000000001,43.0,51.35,1947000064.0,,24.326999999999998,20.118,,5.56,0.27,,86.16,3.2,strong_buy,2005-04-14,21.3,2026-07-30,"DexCom, Inc., a medical device company, focuses on the design, development, and commercialization of continuous glucose monitoring (CGM) systems for the management of diabetes and metabolic health in the United States and internationally. The company offers Dexcom G7 and G7 15 Day, an integrated continuous glucose monitoring system; Dexcom G6, a CGM system; Dexcom ONE+ to replace fingerstick blood glucose testing for diabetes treatment decisions; Stelo, a biosensor designed for adults with prediabetes and Type 2 diabetes who do not use insulin; Dexcom Share, a remote monitoring system; and Dexcom Follow application. It markets its products directly to endocrinologists, physicians, and diabetes educators. The company was incorporated in 1999 and is headquartered in San Diego, California.",Medical Devices,United States,https://www.dexcom.com,11000.0,,2026-08-01T08:27:30.358318+00:00,
DG,18.021276,15.838822,1.85,3.1691196,0.6506164,3.4000000000000004,12.4,178.649,1353112960.0,1882562304.0,5.919,3.6319999999999997,,4.1500002,0.27899999999999997,0.247,130.89655,3.0,buy,2009-11-13,16.7,2026-08-27,"Dollar General Corporation, a discount retailer, provides various merchandise products in the southern, southwestern, midwestern, and eastern United States. It offers consumable products, including paper towels, bath tissues, paper dinnerware, trash and storage bags, disinfectants, and laundry products; packaged food, such as cereals, pasta, canned soups, canned meats, fruits and vegetables, condiments, spices, sugar, and flour; and perishables, including milk, eggs, bread, refrigerated and frozen food, beer, wine, and produce; candy, cookies, crackers, salty snacks, and carbonated beverages; over-the-counter medicines and personal care products including soap, body wash, shampoo, cosmetics, dental hygiene and foot care products; pet supplies and pet food; and tobacco products. The company also provides seasonal products comprising holiday items, toys, batteries, small electronics, greeting cards, stationery, prepaid phones and accessories, gardening supplies, hardware, automotive, and home office supplies; home products include kitchen supplies, cookware, small appliances, light bulbs, storage containers, frames, candles, craft supplies and kitchen, and bed and bath soft goods; and apparel products for infants, toddlers, girls, boys, women and men, as well as socks, underwear, disposable diapers, shoes and accessories. The company was formerly known as J.L. Turner & Son, Inc. and changed its name to Dollar General Corporation in 1968. Dollar General Corporation was founde...",Discount Stores,United States,https://www.dollargeneral.com,194000.0,1.85,2026-08-01T08:27:30.662660+00:00,
DLTR,20.617504,16.57226,1.61,7.014999,1.2379307,7.199999999999999,9.5,216.518,1007299968.0,1443624960.0,9.088001,6.514,,7.249999999999999,0.159,0.651,127.2,-0.0,hold,1995-03-07,31.4,2026-05-28,"Dollar Tree, Inc. operates retail discount stores under the Dollar Tree and Dollar Tree Canada brands in the United States and Canada. The company offers consumable merchandise comprising everyday consumables, such as household paper and chemicals, food, candy, health, personal care products, and frozen and refrigerated food; variety merchandise consisting of toys, durable housewares, gifts, stationery, party goods, greeting cards, softlines, arts and crafts supplies, and other items; and seasonal goods, including Christmas, Easter, Halloween, and Valentine's Day merchandise. The company was founded in 1986 and is based in Chesapeake, Virginia.",Discount Stores,United States,https://www.dollartree.com,150000.0,,2026-08-01T08:27:30.970075+00:00,
DPZ,19.956347,16.632915,1.8,-2.8850434,2.2860663,4.3,6.800000000000001,,164836000.0,531496512.0,19.084999,11.8640006,,11.25,0.475,0.975,386.74075,11.3,buy,2004-07-13,22.0,,"Domino's Pizza, Inc. operates as a pizza company worldwide. The company operates through three segments: U.S. Stores, International Franchise, and Supply Chain. It offers pizzas under the Domino's brand name through company-owned and franchised stores. The company also provides bread products, wings, boneless chicken, pastas, oven-baked sandwiches, soft drink products and desserts. In addition, it offers parmesan stuffed crust pizza; spicy chicken bacon ranch specialty pizza; and garlic, and cinnamon bread bites, as well as croissant, chocolate volcano, and chicken burst pizzas. Domino's Pizza, Inc. was founded in 1960 and is based in Ann Arbor, Michigan.",Restaurants,United States,https://biz.dominos.com,6200.0,2.26,2026-08-01T08:27:31.270949+00:00,
DOV,24.68275,17.59013,1.64,3.5771475,3.2727342,6.9,14.099999999999998,42.316,1755970944.0,906472128.0,18.691999,13.475999,,2.8399997999999997,1.2550000000000001,1.16,247.55556,21.0,buy,1980-03-17,46.4,2026-07-23,"Dover Corporation provides equipment and components, consumable supplies, aftermarket parts, software and digital solutions, and support services worldwide. The company's Engineered Products segment provides various equipment, component, software, solution, and services that are used in vehicle aftermarket, aerospace and defense, industrial winch and hoist, and fluid dispensing end-market. This segment offers software solutions and services used in light and heavy-duty vehicle lifts, wheel service equipment, vehicle diagnostics, and vehicle collision repair solutions; winches, hoists, bearings, drives, and electric monitoring system; and radio frequency and microwave filters and switches, and signal intelligence solutions, as well as soldering and fluid dispensing solutions. Its Clean Energy & Fueling segment offers component, equipment, and software and service solution enabling safe storage and transport of fuel, cryogenic gases, and hazardous fluids, as well as operation of retail fueling and vehicle wash establishment. The company's Imaging & Identification segment provides precision marking and coding, product traceability equipment, brand protection, and digital textile printing equipment and solution, as well as consumable, software, and service to packaged and consumer goods, pharmaceutical, industrial manufacturing, textile, and other end-market. Its Pumps & Process Solutions segment manufactures specialty pump, connector, flow meter, fluid connecting solution, pl...",Specialty Industrial Machinery,United States,https://www.dovercorporation.com,24000.0,1.02,2026-08-01T08:27:31.569430+00:00,
DOW,,16.424288,38.89,1.3795774,0.52953124,19.7,,111.913,4236000000.0,285124992.0,11.3129996,-3.129,,5.29,0.208,0.435,35.6875,17.8,buy,2019-03-20,7.4,2026-10-22,"Dow Inc., through its subsidiaries, provides various materials science solutions for packaging, infrastructure, mobility, and consumer applications in the United States, Canada, Europe, the Middle East, Africa, India, the Asia Pacific, and Latin America. The company operates through Packaging & Specialty Plastics, Industrial Intermediates & Infrastructure, and Performance Materials & Coatings segments. The Packaging & Specialty Plastics segment provides ethylene, propylene, polyethylene, and aromatics products; and other ethylene derivatives, such as polyolefin elastomers, ethylene vinyl acetate, and ethylene propylene diene monomer rubber. The Industrial Intermediates & Infrastructure segment offers polyurethanes, including propylene oxide, propylene glycol, and polyether polyols; aromatic isocyanates and fully formulated polyurethane systems; and chlor-alkali and vinyl comprising chlorine and caustic soda, ethylene dichloride, and vinyl chloride monomer; and construction chemicals consisting of cellulose ethers, redispersible latex powders, and acrylic emulsions, as well as coatings, adhesives, sealants, elastomers, and composites. The Performance Materials & Coatings segment provides architectural paints and coatings, and industrial coatings; and acrylics-based building blocks, silicon metals, siloxanes, and intermediates. The company also engages in the property and casualty insurance, as well as reinsurance business. The company was founded in 1897 and is headquartere...",Chemicals,United States,https://www.dow.com,32800.0,4.65,2026-08-01T08:27:31.866196+00:00,
DHI,13.875848,12.157864,1.24,1.6860739,1.1998221,0.0,-4.8,29.451,2078700032.0,2413900032.0,12.989999999999998,9.154,,5.6599997,11.7639996,1.361,164.16667,14.8,hold,1992-06-05,34.2,2026-10-29,"D.R. Horton, Inc. operates as a homebuilding company in East, North, Southeast, South Central, Southwest, and Northwest regions in the United States. It engages in the acquisition and development of land; and construction and sale of residential homes in 126 markets across 36 states under the names of D.R. Horton. The company also constructs and sells single-family detached homes; and attached homes, such as townhomes and duplexes. In addition, it provides mortgage financing and title agency services; and engages in the residential lot development business. Further, the company develops, constructs, owns, leases, and sells multi-family and single-family rental properties; conducts insurance-related operations; and owns water rights and other water-related assets, as well as non-residential real estate, including ranch land and improvements. It primarily serves homebuyers. D.R. Horton, Inc. was founded in 1978 and is headquartered in Arlington, Texas.",Residential Construction,United States,https://www.drhorton.com,14341.0,1.24,2026-08-01T08:27:32.168111+00:00,
DTE,22.412321,16.96561,1.99,2.4299464,1.7929822,-1.5,22.400000000000002,229.06,42000000.0,-2596624896.0,13.623999000000001,7.9990000000000006,,3.26,0.404,0.381,161.76666,14.0,buy,,,2026-07-28,"DTE Energy Company engages in energy-related businesses and services. The company operates through four segments: Electric, Gas, DTE Vantage, and Energy Trading.The company's Electric segment generates, purchases, distributes, and sells electricity to approximately 2.3 million residential, commercial, and industrial customers in southeastern Michigan. It generates electricity through coal-fired plants, natural gas plant, hydroelectric pumped storage, and nuclear plants, as well as wind and solar assets. This segment owns and operates 702 distribution substations with a capacity of approximately 37,870,000 kilovolt-amperes (kVA) and approximately 4,56,900 line transformers with a capacity of approximately 33,770,000 kVA. The company's Gas segment purchases, stores, transports, distributes, and sells natural gas to approximately 1.4 million residential, commercial, and industrial customers throughout Michigan; and sells storage and transportation capacity. This segment has approximately 21,000 miles of distribution mains; 1,242,000 service pipelines; and 1,361,000 active meters, as well as owns approximately 2,000 miles of transmission pipelines. Its DTE Vantage segment offers metallurgical and petroleum coke to steel and other industries; and power generation, steam production, chilled water production, and wastewater treatment services, as well as compressed air supply to industrial customers. This segment also owns and operates 2 renewable generating plants with a capacit...",Utilities - Regulated Electric,United States,https://www.dteenergy.com,9592.0,3.29,2026-08-01T08:27:32.468325+00:00,
ECHO,,-737.63153,1.33,4.3198395,1.6463472,-5.2,,515.06,1516103040.0,-457875616.0,8.908000000000001,-97.559,,27.62,13.111,1.004,135.66667,61.3,strong_buy,2008-01-02,18.6,2026-08-03,"EchoStar Corporation provides pay-tv services in the United States, Mexico, Canada, South and Central America, Asia, Africa, Australia, Europe, India, and the Middle East. The Pay-TV segment offers a direct broadcast and fixed satellite, owned and leased satellites, leased fiber optic networks, in-home services, and call center operation services; digital broadcast operations, including satellite uplinking/downlinking, transmission and, other services to third-party pay-TV providers; multichannel, live-linear and on-demand streaming over-the-top Internet-based domestic, international, Latino, and Freestream video programming services; and receiver systems. Its Wireless segment provides wireless communication services and products; and a range of wireless devices. The Broadband and Satellite Services offers broadband satellite technologies, and internet products and services to consumer customers, including home and small to medium-sized businesses; managed services, equipment, hardware, satellite services, and communications solutions to government and enterprise customers, as well as to the unserved and underserved consumer, enterprise, aeronautical, and government markets; and integrated multi-transport solutions that enable airline and airline service providers to deliver in-flight network connectivity. This segment also designs, provides, and installs gateway and terminal equipment to customers for other satellite systems; and designs, develops, constructs, and provide...",Telecom Services,United States,https://www.echostar.com,12100.0,,2026-08-01T08:27:32.775004+00:00,
EIX,7.571724,11.284915,3.71,1.6379062,1.4536273,-4.1000000000000005,55.1,228.042,242000000.0,76750000.0,26.302999999999997,19.281000000000002,,5.1999997,0.261,,76.46429,4.2,hold,1973-05-03,53.2,2026-07-30,"Edison International, through its subsidiaries, engages in the generation and distribution of electric power. The company supplies and delivers through its electrical infrastructure to an approximately 50,000 square-mile area of southern, central, and coastal California. It serves residential, commercial, industrial, public authorities, agricultural, street lighting, and other sectors. The company's distribution network consists of approximately 13,000 circuit-miles of lines ranging from 55 kV to 500 kV and approximately 80 transmission substations; and approximately 38,000 circuit-miles of overhead lines, approximately 32,000 circuit-miles of underground lines, and approximately 730 distribution substations. Edison International was founded in 1886 and is based in Rosemead, California.",Utilities - Regulated Electric,United States,https://www.edison.com,13725.0,4.78,2026-08-01T08:27:33.075529+00:00,
EW,51.8494,25.498066,2.06,4.8086486,7.610077,13.600000000000001,-25.4,6.806,3671500032.0,,29.839,15.431000000000001,,2.2399999999999998,0.18099999,0.855,100.96154,17.3,buy,2000-03-27,26.3,2026-07-23,"Edwards Lifesciences Corporation provides products and technologies to treat advanced cardiovascular diseases in the United States, Europe, Japan, and internationally. It offers transcatheter heart valve replacement products for minimally invasive replacement of aortic heart valves under the Edwards SAPIEN family of valves system; and transcatheter heart valve repair and replacement products to treat mitral and tricuspid valve diseases under the PASCAL and EVOQUE brands. The company also provides surgical structural heart solutions, such as aortic surgical valve under the INSPIRIS brand name; INSPIRIS RESILIA aortic valve, which offers RESILIA tissue and VFit technology; KONECT RESILIA, a pre-assembled tissue valve conduit for complex combined procedures; and MITRIS RESILIA valve. It distributes its products through a direct sales force and independent distributors. Edwards Lifesciences Corporation was founded in 1958 and is headquartered in Irvine, California.",Medical Devices,United States,https://www.edwards.com,16000.0,,2026-08-01T08:27:33.377964+00:00,
EME,24.811138,22.437542,0.36,9.16523,1.8913313,19.8,34.8,13.283,924411008.0,984741632.0,10.618,7.738,,3.05,0.70200004,,1000.1429,25.4,buy,1995-01-10,31.6,2026-07-30,"EMCOR Group, Inc. provides electrical and mechanical construction and facilities, building, and industrial services in the United States and the United Kingdom. It offers design, integration, installation, startup, operation, and maintenance services related to power transmission, distribution, and generation systems; energy solutions; premises electrical and lighting systems; process instrumentation; low-voltage systems; voice and data communications systems; roadway and transit lighting, signaling, and fiber optic lines; computerized traffic control systems, and signal and communication equipment; heating, ventilation, air conditioning, refrigeration, and geothermal solutions; clean-room process ventilation systems; fire protection and suppression systems; plumbing, process, and piping systems; control and filtration systems; water and wastewater treatment systems; central plant heating and cooling systems; crane and rigging; millwright; and steel fabrication, erection, and welding services. The company also provides site-based operations and maintenance; facility management and maintenance; energy retrofit; military base operations support; indoor air quality; floor care and janitorial; landscaping, lot sweeping, and snow removal; vendor management and call center; installation and support for building systems; program development, management, and maintenance for energy systems; technical consulting and diagnostic; infrastructure and building projects; modification and ...",Engineering & Construction,United States,https://emcorgroup.com,44000.0,20.0,2026-08-01T08:27:33.677768+00:00,
EQT,12.222477,13.381513,2.28,1.3269752,3.5866194,-3.9,-74.0,19.595,112863000.0,2460903936.0,23.372999,29.176000000000002,,3.7800000000000002,0.796,0.55,67.08,25.9,buy,1980-03-17,46.4,,"EQT Corporation engages in the exploration, production, gathering, and transmission of hydrocarbons and natural gas. The company sells natural gas, natural gas liquids, and oil to marketers, utilities, and industrial customers located in the Appalachian Basin. It also provides marketing services and contractual pipeline capacity management services, as well as engages in risk management and hedging activities. The company was formerly known as Equitable Resources Inc. and changed its name to EQT Corporation in February 2009. EQT Corporation was founded in 1888 and is headquartered in Canonsburg, Pennsylvania.",Oil & Gas E&P,United States,https://www.eqt.com,1523.0,1.25,2026-08-01T08:27:33.983665+00:00,
EFX,30.935484,16.996733,1.87,4.6344666,3.146907,10.6,0.7000000000000001,120.956,170100000.0,947537472.0,17.305,10.729,,6.54,0.6479999999999999,1.316,210.5238,22.0,buy,1980-03-17,46.4,2026-07-21,"Equifax Inc. operates as a data, analytics, and technology company. The company operates through three segments: Workforce Solutions, U.S. Information Solutions (USIS), and International. The Workforce Solutions segment offers services that enables customers to verify income, employment, educational history, criminal justice data, healthcare professional licensure, and sanctions of people in the United States; and employer customers with services that that assist them in complying with and automating certain payroll-related and human resource management processes throughout the entire cycle of the employment relationship. The U.S. Information Solutions segment provides consumer and commercial information services, such as credit information and credit scoring, credit modeling and portfolio analytics, locate, fraud detection and prevention, identity verification, and other consulting services; mortgage services; financial marketing services; identity management services; and credit monitoring products. The International segment offers information service products, which include consumer and commercial services comprising credit and financial information, and credit scoring and modeling; and credit and other marketing products and services, as well as information, technology, and services to support debt collections and recovery management. The company also provides information solutions for businesses, governments and consumers; and human resources business process automati...",Consulting Services,United States,https://www.equifax.com,15000.0,1.27,2026-08-01T08:27:34.287639+00:00,
ERIE,21.963701,17.27623,2.67,5.130031,3.0722988,2.8000000000000003,3.2,2.56,344616992.0,513967008.0,18.73,14.007,,11.76,45.461,,,,none,1995-10-02,30.8,2026-07-30,"Erie Indemnity Company operates as a managing attorney-in-fact for the subscribers at the Erie Insurance Exchange in the United States. It provides issuance and renewal services; sales related services, including agent compensation and sales and advertising support services; underwriting services that include underwriting and policy processing; and other services consist of customer services and administrative support services, as well as information technology services. The company was incorporated in 1925 and is based in Erie, Pennsylvania.",Insurance Brokers,United States,https://www.erieinsurance.com,6667.0,2.41,2026-08-01T08:27:34.582989+00:00,
ESS,44.258568,46.17595,7.02,3.3617284,9.887538,3.1,-71.8,122.409,58327000.0,,33.971000000000004,20.893,,5.0200000000000005,0.733,0.715,299.9896,5.6,hold,1994-06-07,32.1,2026-07-29,"Essex Property Trust, Inc., an S&P 500 company, is a fully integrated real estate investment trust. The firm acquires, develops, redevelops, and manages multifamily residential properties in selected West Coast markets. Essex currently has ownership interests in 258 apartment communities comprising over 62,000 apartment homes with an additional property in active development. Essex Property Trust, Inc. was incorporated in 1971 in Maryland and is based in San Mateo, United States.",REIT - Residential,United States,https://www.essexapartmenthomes.com,1686.0,3.65,2026-08-01T08:27:34.891211+00:00,
EG,7.930267,6.2265115,0.97,0.938406,0.86065173,-11.3,-11.5,23.26,3620000000.0,2064000000.0,19.070999999999998,11.376999999999999,,4.7,0.822,0.287,401.33334,7.3,buy,1995-10-03,30.8,2026-07-29,"Everest Group, Ltd., together with subsidiaries, provides reinsurance and insurance products in the United States, Europe, and internationally. It operates in two segment, Insurance and Reinsurance. The company writes property and casualty reinsurance; treaty and facultative reinsurance products; and specialty lines of business through reinsurance brokers, as well as directly with ceding companies; and writes property and casualty insurance directly, as well as through brokers, surplus lines, and general agents. It provides reinsurance products comprising mortgage, catastrophe, marine, aviation, engineering, professional line, credit and surety, motor, agriculture/crop, and political violence reinsurance products. In addition, the company offers commercial property and casualty insurance products through wholesale and retail brokers, surplus lines brokers, and program administrators. The company was formerly known as Everest Re Group, Ltd. and changed its name to Everest Group, Ltd. in July 2023.Everest Group, Ltd., was founded in 1973 and is headquartered in Hamilton, Bermuda.",Insurance - Reinsurance,Bermuda,https://www.everestglobal.com,3064.0,2.13,2026-08-01T08:27:35.194636+00:00,
EVRG,22.077127,18.217772,2.36,1.8839791,3.1728604,5.0,18.5,155.555,18400000.0,-1101750016.0,21.916,14.626999,,9.379999999999999,0.187,0.524,91.875,10.7,buy,1973-02-21,53.4,2026-08-06,"Evergy, Inc., together with its subsidiaries, engages in the generation, transmission, distribution, and sale of electricity in the United States. The company generates electricity through coal, landfill gas, uranium, and natural gas and oil sources, as well as solar, wind, and other renewable sources. It serves residences, commercial firms, industrials, municipalities, and other electric utilities. The company was incorporated in 2017 and is headquartered in Kansas City, Missouri.",Utilities - Regulated Electric,United States,https://investors.evergy.com,4691.0,3.35,2026-08-01T08:27:35.504399+00:00,
ES,15.838495,14.582942,2.78,1.6592883,1.9323248,9.4,7.3999999999999995,181.822,270184000.0,587291392.0,24.872999,12.549,,4.77,0.169,0.714,74.07692,3.5,hold,1973-02-21,53.4,2026-07-30,"Eversource Energy, a public utility holding company, engages in the energy delivery business. The company operates through Electric Distribution, Electric Transmission, Natural Gas Distribution, and Water Distribution segments. It is involved in the transmission and distribution of electricity; solar power facilities; and distribution of natural gas. The company also operates regulated water utilities that provides water services to residential, commercial, industrial, municipal and fire protection, and other customers in Connecticut, Massachusetts, and New Hampshire. The company was formerly known as Northeast Utilities and changed its name to Eversource Energy in April 2015. Eversource Energy was incorporated in 1927 and is headquartered in Springfield, Massachusetts.",Utilities - Regulated Electric,United States,https://www.eversource.com,10731.0,4.21,2026-08-01T08:27:35.810715+00:00,
EXC,16.845589,15.082639,2.71,1.6270151,1.9045525,7.9,-0.3,174.794,713000000.0,-2807749888.0,22.299999,11.212,,4.02,0.06999999999999999,0.405,49.5,8.0,hold,1973-05-02,53.2,2026-07-30,"Exelon Corporation, a utility services holding company, engages in the energy distribution and transmission businesses in the United States. The company is involved in the purchase and regulated retail sale of electricity and natural gas; transmission and distribution of electricity; and distribution of natural gas to retail customers. It serves residential, commercial, industrial, and public authorities and electric railroads customers. Exelon Corporation was incorporated in 1999 and is headquartered in Chicago, Illinois.",Utilities - Regulated Electric,United States,https://www.exeloncorp.com,20000.0,3.57,2026-08-01T08:27:36.118128+00:00,
EXE,8.106034,10.455399,2.52,1.1549752,1.7197267,-10.6,-45.5,19.207,663000000.0,1466249984.0,26.323998,21.97,,3.55,0.31400002,0.326,124.16,32.0,buy,2021-02-10,5.5,2026-07-28,"Expand Energy Corporation operates as an independent natural gas production company in the United States. The company engages in acquisition, exploration, and development of properties to produce oil, natural gas, and natural gas liquids. It holds interests in the Marcellus Shale in the northern Appalachian Basin in Pennsylvania; the Marcellus and Utica Shales in Ohio and West Virginia; and the Haynesville and Bossier Shales in Louisiana and Texas. Expand Energy Corporation was formerly known as Chesapeake Energy Corporation and changed its name to Expand Energy Corporation in October 2024. The company was founded in 1989 and is based in Spring, Texas.",Oil & Gas E&P,United States,https://www.expandenergy.com,1600.0,2.45,2026-08-01T08:27:36.420628+00:00,
EXPE,25.899822,12.867146,1.0,61.404163,2.3317714,14.7,,256.536,5793999872.0,3478249984.0,7.093000000000001,9.8079994,,9.1000006,0.61500003,1.232,291.3143,-1.2,buy,2005-07-21,21.0,2026-08-05,"Expedia Group, Inc. operates as an online travel company in the United States and internationally. The company operates through B2C, B2B, and trivago segments. The B2C segment includes Brand Expedia, a full-service online travel brand offers various travel products and services; Hotels.com for lodging accommodations; Vrbo, an online marketplace for the alternative accommodations; and Orbitz, Travelocity, ebookers, and Wotif Group. The B2B segment provides various travel and non-travel companies including airlines, offline travel agents, online retailers, corporate travel management, and financial institutions who leverage its travel technology and tap into its diverse supply to augment their offerings and market Expedia Group rates and availabilities to its travelers. The trivago segment sends referrals to online travel companies and travel service providers from hotel metasearch websites. In addition, it provides brand advertising through online and offline channels, loyalty programs, mobile apps, and search engine marketing, as well as metasearch, social media, direct and personalized traveler communications on its websites, and through direct e-mail communication with its travelers. The company was formerly known as Expedia, Inc. and changed its name to Expedia Group, Inc. in March 2018. Expedia Group, Inc. was founded in 1996 and is headquartered in Seattle, Washington.",Travel Services,United States,https://www.expediagroup.com,16000.0,60.0,2026-08-01T08:27:36.726820+00:00,
EXPD,26.948635,23.901041,3.91,9.702942,1.9631147,4.3999999999999995,16.3,24.708,1316497024.0,783248512.0,10.594000000000001,7.475,,4.2299999999999995,0.63,1.038,157.14285,-6.4,hold,1984-09-26,41.8,2026-08-04,"Expeditors International of Washington, Inc., together with its subsidiaries, provides logistics services in the Americas, North Asia, South Asia, Europe, and Middle East, Africa, and India. The company offers airfreight services, such as air freight consolidation and forwarding; ocean freight and ocean services, including ocean freight consolidation, direct ocean forwarding, and order management; customs brokerage and other services, import, intra-continental ground transportation and delivery, and warehousing and distribution services; and customs clearance, purchase order management, vendor consolidation, time-definite transportation services, temperature-controlled transit, cargo insurance, specialized cargo monitoring and tracking, and other logistics solutions. It also provides optimization, trade compliance consulting, cargo insurance, cargo security, and solutions. In addition, it acts as a freight consolidator or as an agent for the airline that carries the shipment. Further, the company provides ancillary services that include preparation of shipping and customs documentation, packing, crating, insurance services, and the preparation of documentation to comply with local export and import laws. The company was incorporated in 1979 and is headquartered in Bellevue, Washington.",Integrated Freight & Logistics,United States,https://www.expeditors.com,20361.0,97.0,2026-08-01T08:27:37.039897+00:00,
EXR,32.67991,31.11666,6.6,2.359128,9.305683,3.8,6.2,101.671,695171008.0,,45.882,27.279999999999998,,2.97,0.942,1.2,157.25,6.2,buy,2004-08-16,22.0,2026-07-28,"Extra Space Storage Inc., headquartered in Salt Lake City, Utah, is a self-administered and self-managed REIT and a member of the S&P 500. As of June 30, 2026, the Company owned and/or operated 4,410 self-storage stores in 42 states and Washington, D.C. The Company's stores comprise approximately 3.0 million units and approximately 341.0 million square feet of rentable space operating under the Extra Space brand. The Company offers customers a wide selection of conveniently located and secure storage units across the country, including boat storage, RV storage, and business storage. It is the largest operator of self-storage properties in the United States. Extra Space Storage Inc. was incorporated in 1977 in Maryland, USA.",REIT - Industrial,United States,https://www.extraspace.com,8393.0,4.38,2026-08-01T08:27:37.344471+00:00,
FFIV,32.05175,22.270031,1.38,5.933148,6.9127073,10.9,11.4,5.672,1605782016.0,752090496.0,24.752001,21.952999000000002,,3.05,0.5,1.03,436.1,8.3,hold,1999-06-04,27.2,2026-07-27,"F5, Inc. provides multicloud application security and delivery solutions in the United States, Europe, the Middle East, Africa, and the Asia Pacific region. The company's distributed cloud services enable its customers to deploy, secure, and operate applications in any architecture, from on-premises to the public cloud. It also offers unified, security, networking, and application management solutions, such as web app and API protection; multi-cloud networking; application delivery and deployment; domain name system; content delivery network; and application deployment and orchestration. In addition, the company provides application security and delivery products, including NGINX Plus; NGINX One Console; NGINX Ingress Controller; WAF for NGINX; BIG-IP Packaged Software; and BIG-IP Systems. Further, it provides a range of professional services, including maintenance, consulting, training, and other technical support services. The company sells its products to large enterprise businesses, public sector institutions, governments, and service providers through distributors, value-added resellers, managed service providers, systems integrators, and other indirect channel partners. It has partnerships with public cloud providers, such as Amazon Web Services, Microsoft Azure, and Google Cloud Platform. The company was formerly known as F5 Networks, Inc. and changed its name to F5, Inc. in November 2021. F5, Inc. was incorporated in 1996 and is headquartered in Seattle, Washington.",Software - Infrastructure,United States,https://www.f5.com,6512.0,,2026-08-01T08:27:39.179888+00:00,
FDS,17.338604,13.359824,1.3,4.6334767,3.8388393,6.4,-9.6,77.284,304236000.0,621161344.0,30.542,23.21,,16.25,0.43200003,0.715,255.0625,-3.1,hold,1996-06-28,30.1,2026-07-01,"FactSet Research Systems Inc., together with its subsidiaries, operates as a financial digital platform and enterprise solutions provider for the investment community. It offers data, products, and analytical applications; and workstations, portfolio analytics, and enterprise data solutions, as well as managed services for supporting data, performance, risk, and reporting workflows. The company also provides subscription-based financial data and market intelligence on securities, companies, industries, and people that enable clients to research investment ideas, as well as analyze, monitor, and manage portfolios; and solutions covering investment lifecycle of investment research, portfolio construction and analysis, trade execution, performance measurement, risk management, and reporting. In addition, it offers services through configurable desktop and mobile platform, data feeds, cloud-based digital solutions, and application programming interfaces. It operates in Europe, the Middle East, Africa, the Americas, the Asia Pacific, and internationally. The company serves investment professionals, including institutional asset managers, bankers, wealth managers, asset owners, partners, hedge funds, corporate users, and private equity and venture capital professionals. It has a strategic partnership with Google Cloud to create a new generation of AI-powered solutions for the financial industry. FactSet Research Systems Inc. was founded in 1978 and is headquartered in Norwalk, C...",Financial Data & Stock Exchanges,United States,https://www.factset.com,12694.0,1.76,2026-08-01T08:27:39.475992+00:00,
FICO,32.999413,20.924223,0.96,-5.9194345,10.1327505,25.7,41.199999999999996,,248444000.0,774413504.0,53.787,34.050000000000004,,11.44,2.994,1.29,1512.2524,34.7,buy,1987-07-22,39.0,2026-07-29,"Fair Isaac Corporation provides analytics software in the Americas, Europe, the Middle East, Africa, and the Asia Pacific. It operates through two segments, Scores and Software. The Scores segment offers business-to-business scoring solutions and services that give clients access to predictive credit and other scores that can be integrated into their transaction streams and decision-making processes, as well as business-to-consumer scoring solutions comprising myFICO.com subscription offerings. Its Software segment provides pre-configured analytic and decision management solution designed for various business needs or processes, such as account origination, customer management, customer engagement, fraud detection, and marketing, as well as associated professional services. This segment also offers FICO Platform, a modular software offering designed to support advanced analytic and decision use cases, as well as stand-alone analytic and decisioning software that can be configured by customers to address a wide range of business use cases. In addition, the company offers analytic and decisioning software comprising FICO Decision Modeler, FICO Blaze Advisor, FICO Xpress Optimization, FICO Analytics Workbench, FICO Data Orchestrator, FICO DMP Streaming, FICO Business Outcome Simulator, and FICO Decision Optimizer; pre-configured solutions consisting of FICO Fraud Solutions, FICO Originations, FICO Customer Communication Service, FICO Strategy Director, and FICO TRIAD Customer...",Software - Application,United States,https://www.fico.com,3876.0,,2026-08-01T08:27:39.777066+00:00,
FRT,25.068687,40.345024,3.59,3.401683,8.215745,10.299999999999999,152.5,138.432,120918000.0,448925248.0,34.120998,38.574000000000005,,0.029999999000000003,1.035,0.932,131.1375,5.7,buy,1973-05-03,53.2,2026-07-31,"Federal Realty Investment Trust is a recognized leader in the ownership, operation and redevelopment of high-quality retail-based properties. They are located primarily in major coastal markets and select underserved regions that have strong economic and demographic fundamentals. Federal Realty's mission is to deliver long-term, sustainable growth through investing in communities where retail demand exceeds supply. This includes a portfolio of open-air shopping centers and mixed-use destinationssuch as Santana Row, Pike & Rose, and Assembly Row, which together reflect the company's ability to create distinctive, high-performing environments that serve as vibrant destinations for their communities. Federal Realty's 104 properties include approximately 3,800 tenants in 29.0 million commercial square feet, and approximately 2,500 residential units. It is based in North Bethesda, Maryland. Federal Realty Investment Trust was incorporated in 1962 in Maryland.",REIT - Retail,United States,https://www.federalrealty.com,314.0,3.64,2026-08-01T08:27:40.074968+00:00,
FDXF,30.221504,28.049898,,0.0014681362,2.409694,-4.7,,,102000000.0,,6.027,10.398,,,0.0010000001,,169.41667,20.6,buy,2026-05-27,0.2,2026-06-25,"FedEx Freight Holding Company, Inc. provides less-than-truckload freight transportation services. It operates in the United States, Canada, Mexico, Puerto Rico, and the U.S. Virgin Islands. The company was incorporated in 2025 and is based in Memphis, Tennessee.",Integrated Freight & Logistics,United States,https://www.fedexfreight.com,40000.0,,2026-08-01T08:27:40.370161+00:00,
FIS,8.918326,6.5365014,0.26,1.4487267,2.0227866,30.099999999999998,3040.6,132.328,755000000.0,2446874880.0,16.387999999999998,23.347999,,4.0,0.13,0.813,56.54545,26.3,buy,2001-06-20,25.1,2026-08-04,"Fidelity National Information Services, Inc. provides solutions to financial institutions, businesses, and developers worldwide. The company operates through Banking Solutions, Capital Market Solutions, and Corporate and Other segments. It provides core processing and ancillary applications; mobile and online banking; fraud, risk management, and compliance; card and retail payment; electronic funds transfer and network; wealth and retirement; and item processing and output solutions. The company also offers trading and assets, lending, leveraged and syndicated loan markets, and treasury and risk solutions. Fidelity National Information Services, Inc. was founded in 1968 and is headquartered in Jacksonville, Florida.",Information Technology Services,United States,https://www.fisglobal.com,44000.0,3.65,2026-08-01T08:27:40.674100+00:00,
FSLR,21.55567,9.164714,0.52,2.2954512,4.2170043,-3.6999999999999997,23.3,0.365,1726963968.0,1596961792.0,42.641996999999996,32.464999999999996,,12.04,5.4,,256.36215,21.5,buy,2006-11-17,19.7,2026-07-30,"First Solar, Inc., a solar technology company, provides photovoltaic (PV) solar energy solutions in the United States, France, India, Chile, and internationally. The company manufactures and sells PV solar modules with thin film semiconductor technology that provides conventional crystalline silicon PV solar modules. It also designs, manufactures, and sells cadmium telluride solar modules that convert sunlight into electricity. The company serves system developers, independent power producers, utilities, commercial and industrial companies, large corporate energy buyers, and other system owners and operators. The company was formerly known as First Solar Holdings, Inc. and changed its name to First Solar, Inc. in 2006. First Solar, Inc. was founded in 1999 and is headquartered in Phoenix, Arizona.",Solar,United States,https://www.firstsolar.com,7900.0,,2026-08-01T08:27:40.976546+00:00,
FE,25.834225,16.363293,1.75,2.1611345,1.7878035,8.799999999999999,8.3,200.908,63000000.0,-2007124992.0,19.304001,6.938999999999999,,6.550000000000001,0.13799999,0.454,53.0,9.7,buy,1997-11-10,28.7,2026-07-28,"FirstEnergy Corp., together with its subsidiaries, engages in the generation, distribution, and transmission of electricity in the United States. It operates through Distribution, Integrated, and Stand-Alone Transmission segments. The company owns and operates coal-fired, nuclear, hydroelectric, wind, and solar power generating facilities. The company operates 252,959 distribution line miles and 24,157 transmission line miles, including overhead pole line and underground conduit carrying primary, secondary, and street lighting circuits. The company serves customers in Ohio, Pennsylvania, New Jersey, West Virginia, Maryland, and New York. FirstEnergy Corp. was incorporated in 1996 and is headquartered in Akron, Ohio.",Utilities - Regulated Electric,United States,https://www.firstenergycorp.com,11186.0,3.85,2026-08-01T08:27:41.293316+00:00,
FISV,9.173469,6.037285,,1.0972781,,,,,,,,,,,,,66.62963,23.5,hold,1986-09-25,39.8,2026-08-06,,,,,,,2026-08-01T08:27:41.654758+00:00,
FLEX,43.91892,16.061802,0.94,7.734938,1.4240206,20.599999999999998,52.0,107.818,2840000000.0,620750016.0,4.97,3.325,,2.34,0.624,1.626,160.5,41.1,strong_buy,1994-03-18,32.4,2026-07-29,"Flex Ltd. provides technology innovation, supply chain, and manufacturing solutions to data center, communications, enterprise, consumer, automotive, healthcare, industrial, and power industries in the Americas, Asia, and Europe. The company operates through three segments: Integrated Technology Solutions (ITS), Regulated Manufacturing Solutions (RMS), and Cloud and Power Infrastructure (CPI). The ITS segment offers flexible supply and manufacturing solutions for communications, including high speed networking, enterprise, and satellite communications systems, as well as lifestyle solutions comprising products across commercial, home, and personal product categories. Its RMS segment includes industrial products, such as mission critical automation, energy, and industrial infrastructure; automotive products, including compute and power electronics platforms and integrated systems; and healthcare products comprising regulated manufacturing for medical devices, drug delivery, and equipment. The CPI segment provides cloud and cooling products, such as integrated compute systems supporting power dense digital infrastructure deployments and advanced liquid cooling solutions supporting higher density, power intensive rack architectures; and power products that include utility and facility level electrical infrastructure enabling power delivery and high density rack and board level power systems. The company was formerly known as Flextronics International Ltd. and changed its name...",Electronic Components,United States,https://www.flex.com,149686.0,,2026-08-01T08:27:41.955655+00:00,
FTV,31.0,18.24912,0.98,2.956361,4.1434793,7.9,4.0,59.283,374200000.0,939112512.0,19.137,12.382,,6.0300004,0.41200000000000003,0.977,64.30769,8.6,hold,2016-07-05,10.1,2026-07-29,"Fortive Corporation designs, develops, manufactures, and markets products, software, and services in the United States, China, and internationally. It operates through Intelligent Operating Solutions and Advanced Healthcare Solutions segments. The Intelligent Operating Solutions segment provides advanced instrumentation, software, and services, including maintenance, repair, measurement and condition monitoring, facility and asset lifecycle software applications, and connected worker safety and compliance solutions for manufacturing, process industries, healthcare, utilities and power, communications and electronics, and other industries. This segment markets its products and services under the ACCRUENT, FLUKE, GORDIAN, INDUSTRIAL SCIENTIFIC, INTELEX, and SERVICECHANNEL brand names. The Advanced Healthcare Solutions segment provides critical workflow solutions comprising instrument sterilization, instrument tracking, biomedical test tools, radiation detection and safety monitoring, and end-to-end clinical productivity software and solutions under the ASP, CENSIS, FLUKE BIOMEDICAL, LANDAUER, and PROVATION brand names. Fortive Corporation was incorporated in 2015 and is headquartered in Everett, Washington.",Scientific & Technical Instruments,United States,https://www.fortive.com,10000.0,41.0,2026-08-01T08:27:42.255994+00:00,
FOXA,15.323685,10.024929,25.97,2.2337732,1.5092163,-8.6,-49.3,67.867,3600999936.0,1406499968.0,21.357,10.561,,28.530002,1.328,0.55,70.81111,21.6,buy,2019-03-12,7.4,2026-08-06,"Fox Corporation operates as a news, sports, and entertainment company in the United States. It operates in four segments: Cable Network Programming, Television, Credible, and The FOX Studio Lot. The Cable Network Programming segment produces and licenses news and sports content for distribution through traditional cable television systems, direct broadcast satellite operators, telecommunication companies, virtual multi-channel video programming distributors, and other digital platforms. Its Television segment produces, acquires, markets, and distributes programming through the FOX broadcast network, advertising-supported video-on-demand service Tubi, and operates full power broadcast television stations, including duopolies and other digital platforms. This segment also produces content for third parties. The Credible segment engages in the consumer finance marketplace. Its FOX Studio Lot segment provides television and film production services along with office space, studio operation services, and all operations of the facility. Fox Corporation was incorporated in 2018 and is headquartered in New York, New York.",Entertainment,United States,https://www.foxcorporation.com,10400.0,96.0,2026-08-01T08:27:42.558886+00:00,
FOX,13.668421,9.574193,,1.9924811,1.3461909,-8.6,-49.3,67.867,3600999936.0,1406499968.0,21.357,10.561,,8.540000000000001,39.736998,0.55,,,none,2019-03-13,7.4,2026-08-06,"Fox Corporation operates as a news, sports, and entertainment company in the United States. It operates in four segments: Cable Network Programming, Television, Credible, and The FOX Studio Lot. The Cable Network Programming segment produces and licenses news and sports content for distribution through traditional cable television systems, direct broadcast satellite operators, telecommunication companies, virtual multi-channel video programming distributors, and other digital platforms. Its Television segment produces, acquires, markets, and distributes programming through the FOX broadcast network, advertising-supported video-on-demand service Tubi, and operates full power broadcast television stations, including duopolies and other digital platforms. This segment also produces content for third parties. The Credible segment engages in the consumer finance marketplace. Its FOX Studio Lot segment provides television and film production services along with office space, studio operation services, and all operations of the facility. Fox Corporation was incorporated in 2018 and is headquartered in New York, New York.",Entertainment,United States,https://www.foxcorporation.com,10400.0,1.08,2026-08-01T08:27:42.861623+00:00,
BEN,23.034014,10.925223,0.37,1.4512258,1.9485604,8.7,87.2,23.471,2571500032.0,-242137504.0,17.238001999999998,8.124,,5.13,48.672,1.576,34.45455,1.8,hold,1983-09-23,42.9,2026-07-31,"Franklin Resources, Inc. is a publicly owned asset investment manager. Through its subsidiaries, the firm provides its services to individuals, institutions, pension plans, trusts, and partnerships. It launches equity, fixed income, balanced, and multi-asset mutual funds through its subsidiaries. The firm invests in the public equity, fixed income, and alternative markets. Franklin Resources, Inc. was founded in 1947 and is based in San Mateo, California with an additional office in Calgary, Alberta; Dubai, United Arab Emirates; Edinburgh, Midlothian; Fort Lauderdale, Florida; Hyderabad, India; London, Greater London; Rancho Cordova, California; Shanghai, Shanghai Province; Singapore; Stamford, Connecticut; and Vienna.",Asset Management,United States,https://www.franklinresources.com,10000.0,3.98,2026-08-01T08:27:43.165010+00:00,
IT,15.102,9.866397,0.72,161.69165,1.561764,-1.5,17.299999999999997,5293.41,1666946048.0,1064192896.0,20.499000000000002,11.44,,23.74,3.5439998,0.963,160.38461,6.2,hold,1993-10-05,32.8,2026-08-04,"Gartner, Inc. provides business and technology insights to support decision-making and performance on an organization's mission-critical priorities in the United States, Canada, Europe, the Middle East, Africa, and internationally. It operates through three segments: Insights, Conferences, and Consulting. The Insights segment delivers insights through subscription services, such as access to published content, data and benchmarks, and direct access to a network of business and technology experts. The Conferences segment enables executives and teams to learn, share, and network through its Symposium/Xpo series and peer-driven sessions, as well as through its conferences focused on specific business roles and topics. The Consulting segment provides technology-driven strategic initiatives, including custom analysis and on-the-ground support to senior executives. This segment also offers actionable solutions for IT-related priorities, including IT cost optimization, digital transformation, and IT sourcing optimization. The company was formerly known as Gartner Group, Inc. and changed its name to Gartner, Inc. in November 2001. Gartner, Inc. was founded in 1979 and is headquartered in Stamford, Connecticut.",Information Technology Services,United States,https://www.gartner.com,19367.0,,2026-08-01T08:27:43.480533+00:00,
GEHC,16.118483,12.586903,2.03,2.9003923,1.4447333,5.800000000000001,16.8,93.965,2079000064.0,1573124992.0,14.976,9.3339995,,4.5900002,0.358,0.839,81.72222,20.1,buy,2022-12-15,3.6,2026-07-29,"GE HealthCare Technologies Inc. engages in the development, manufacture, and marketing of products, services, and complementary digital solutions used in the diagnosis, treatment, and monitoring of patients in the United States, Canada, and internationally. The company operates through four segments: Imaging, Advanced Visualization Solutions (AVS), Patient Care Solutions (PCS), and Pharmaceutical Diagnostics (PDx). The Imaging segment offers molecular imaging, computed tomography (CT) scanning, magnetic resonance (MR) imaging, X-ray systems, and women's health products. The AVS segment provides ultrasound, image guided therapies, and interventional solutions for screening, diagnosis, treatment, and monitoring of certain diseases in clinical areas, such as women's health, cardiovascular, and comprehensive care ultrasound as well as surgical visualization and guidance products. The PCS segment provides medical devices, consumables, services, and digital solutions. Its portfolio includes patient monitoring, diagnostic cardiology, consumables and services, digital solutions, maternal infant care, and anesthesia products. The PDx segment supplies diagnostic agents, including CT, angiography and X-ray, MR, single-photon emission computed tomography, and positron emission tomography to the radiology and nuclear medicine industries. The segment also provides contrast media pharmaceuticals that are administered to a patient prior to certain diagnostic scans to increase the visibili...",Medical Devices,United States,https://www.gehealthcare.com,54000.0,20.0,2026-08-01T08:27:43.793292+00:00,
GEN,17.373417,8.351715,1.56,6.2872195,3.2861881,27.0,265.2,316.354,402000000.0,1422249984.0,63.367003,19.459999,,5.9899997,9.722,1.207,29.707,8.2,buy,1989-06-23,37.1,2026-08-06,"Gen Digital Inc. engages in the provision of cyber safety and trust-based solutions for individuals, families, and small businesses. The company offers security and performance management, identity protection, and online privacy, as well as technology platforms. It also provides restoration support services, digital reputation, and secure financial wellness. The company offers its products under the Norton, Avast, LifeLock, MoneyLion, Avira, AVG, ReputationDefender, and CCleaner brands. The company was formerly known as NortonLifeLock Inc. and changed its name to Gen Digital Inc. in November 2022. Gen Digital Inc. was founded in 1982 and is headquartered in Tempe, Arizona.",Software - Infrastructure,United States,https://www.gendigital.com,3900.0,1.83,2026-08-01T08:27:44.149394+00:00,
GNRC,44.0962,16.925037,0.81,4.3298993,2.6202536,10.6,92.0,52.202,264920992.0,294041504.0,17.932000000000002,5.817,,3.3299996999999997,1.714,1.895,287.9375,46.1,buy,2010-02-11,16.5,2026-07-29,"Generac Holdings Inc. designs, manufactures, and distributes energy technology products and solutions worldwide. The company offers residential automatic standby generators, automatic transfer switch, air-cooled engine home standby generators, and liquid-cooled engine generators; Mobile Link, a remote monitoring system for home standby generators; propane tank monitoring solution; and smart home solutions, such as smart thermostats and a suite of home monitoring products. It also provides smart home energy management devices and sensors for heating and cooling system; smart doorbell cameras; and portable and inverter generators; multiple portable battery solutions; manual transfer switches; outdoor power equipment, including trimmers, field and brush mowers, log splitters, stump grinders, chipper shredders, lawn and leaf vacuums, and pressure washers and water pumps; and home energy storage systems. In addition, the company offers commercial and industrial products comprising cleaner-burning natural gas fueled generators; mega-watt diesel generators; light-commercial standby generators and related transfer switches; stationary generators; single-engine industrial generators; industrial standby generators; industrial transfer switches; light towers, mobile generators, commercial mobile pumps, heaters, and dust-suppression equipment; mobile energy storage systems; battery energy storage system and related inverter products; and aftermarket service parts and product accessori...",Specialty Industrial Machinery,United States,https://www.generac.com,9400.0,,2026-08-01T08:27:44.457426+00:00,
GPC,497.48,14.965675,1.32,3.788188,0.6838678,6.0,-9.8,146.415,559118016.0,917241984.0,6.561999999999999,0.131,,7.580000000000001,0.418,0.642,137.875,10.9,buy,1980-03-17,46.4,,"Genuine Parts Company distributes automotive and industrial replacement parts. The company operates in three segments: North America Automotive Parts Group, International Automotive Parts Group, and Industrial Parts Group. It distributes automotive replacement parts, accessories, tools, equipment, and related solutions for hybrid and electric vehicles, trucks, buses, motorcycles, farm equipment, and heavy-duty equipment. The company also offers replacement parts, including brakes, batteries, filters, engine components, and fluids; specialized services, such as paint mixing, hydraulic hose assembly, battery testing, and key cutting; and accessories and specialty equipment for automotive and heavy-duty vehicles, as well as tools and diagnostic devices for repair and maintenance. In addition, it provides independent repair shops and auto care centers under the NAPA brand, and offers technical expertise and training programs to customers. Further, the company provides bearings, seals, and gaskets; hose, fittings, hydraulics, and pneumatics components; abrasives, adhesives, sealants, and tape; pumps and power transmission; tools and testing equipment; electrical supplies and safety products; and chemicals and janitorial supplies. Additionally, it offers inventory management; vendor-managed inventory; asset repair and tracking, including radio frequency identification; and specialized repair services for gearboxes, fluid power systems, pumps, drive shafts, electrical panels, and...",Auto Parts,United States,https://www.genpt.com,65000.0,3.4,2026-08-01T08:27:44.763956+00:00,
GL,12.166222,11.0332575,1.3,2.3329194,2.2853446,8.0,19.7,53.588,438999008.0,,24.438,19.576999999999998,,0.09000000400000001,0.696,0.47,193.90909,6.4,buy,1980-10-01,45.8,2026-07-22,"Globe Life Inc., through its subsidiaries, provides various life and supplemental health insurance products to lower middle- and middle-income families in the United States. It operates in three segments: Life Insurance, Supplemental Health Insurance, and Investments. The company offers whole, term, and other life insurance products, as well as life insurance for children; Medicare supplement and limited-benefit supplemental health insurance products, such as accident, cancer, critical illness, heart, intensive care, and other health products; and final expense, accidental death, mortgage protection, and hospital insurance products. It sells its products through direct-to-consumer channels, exclusive independent agents, general agency independent agents, and brokers. The company was formerly known as Torchmark Corporation and changed its name to Globe Life Inc. in August 2019. Globe Life Inc. was founded in 1900 and is headquartered in McKinney, Texas.",Insurance - Life,United States,https://home.globelifeinsurance.com,3695.0,72.0,2026-08-01T08:27:45.073670+00:00,
GDDY,12.294205,7.5030603,0.68,46.2493,2.1464295,6.6000000000000005,29.799999999999997,57334.33,1155500032.0,1173849984.0,27.056998,17.834999,,6.68,0.955,,111.93333,35.3,buy,2015-03-31,11.3,2026-07-30,"GoDaddy Inc. engages in the design and development of cloud-based products in the United States and internationally. It operates in two segments: Applications and Commerce (A&C), and Core Platform (Core). The A&C segment offers applications products, including Websites + Marketing, a mobile-optimized online tool that enables customers to build websites and e-commerce enabled online stores; and Managed WordPress, a streamlined and optimized website building that allows customers to build and manage a WordPress site; marketing tools and services, such as GoDaddy Studio and search engine optimization designed to help businesses acquire and engage customers and create content; and digital marketing services include email marketing, reputation management, and development of brand guides. This segment also offers Microsoft 365 that connects to customers' domains; email service plans with a multi-feature web interface; email backup, encryption, archiving, and other advanced e-mail security services; added security functionality services; GoDaddy Payments, a payment facilitator that enables customers to accept various forms of payments; Smart Terminal, a dual screen all-in-one point-of-sale system that allows customers to manage in-store inventory and product catalogs and accept payments; payment acceptance solutions; and online store capabilities. The Core segment offers domain products, including primary registrations, domain aftermarket platform, and domain name add-ons, as wel...",Software - Infrastructure,United States,https://www.godaddy.com,5845.0,,2026-08-01T08:27:45.373017+00:00,
HAL,16.538462,11.0792,0.76,2.4429967,1.2042005,3.6999999999999997,16.1,74.186,2048000000.0,2052249984.0,12.793,7.16,,5.609999999999999,0.438,0.725,43.52,34.9,buy,1972-06-01,54.2,2026-07-21,"Halliburton Company provides products and services to the energy industry worldwide. It operates in two segments, Completion and Production, and Drilling and Evaluation. The Completion and Production segment offers production enhancement services that include stimulation and sand control services; cementing services, such as well bonding and casing, and casing equipment; and completion tools that offer downhole solutions and services, including well completion products and services, intelligent well completions, liner hanger systems, sand control systems, multilateral systems, and service tools. This segment also provides electrical submersible pumps, as well as artificial lift services; production solutions comprising coiled tubing, hydraulic workover units, downhole tools, and pumping and nitrogen services; pipeline and process services, such as pre-commissioning, commissioning, maintenance, and decommissioning; and specialty chemicals and services. The Drilling and Evaluation segment offers drilling fluid systems, performance additives, completion fluids, solids control, specialized testing equipment, and waste management services; drilling systems and services; wireline and perforating services consisting of open-hole logging, and cased-hole and slickline; and drill bits and services comprising roller cone bits, fixed cutter bits, hole enlargement, and related downhole tools and services, as well as coring equipment and services. This segment also provides cloud based ...",Oil & Gas Equipment & Services,United States,https://www.halliburton.com,46000.0,2.15,2026-08-01T08:27:45.678645+00:00,
HIG,9.882313,10.33888,0.12,1.9972976,1.3270307,8.1,36.1,22.33,3991000064.0,5507500032.0,17.615,14.89,,0.02,0.357,0.468,149.85,5.6,buy,1995-12-15,30.6,2026-07-23,"The Hartford Insurance Group, Inc., together with its subsidiaries, provides insurance and financial services to individual and business customers in the United States, the United Kingdom, and internationally. It operates through Business Insurance, Personal Insurance, Property & Casualty Other Operations, Employee Benefits and Hartford Funds. The company offers insurance coverage, including workers' compensation, property, automobile, general and professional liability, package business, umbrella, fidelity and surety, marine, livestock, accident, health, and reinsurance through regional offices, branches, sales and policyholder service centers, independent retail agents and brokers, wholesale agents, and reinsurance brokers. The company also provides automobiles, homeowners, and personal umbrella coverages. The Property & Casualty Other Operations segment offers coverage for asbestos and environmental exposures. In addition, it provides group life, disability, and other group coverages to members of employer groups, associations, and affinity groups through direct insurance policies; reinsurance to other insurance companies; employer paid and voluntary product coverages; disability underwriting, administration, and claims processing to self-funded employer plans; leave management solution; distributes its group insurance products and services through brokers, consultants, third-party administrators, trade associations, and private exchanges. Further, the company offers ma...",Insurance - Diversified,United States,https://www.thehartford.com,19200.0,1.68,2026-08-01T08:27:45.984324+00:00,
HAS,16.715303,14.405501,1.81,,2.6642237,16.2,,484.486,1378200064.0,721862528.0,22.157,15.968001000000001,,5.83,0.617,0.482,109.07143,16.1,strong_buy,1980-03-17,46.4,,"Hasbro, Inc. operates as a toy and game company in the United States, Europe, Canada, Mexico, Latin America, Australia, China, and Hong Kong. The company offers trading cards and collectibles, action figures, arts and crafts and creative play products, dolls, play sets, preschool toys, plush products, vehicles and toy-related specialty products, sports action products and accessories, and other consumer products; and licensed products, such as apparel, publishing products, home goods and electronics, and toy products. It also engages in the sourcing, marketing, and sale of toy and game products; and promotes its brands through the out-licensing of trademarks, characters, and other brand and intellectual property rights to third parties through the sale of branded consumer products, such as toys and apparel. In addition, the company is involved in the promotion of its brands through the development of trading cards, role-playing, and digital game experiences based on Hasbro and Wizards of the Coast games; and license certain brands to other third-party digital game developers who transform Hasbro brand-based characters and other intellectual properties, into digital gaming experiences. Further, it develops and produces of Hasbro-branded entertainment content, including film, television, children's programming, digital content, and live entertainment. The company sells its products to retailers, distributors, wholesalers, discount stores, specialty hobby stores, drug stores,...",Leisure,United States,https://corporate.hasbro.com,4520.0,2.98,2026-08-01T08:27:46.289997+00:00,
HSIC,25.673653,14.51987,1.84,3.0042393,0.72985375,6.3,4.5,77.748,138000000.0,290124992.0,5.849,2.9509999,,6.92,0.818,0.806,89.3125,4.2,buy,1995-11-03,30.7,2026-08-04,"Henry Schein, Inc. provides health care products and services to office-based dental and medical practitioners worldwide. It operates through Global Distribution and Value-Added Services; Global Specialty Products; and Global Technology segments. The Global Distribution and Value-Added Services segment distributes infection-control products, handpieces, preventatives, impression materials, composites, anesthetics, teeth, gypsum, acrylics, articulators, abrasives, PPE products, branded and generic pharmaceuticals, vaccines, surgical products, diagnostic tests, dental chairs, delivery units and lights, digital dental laboratories, X-ray supplies and equipment, and high-tech and digital restoration equipment, as well as provides equipment repair services, financial services on a non-recourse basis, continuing education services for practitioners, consulting, and other services. It also markets and sells a portfolio of consumable merchandise under its own corporate brand. The Global Specialty Products segment engage in manufacturing, marketing, and sales of dental implant and biomaterial products; and endodontic, orthodontic and orthopedic products, and other health care-related products and services. The Global Technology segment is involved in the development and distribution of practice management software, e-services, and other products which are distributed to health care providers. The company serves dental practices, laboratories, physician practices, and ambulatory sur...",Medical Distribution,United States,https://www.henryschein.com,25000.0,,2026-08-01T08:27:46.603511+00:00,
HSY,23.913935,17.746332,1.06,7.6578155,2.9331238,10.6,93.60000000000001,120.011,876976000.0,1527240576.0,21.343,9.125,,7.16,0.307,0.098,207.7143,18.7,buy,1980-03-17,46.4,2026-07-30,"The Hershey Company, together with its subsidiaries, engages in the manufacture and sale of confectionery products and pantry items in the United States and internationally. It operates through three segments: North America Confectionery, North America Salty Snacks, and International. The company offers chocolate and non-chocolate confectionery products; gum and mint refreshment products, including mints, chewing gums, and bubble gums; protein bars; pantry items, such as baking ingredients, toppings, beverages, and sundae syrups; and snack items comprising spreads, bars, snack bites, mixes, popcorn, and pretzels. It provides its products primarily under the Hershey's, Reese's, Kisses, Jolly Rancher, Almond Joy, Brookside, barkTHINS, Cadbury, Good & Plenty, Heath, Kit Kat, Payday, Rolo, Twizzlers, Sour Strips, Whoppers, York, Ice Breakers, Breath Savers, Bubble Yum, Lily's, SkinnyPop, Pirates Booty, Dot's Homestyle Pretzels, and ONE Bar brands, as well as under the Pelon Pelo Rico, IO-IO, and Sofit brands. The company markets and sells its products to wholesale distributors, chain grocery stores, mass merchandisers, chain drug stores, vending companies, wholesale clubs, convenience stores, dollar stores, concessionaires, and department stores. It exports its products in approximately 65 countries worldwide. The Hershey Company was founded in 1894 and is based in Hershey, Pennsylvania.",Confectioners,United States,https://www.thehersheycompany.com,17550.0,3.16,2026-08-01T08:27:48.412950+00:00,
HUBB,28.011261,20.737328,2.23,6.390215,4.0115094,15.299999999999999,-0.8999999999999999,141.642,394700000.0,495812512.0,21.666999,14.491999,,5.9699997,0.34299999999999997,0.892,564.0,19.4,buy,1972-06-05,54.2,2026-07-28,"Hubbell Incorporated, together with its subsidiaries, manufactures and sells electrical and utility solutions in the United States and internationally. It operates through two segments, Electrical Solutions and Utility Solutions. The Utility Solution segment offers critical components that allow the grid to transmit and distribute energy, as well as the communications and controls technologies, including  utility transmission and distribution components, such as arresters, insulators, connectors, anchors, bushings, enclosures, cutouts, and switches; and solutions that serve the edge of the utility infrastructure comprising smart meters, communications systems, and protection and control devices. It sells its products under various brands and/or trademarks to the electrical distribution, substation and transmission markets, as well as markets for grid protection and controls, utility meters and advanced metering infrastructure and telcom and gas distribution markets. The Electrical Solution segment offers standard and special application wiring device products, rough-in electrical products, connector and grounding products, and other electrical equipment for use in industrial, commercial, and institutional facilities by electrical contractors, maintenance personnel, electricians, utilities, and telecommunications companies. It also designs and manufactures various industrial controls, and communication systems for use in the non-residential and industrial markets, as well a...",Electrical Equipment & Parts,United States,https://www.hubbell.com,19400.0,1.2,2026-08-01T08:27:48.719467+00:00,
HUM,34.58745,22.35045,2.07,,0.29992253,26.200000000000003,27.1,76.485,23871000576.0,1940999936.0,3.4649998,0.878,,4.02,0.209,0.717,401.30435,10.3,buy,1981-12-31,44.6,2026-07-29,"Humana Inc. provides medical and specialty insurance products in the United States. It operates in two segments, Insurance and CenterWell. The Insurance segment offers individual Medicare Advantage products, including health insurance benefits, including wellness programs, chronic care management, and care coordination; individual Medicare stand-alone prescription drug products (PDP); group Medicare advantage and Medicare stand-alone PDP; Medicare supplements; specialty and ancillary insurance comprising dental, vision, life and disability; and administrative services to arrange health care services for active-duty and retired military personnel and dependents, as well as pharmacy benefit managers. Its CenterWell segment operates full-service, value-based senior focused primary care centers under the Conviva Senior Primary Care and CenterWell Senior Primary Care brands; a management services organization; CenterWell Home Health, a home health provider; and OneHome, which manages post-acute patient needs, as well as provides pharmacy and hospice solutions. The company was formerly known as Extendicare Inc. and changed its name to Humana Inc. in April 1974. Humana Inc. was founded in 1961 and is headquartered in Louisville, Kentucky.",Healthcare Plans,United States,https://www.humana.com,67060.0,97.0,2026-08-01T08:27:49.025843+00:00,
HBAN,13.107694,9.078801,1.97,1.1575302,3.7515388,47.599999999999994,-2.9000000000000004,,16606999552.0,,41.932,26.131,,2.9499999999999997,0.8090001,0.952,20.15,18.3,buy,1980-03-17,46.4,2026-07-23,"Huntington Bancshares Incorporated operates as the bank holding company for The Huntington National Bank that provides commercial, consumer, and mortgage banking services. It offers financial products and services to consumer and business customers, including deposits, lending, payments, mortgage banking, dealer financing, investment management, trust, brokerage, insurance, and other financial products and services. The company also provides 24-Hour Grace, Asterisk-Free Checking, Money Scout, $50 Safety Zone, Standby Cash, Early Pay, Instant Access, Savings Goal Getter, And Huntington Heads Up; digitally powered consumer and business financial solutions to consumer finance, regional banking, branch banking, and wealth management customers; direct and indirect consumer loans; dealer finance loans and deposits; and private banking, wealth management and legacy planning through investment and portfolio management, fiduciary administration and trust, institutional custody, and full-service retail brokerage investment services. In addition, it offers equipment financing, asset-based lending, distribution finance, structured lending, municipal financing solutions, and Huntington ChoicePay. Additionally, the company provides lending, liquidity, treasury management and other payment services, and capital markets; government and non-profits, healthcare, technology and telecommunications, franchises, financial sponsors, fund finance, Native American financial, and global services; a...",Banks - Regional,United States,https://www.huntington.com,25527.0,3.64,2026-08-01T08:27:49.341222+00:00,
HII,19.454708,15.956965,1.02,2.497552,0.97562623,10.9,36.5,55.252,12000000.0,-300249984.0,7.08,5.013,,2.97,0.511,0.248,360.0909,10.3,buy,2011-03-22,15.4,2026-07-30,"Huntington Ingalls Industries, Inc. designs, builds, overhauls, and repairs military ships in the United States. It operates through three segments: Ingalls, Newport News, and Mission Technologies. The company is involved in the design and construction of non-nuclear ships comprising amphibious assault ships, surface combatants, and national security cutters for the U.S. Navy and U.S. Coast Guard. It also provides nuclear-powered ships, such as aircraft carriers and submarines, as well as refueling and overhaul, and inactivation services of nuclear-powered aircraft carriers. In addition, the company offers naval nuclear support services, including fleet services comprising design, construction, maintenance, and disposal activities for in-service the U.S. Navy nuclear ships; and maintenance services on nuclear reactor prototypes. Further, the company provides C5ISR systems and operations; application of artificial intelligence and machine learning to battlefield decisions; defensive and offensive cyberspace strategies and electronic warfare; uncrewed autonomous systems; live, virtual, and constructive solutions; platform modernization; and critical nuclear operations. Huntington Ingalls Industries, Inc. was founded in 1886 and is headquartered in Newport News, Virginia.",Aerospace & Defense,United States,https://www.hii.com,45000.0,1.69,2026-08-01T08:27:49.649921+00:00,
IEX,33.11063,24.348059,1.96,4.227975,4.7384458,6.4,10.9,47.06,621299968.0,555612480.0,22.17,14.49,,3.64,0.22300000000000003,0.974,248.0,7.6,buy,1989-06-02,37.2,2026-07-29,"IDEX Corporation, together with its subsidiaries, provides applied solutions in the United States, North America, Europe, Asia, and internationally. It operates through three segments: Health & Science Technologies (HST), Fluid & Metering Technologies (FMT) and Fire & Safety/Diversified Products (FSDP). The HST segment designs, produces, and distributes a range of precision fluidics, positive displacement pumps, powder and liquid processing technologies, drying systems, micro-precision components, pneumatic components and sealing solutions, high performance molded and extruded sealing components, and custom mechanical and shaft seals. This segment also offers engineered hygienic mixers and valves, biocompatible medical devices and implantable products, air compressors and blowers, optical components and coatings, ultra-precision diamond tools, and laboratory and commercial equipment, as well as precision photonic solutions, technical ceramics, hermetic sealing products, porous material structures, and flow control solutions. The FMT segment designs, produces, and distributes positive displacement pumps, valves, small volume provers, flow meters, injectors, other fluid-handling pump modules, and systems; and provides flow monitoring and other services. The FSDP segment designs, produces, and distributes firefighting pumps, valves and controls, and rescue tools; lifting bags and other components and systems; engineered stainless steel banding and clamping devices; and precis...",Specialty Industrial Machinery,United States,https://www.idexcorp.com,8700.0,1.27,2026-08-01T08:27:49.956966+00:00,
IDXX,41.138336,33.848606,3.65,28.468784,9.919068,14.299999999999999,17.2,71.04,200528000.0,786844480.0,31.783,24.634,,3.04,0.219,1.549,707.0,26.5,buy,1991-06-21,35.1,2026-08-04,"IDEXX Laboratories, Inc. develops, manufactures, and distributes products for the companion animal veterinary, livestock and poultry, dairy, and water testing industries in the United States and internationally. It operates through three segments: Companion Animal Group; Water Quality Products; and Livestock, Poultry and Dairy. The company offers point-of-care diagnostic solutions, blood and urine chemistry, hematology, immunoassay, urinalysis, cytology/morphology, and coagulation analyzers; and SNAP rapid assays test kits. It also provides commercial reference laboratory diagnostic and consulting services to veterinarians; veterinary consultation, telemedicine, and advisory services, including radiology, dental radiography, cardiology, internal medicine, and ultrasound consulting; Colilert, Colilert-18, and Colisure tests, which detect the presence of total coliforms and E. coli in water; Enterolert, Pseudalert, Filta-Max and Filta-Max xpress, Legiolert, Quanti-Tray products, and Tecta system instruments; UV Viewer Plus, a UV light cabinet which aids in  the visual interpretation of fluorescent-based water tests; and veterinary software and services for independent veterinary clinics and corporate groups. In addition, the company offers diagnostic tests, services, and related instrumentation to manage the health status of livestock and poultry; human medical diagnostic products and services; and VetConnect PLUS, a cloud-based technology that enables veterinarians to acces...",Diagnostics & Research,United States,https://www.idexx.com,11000.0,,2026-08-01T08:27:50.269750+00:00,
INCY,15.225477,13.600736,13.2,4.5902143,4.1629534,37.7,37.7,0.603,4535739904.0,1180664576.0,41.899,27.705999999999996,,9.060001,1.857,0.758,122.86364,2.8,buy,1993-11-04,32.7,2026-07-28,"Incyte Corporation, a biopharmaceutical company, engages in the discovery, development, and commercialization of therapeutics in the United States, Europe, Canada, and Japan. The company offers JAKAFI for the treatment of myelofibrosis (MF), polycythemia vera, and steroid-refractory acute graft-versus-host disease; ICLUSIG, a kinase inhibitor to treat chronic myeloid leukemia and Philadelphia-chromosome positive acute lymphoblastic leukemia; MONJUVI/ MINJUVI for the treatment of diffuse large B-cell lymphoma and Follicular Lymphoma; NIKTIMVO for the treatment of chronic graft-versus-host disease. It also provides INCA033989 for the treatment of essential thrombocythemia and MF;  INCA035784 for the treatment of anti-mutant calreticulin and myeloproliferative neoplasms (MPNs); INCB160058 for the treatment of MPNs; PEMAZYRE, a selective fibroblast growth factor receptor kinase inhibitor for the treatment of unresectable biliary tract cancer, metastatic cholangiocarcinoma, and myeloid/lymphoid neoplasms; ZYNYZ to treat adults with metastatic or recurrent locally advanced Merkel cell carcinoma. The company's clinical stage products include INCB123667 for ovarian cancer; INCB161734 for solid tumors; INCA33890 for cancers; Ruxolitinib cream for atopic dermatitis, hidradenitis suppurativa (HS), and prurigo nodularis; Povorcitinib for HS, nonsegmental vitiligo, prurigo nodularis, and asthma; and INCB00928 for the treatment of fibrodysplasia ossificans progressive. It has collaborat...",Biotechnology,United States,https://www.incyte.com,2844.0,,2026-08-01T08:27:50.584138+00:00,
PODD,38.723656,20.529127,1.51,8.792407,3.9481914,33.900000000000006,159.0,77.844,480400000.0,253375008.0,16.03,10.438,,7.57,0.329,1.111,235.54167,42.5,buy,2007-05-15,19.2,2026-08-05,"Insulet Corporation develops, manufactures, and sells insulin delivery systems for people with insulin-dependent diabetes in the United States and internationally. The company offers Omnipod platform products comprising Omnipod 5 automated insulin delivery system, which includes a proprietary AID algorithm embedded in the pod that integrates with a third-party continuous glucose monitor to obtain glucose values through wireless Bluetooth communication; Omnipod DASH insulin management system that features a Bluetooth enabled pod that is controlled by a smartphone-like personal diabetes manager with a color touch screen user interface; and the Omnipod Insulin Management System. It also provides pods for Amgen for use in the Neulasta Onpro kit, which is a delivery system to help reduce the risk of infection after intense chemotherapy. The company sells its products to end-users through the pharmacy channel; and independent distributors. Insulet Corporation was incorporated in 2000 and is headquartered in Acton, Massachusetts.",Medical Devices,United States,https://www.insulet.com,5400.0,,2026-08-01T08:27:50.960210+00:00,
IVZ,,9.14249,0.9,1.0478247,1.8932852,20.5,,12.056,915400000.0,,19.950001,-0.9339999999999999,,6.329999999999999,0.606,1.597,32.45833,9.7,buy,1995-08-25,30.9,2026-07-28,"Invesco Ltd. is a publicly owned investment manager. The firm provides its services to retail clients, institutional clients, high-net worth clients, public entities, corporations, unions, non-profit organizations, endowments, foundations, pension funds, financial institutions, and sovereign wealth funds. It manages separate client-focused equity and fixed income portfolios. The firm also launches equity, commodity, fixed income, multi-asset, and balanced mutual funds for its clients. It launches equity, fixed income, multi-asset, and balanced exchange-traded funds. The firm also launches and manages private funds. It invests in the public equity and fixed income markets across the globe. The firm prefers to invest between $5 million and $15 million in companies. The firm also invests in alternative markets, such as commodities and currencies. For the equity portion of its portfolio, it invests in growth and value stocks of large-cap, mid-cap, and small-cap companies. For the fixed income portion of its portfolio, the firm invests in convertibles, government bonds, municipal bonds, treasury securities, and cash. It also invests in short term and intermediate term bonds, investment grade and high yield bonds, taxable and tax-free bonds, senior secured loans, and structured securities such as asset-backed securities, mortgage-backed securities, and commercial mortgage-backed securities. The firm employs absolute return, global macro, and long/short strategies. It employs qua...",Asset Management,United States,https://www.invesco.com/corporate/en/home.html,7405.0,2.91,2026-08-01T08:27:51.268530+00:00,
INVH,27.266054,42.1166,13.14,1.9385558,6.199053,10.100000000000001,60.5,93.776,75786000.0,,25.115,23.197001,,3.01,0.34199999999999997,0.843,32.78261,10.3,buy,2017-02-01,9.5,2026-07-29,"Invitation Homes is a leading owner and operator of single-family homes for lease, offering residents high quality homes in sought after neighborhoods across the United States. As of December 31, 2025, we wholly own 86,192 homes for lease, jointly own 8,006 homes for lease, and provide professional third-party property and asset management services for an additional 15,866 homes, all of which are primarily located in 16 core markets across the country. These homes help meet the needs of a growing share of Americans who count on the ease, flexibility, and savings of leasing. We provide our residents access to updated homes with features they value, as well as close proximity to jobs and good schools. The continued demand for our product proves that the choice and flexibility we offer are attractive to many people. We operate in markets with strong demand drivers, high barriers to entry, and high rent growth potential, primarily in the Western United States, Florida, and the Southeast United States. Through disciplined market and asset selection, as well as through strategic mergers and acquisitions, we designed our wholly and jointly owned portfolios to capture the operating benefits of local density as well as economies of scale that we believe cannot be readily replicated. Since our founding in 2012, we have built a proven, vertically integrated operating platform that enables us to effectively and efficiently acquire, renovate, lease, maintain, and manage both the homes ...",REIT - Residential,United States,https://www.invitationhomes.com,1725.0,4.04,2026-08-01T08:27:51.579134+00:00,
IQV,29.599497,16.28601,1.0,6.2687044,2.2778244,8.7,-0.6,257.975,2080000000.0,2149750016.0,13.027,8.096,,3.65,1.09399995,1.2,272.94443,16.1,strong_buy,2013-05-09,13.2,2026-07-28,"IQVIA Holdings Inc. provides clinical research services, commercial insights, and healthcare intelligence to the life sciences and healthcare industries in the Americas, Europe, Africa, and the Asia-Pacific. It operates through three segments: Technology & Analytics Solutions, Research & Development Solutions, and Contract Sales & Medical Solutions. The Technology & Analytics Solutions segment offers a range of cloud-based applications and associated implementation services; real world solutions that enable life sciences and provider customers to generate and disseminate evidence, which informs health care decision making and improves patients' outcomes; and strategic and implementation consulting services, such as advanced analytics and commercial processes outsourcing services. This segment also provides country level performance metrics related to sales of pharmaceutical products, prescribing trends, medical treatment, and promotional activity across various channels, including retail, hospital, and mail order; and measurement of sales or prescribing activity at the regional, zip code, and individual prescriber level. The Research & Development Solutions segment offers project management and clinical monitoring; clinical trial support; strategic planning and design services; and patient and site centric solutions, as well as central laboratory, genomic, bioanalytical, ADME, discovery, vaccine and biomarker laboratory services. The Contract Sales & Medical Solutions segm...",Diagnostics & Research,United States,https://www.iqvia.com,94000.0,,2026-08-01T08:27:51.890669+00:00,
IRM,132.95651,45.720608,2.7,-29.951027,5.022971,21.6,860.0,,250710000.0,-499464512.0,20.955999,3.758,,3.7699999999999996,0.8909999,1.219,132.81818,8.6,buy,1996-02-01,30.5,2026-08-05,"Iron Mountain Incorporated is trusted by more than 240,000 customers in 61 countries, including approximately 95% of the Fortune 1000, to help unlock value and intelligence from their assets through services that transcend the physical and digital worlds. Our broad range of solutions address their information management, digital transformation, information security, data center and asset lifecycle management needs. Iron Mountain Incorporated is based in Portsmouth, New Hampshire. Iron Mountain Incorporated was founded in 1951 and is incorporated in Delaware and is based in Portsmouth, New Hampshire.",REIT - Specialty,United States,https://www.ironmountain.com,29400.0,2.83,2026-08-01T08:27:52.199507+00:00,
JBHT,38.600853,26.864923,2.57,6.9785056,2.0093505,19.400000000000002,45.800000000000004,38.373,4162000.0,903028352.0,7.423,5.311,,3.32,20.435,1.294,305.45456,12.4,buy,1983-11-22,42.7,2026-07-15,"J.B. Hunt Transport Services, Inc. provides surface transportation, delivery, and logistic services in the United States. It operates through five segments: Intermodal, Dedicated Contract Services, Integrated Capacity Solutions, Final Mile Services, and Truckload. The JBI segment offers intermodal freight solutions. It operates 124,838 pieces of company-owned trailing equipment; owns and maintains its chassis fleet of 104,474 units; and manages a fleet of 5,880 company-owned tractors, 308 independent contractor trucks, and 8,704 company drivers. The DCS segment designs, develops, and executes supply chain solutions that support various transportation networks. As of December 31, 2025, it operated 11,878 company-owned trucks, 761 customer-owned trucks, and a contractor trucks. It operates 26,767 owned pieces of trailing equipment and 5,218 customer-owned trailers. The ICS segment provides freight brokerage and transportation logistics solutions; flatbed, refrigerated, expedited, and less-than-truckload, as well as dry-van and intermodal solutions; online multimodal marketplace; and logistics management services for customers to outsource their transportation functions. The FMS segment delivers services through 1,085 company-owned trucks, 169 customer-owned trucks, and 39 independent contractor trucks; and 1,091 owned pieces of trailing equipment and 98 customer-owned trailers. The JBT segment provides dry-van freight services by utilizing tractors and trailers operating ove...",Integrated Freight & Logistics,United States,https://www.jbhunt.com,31750.0,66.0,2026-08-01T08:27:52.508434+00:00,
JBL,38.609066,18.81275,0.82,24.962362,0.98282737,11.799999999999999,27.6,297.136,1360000000.0,1211624960.0,5.210999999999999,2.566,,3.7100002,1.191,1.279,441.44443,40.1,none,1993-05-03,33.2,2026-06-17,"Jabil Inc. provides engineering, manufacturing, and supply chain solutions worldwide. It operates in three segments: Regulated Industries, Intelligent Infrastructure, and Connected Living and Digital Commerce. The company offers electronic hardware, and embedded software design services for analog, digital, radio frequency, power, sensor, and optical component applications; creates, develops, and connects concepts and specifications that optimize the function, value, and appearance of products for both consumers and manufacturing partners; design of plastic and metal components, enclosures, sub-assemblies, and systems, with advanced modeling and analysis of electronic, electro-mechanical, and optical assemblies; detail design, environmental applications, thermal and tooling management; develop solutions for virtual and/or augmented reality, light detection and ranging, 3D sensing, projection, and imaging; delivering PCBA design with CAD tools; and electrical and mechanical assemblies. The company also offers cloud data center server platforms; medical and consumer health devices; automotive assemblies; a digital commerce ecosystem; and smart controls and security for digital building and utilities. In addition, the company offers systems assembly, test, direct-order fulfillment, and configure-to-order services. It serves 5G, wireless and cloud, digital print and retail, industrial and semi-cap, networking and storage, automotive and transportation, connected devices, healt...",Electronic Components,United States,https://www.jabil.com,135000.0,10.0,2026-08-01T08:27:52.839621+00:00,
JKHY,21.513966,21.692383,2.18,5.138263,4.3505645,8.7,12.5,6.398,20573000.0,373407744.0,24.369,20.637,,7.89,0.5930000000000001,0.571,185.7143,20.6,buy,1985-11-20,40.7,2026-05-05,"Jack Henry & Associates, Inc. operates as a financial technology company that connects people and financial institutions through technology solutions and payment processing services. It operates through four segments: Core, Payments, Complementary, and Corporate and Other. The Core segment provides core information processing platforms to banks and credit unions, which consist of integrated applications required to process deposit, loan, general ledger transactions, and maintain centralized accountholder information. The Payments segment offers secure payment processing tools and services, including ATM, automated clearing house origination and remote deposit capture processing, and risk management products and services, as well as debit and credit card processing services, and online and mobile bill pay solutions. The Complementary segment provides software, and hosted processing platforms and services comprising digital/mobile banking, treasury, online account opening, fraud/anti-money laundering, and lending/deposit solutions. The Corporate and Other segment offers hardware and other products. It offers specialized financial performance, imaging and payment, information security and risk management, retail delivery, and online and mobile solutions to financial services organizations and corporate entities. The company also provides SilverLake system, a system primarily designed for commercial-focused banks; Symitar, a system designed for credit unions; CIF 20/20, a para...",Information Technology Services,United States,https://www.jackhenry.com,7300.0,1.54,2026-08-01T08:27:53.196323+00:00,
J,39.223835,16.394756,0.43,4.843144,1.2093486,27.0,,138.776,1371911936.0,512446368.0,-0.936,2.8959999,,6.9699995,0.529,0.672,156.53333,16.0,buy,1980-03-17,46.4,2026-08-04,"Jacobs Solutions Inc. engages in the infrastructure and advanced facilities, and consulting businesses in the United States, Europe, Canada, India, Asia, Australia, New Zealand, the Middle East, and Africa. The company provides consulting, planning, architecture, design, engineering, and infrastructure delivery services including project, program, and construction management and long-term operation of facilities. It also offers consulting services for consumer and manufacturing, defense and security, energy and utilities, financial services, government, health and life sciences, and transport sectors. The company was founded in 1947 and is headquartered in Dallas, Texas.",Engineering & Construction,United States,https://www.jacobs.com,47000.0,1.08,2026-08-01T08:27:53.491971+00:00,
KVUE,22.904762,15.496758,1.64,3.4823527,2.4157054,4.5,46.9,82.975,1075000064.0,1858000000.0,21.617001,10.6070004,,3.7199999999999998,0.051000000000000004,0.437,19.83333,3.1,hold,2023-05-04,3.2,2026-08-06,"Kenvue Inc. operates as a consumer health company in the United States, rest of North America, Europe, the Middle East, Africa, the Asia-Pacific, and Latin America. It operates in three segments: Self Care, Skin Health and Beauty, and Essential Health. The company offers over-the-counter medicine for cough, cold and allergy, pain care, digestive health, smoking cessation, and eye care, as well as other naturally inspired and self-care products, digital diagnostics, and telemedicine; face and body care, hair, sun, and other care products; oral and baby care, women's health, wound care, and other essential health products; tampons; cosmetics; and vitamins and supplements. It sells its products under the Benadryl, Calpol, Motrin, Nicorette, Rhinocort, Tylenol, Zarbee's Naturals, and Zyrtec; Aveeno, Dr.Ci:Labo, Le Petit Marseillais, Lubriderm, Neutrogena, OGX, and Rogaine; BAND-AID, Carefree, Desitin, Johnson's, Listerine, o.b., and Stayfree; and ORSL, Clean & Clear, Versalie, Benylin, Daktarin, Imodium, Johnson's Baby, Johnson's Adult, Maui Moisture, Microlax, Motilium, Neosporin, Neostrata, Pepcid, Pulmicort, Regaine, Sudafed, and Visine/Vispring/Visclear brands. Kenvue Inc. was incorporated in 2022 and is headquartered in Summit, New Jersey.",Household & Personal Products,United States,https://www.kenvue.com,21780.0,4.35,2026-08-01T08:27:53.790814+00:00,
KDP,23.051851,12.31037,1.05,1.6760017,2.4988558,9.4,-47.699999999999996,85.985,898000000.0,-16345499648.0,19.014,10.812,,5.1599998000000005,4.978,0.407,35.23529,13.2,buy,2008-05-07,18.2,2026-08-06,"Keurig Dr Pepper Inc. owns, manufactures, and distributors beverages and single serve brewing systems in the United States and internationally. The company operates through three segments: U.S. Refreshment Beverages, U.S. Coffee, and International. It manufactures and distributes branded concentrates, syrup, and finished beverages, as well as sales of owned brands and third-party brands; tea, cocoa, and other products; and offers finished goods relating to K-Cup pods, single serve brewers, specialty coffee, and ready to drink coffee products. The company offers its products under the Dr Pepper, Canada Dry, Mott's, A&W, Peñafiel, GHOST, Snapple, 7UP, Green Mountain Coffee Roasters, Clamato, Core Hydration, The Original Donut Shop, Sunkist soda, Squirt, C4 Energy, Hawaiian Punch, Electrolit, Bloom, Bai, Evian, Yoo-Hoo, Vita Coco, Big Red, RC Cola, Crush, McCafé, Tim Hortons, Van Houtte, Celestial Seasonings, Bigelow, Starbucks, Dunkin', Folgers, Peet's, and Swiss Miss brands, as well as other partner and private label brands. It markets and sells its products to supermarkets, mass merchandisers, club stores, e-commerce retailers, office superstores, vending machines, fountains, grocery and drug stores, convenience stores, and other small outlets; and directly to consumers through Keurig.com website. Keurig Dr Pepper Inc. was founded in 1981 and is headquartered in Frisco, Texas.",Beverages - Non-Alcoholic,United States,https://www.keurigdrpepper.com,30600.0,2.96,2026-08-01T08:27:54.089661+00:00,
KEY,13.210526,10.563579,1.66,1.3999753,3.2854798,10.100000000000001,25.3,,2647000064.0,,34.925,27.54,,0.0,0.296,1.024,26.02105,15.2,buy,1987-11-05,38.7,2026-10-20,"KeyCorp operates as the holding company for KeyBank National Association that provides various retail and commercial banking products and services in the United States. It operates in two segments, Consumer Bank and Commercial Bank. The company offers various deposits and investment products; personal finance and financial wellness, lending, student loan refinancing, mortgage and home equity, credit card, treasury, and business advisory; commercial leasing, investment management, consumer finance; and wealth management and investment services for institutional, non-profit, and high-net-worth clients. It also provides lending, cash management, equipment financing, and commercial mortgage loans; and capital market products and services, such as syndicated finance, debt and equity underwriting, fixed income and equity sales and trading, derivatives, foreign exchange, mergers and acquisition, other advisory services, and public finance to large corporate and institutional clients. In addition, the company offers personal and institutional trust custody services, personal financial and planning services, access to mutual funds, treasury services, and international banking services. Further, it provides community development financing, securities underwriting, brokerage, and investment banking services, as well as merchant services. The company was founded in 1849 and is headquartered in Cleveland, Ohio.",Banks - Regional,United States,https://www.key.com,17493.0,3.63,2026-08-01T08:27:54.401991+00:00,
KMB,21.307991,14.4643135,2.29,20.201443,2.1916163,2.7,17.9,371.264,542000000.0,1054625024.0,19.649,12.798999,,14.87,0.70700003,0.279,117.0,7.0,hold,1980-03-17,46.4,2026-08-04,"Kimberly-Clark Corporation, together with its subsidiaries, manufactures and markets personal care products in the United States. It operates in two segments, North America and International Personal Care. The North America segment offers disposable diapers, training and youth pants, swimpants, baby wipes, feminine and incontinence care products, reusable underwear, facial and bathroom tissue, paper towels, napkins, wipers, tissue, towels, soaps and sanitizers, and other related products under the Huggies, Pull-Ups, Goodnites, Kotex, Poise, Depend, Kleenex, Scott, Cottonelle, Viva, Wypall , and other brand names. Its International Personal Care segment provides baby and child care, adult care and feminine care, including disposable diapers, training and youth pants, swimpants, baby wipes, feminine and incontinence care products, reusable underwear, and other related products under the Huggies, Kotex, Goodfeel, Intimus, Depend, and other brand names. The company sells its household use products directly to supermarkets, mass merchandisers, drugstores, warehouse clubs, variety and department stores, and other retail outlets, as well as through other distributors and e-commerce. It also sells its professional use products through distributors, directly to manufacturing, lodging, office building, food service, and high-volume public facilities, and through e-commerce. Kimberly-Clark Corporation was founded in 1872 and is headquartered in Dallas, Texas.",Household & Personal Products,United States,https://www.kimberly-clark.com,36000.0,4.65,2026-08-01T08:27:54.704674+00:00,
KHC,,12.31797,0.99,0.73130023,1.2265848,0.8,13.600000000000001,50.258,4091000064.0,3212250112.0,20.738001,-23.049,,10.76,27.778000000000002,0.077,24.20588,-6.4,hold,2015-07-06,11.1,2026-08-05,"The Kraft Heinz Company, together with its subsidiaries, manufactures and markets food and beverage products in North America and internationally. Its products include condiments, sauces, dressings, and spreads; cheese, frozen potato products, and other frozen meals; meal kits, frozen snacks, and pickles; dry packaged desserts, refrigerated ready to eat desserts, and other dessert toppings; ready to drink and powdered beverages, and liquid concentrates; American sliced and recipe cheeses; mainstream coffee, coffee pods, and premium coffee; and cold cuts, bacon, and hot dogs. It offers its products under the Kraft, Oscar Mayer, Heinz, Philadelphia, Lunchables, Velveeta, Ore-Ida, Capri Sun, Maxwell House, Kool-Aid, Jell-O, ABC, Master, Quero, Golden Circle, Wattie's, Pudliszki, and Plasmon brands, as well as Bagel Bites, Claussen, A1, and Cool Whip. It sells its products through its own sales organizations, as well as through independent brokers, agents, and distributors to chain, wholesale, cooperative, and independent grocery accounts; convenience, value, and club stores; pharmacies and drug stores; mass merchants; foodservice distributors; institutions, including hotels, restaurants, bakeries, hospitals, health care facilities, and government agencies; and various e-commerce platforms and retailers. The company has a strategic partnership with the National Football League. The company was formerly known as H.J. Heinz Holding Corporation and changed its name to The Kraft H...",Packaged Foods,United States,https://www.kraftheinzcompany.com,35000.0,6.07,2026-08-01T08:27:55.009020+00:00,
LH,25.574856,15.725447,1.3,,1.7433983,5.800000000000001,28.199999999999996,78.464,141800000.0,892049984.0,12.24,6.9860004,,3.3299996999999997,0.35400000000000004,0.861,315.625,2.1,none,1990-03-29,36.3,2026-07-30,"Labcorp Holdings Inc. provides laboratory services. It operates in Diagnostics Laboratories and Biopharma Laboratory Services segments. The company offers various tests, such as blood chemistry analyses, urinalyses, blood cell counts, thyroid tests, PAP tests, hemoglobin A1C, PSA, tests for sexually transmitted diseases, vitamin D testing, microbiology cultures and procedures, and alcohol and other substance abuse tests. It also provides specialty testing services comprising gene-based and esoteric testing; advanced tests target specific diseases; services related to anatomic pathology/oncology, cardiovascular disease, coagulation, diagnostic genetics, endocrinology, infectious disease, women's health, pharmacogenetics, parentage and donor testing, occupational testing service, medical drug monitoring services, chronic disease programs, and kidney stone prevention tests; and health and wellness services to employers and managed care organizations. In addition, it offers digital pathology solutions, a pathology platforms that support the digitization, centralized review, and sharing of pathology slides; provider and payer digital platforms, an online applications for providers, MCOs, and ACOs; online and mobile applications that enable patients to check offerings, schedule PSC visits, check-in upon PSC arrival, complete documentation, access tests and test results, and manage their accounts; and Generative AI enabled Test Selection, a generative AI enabled tool. It serves c...",Diagnostics & Research,United States,https://www.labcorp.com,71000.0,93.0,2026-08-01T08:27:55.355739+00:00,
LVS,19.32411,13.836688,1.15,54.5039,2.3081937,-0.7000000000000001,-19.8,1703.902,3376000000.0,2212875008.0,19.658001,12.588,,12.5,52.888000000000005,0.824,59.06842,20.8,buy,2004-12-15,21.6,2026-07-22,"Las Vegas Sands Corp., together with its subsidiaries, owns, develops, and operates integrated resorts in Macao and Singapore. It owns and operates The Venetian Macao Resort Hotel, The Londoner Macao, The Parisian Macao, The Plaza Macao and Four Seasons Hotel Macao, and The Sands Macao in Macao, the People's Republic of China; and Marina Bay Sands in Singapore. The company's integrated resorts feature accommodations, gaming, entertainment and retail malls, convention and exhibition facilities, celebrity chef restaurants, and other amenities. The company was founded in 1988 and is based in Las Vegas, Nevada.",Resorts & Casinos,United States,https://www.sands.com,41000.0,2.41,2026-08-01T08:27:55.659054+00:00,
LDOS,10.284698,8.82203,2.46,2.900587,0.839102,3.6999999999999997,-7.6,137.125,457000000.0,1194749952.0,12.227,8.154,,5.84,0.56800004,0.547,150.66667,30.3,buy,2006-10-17,19.8,2026-08-04,"Leidos Holdings, Inc., together with its subsidiaries, provides services and solutions for government and commercial customers in the United States and internationally. The National Security & Digital segment provides national security software; services by using artificial intelligence and machine learning to coordinate sea, ground, air, and space to help warfighters; offensive, defensive, and physical cyber operation solutions; intelligence analysis, operational support, logistics operations, security, linguistics, force production, biometrics, chemical, biological, radiological, nuclear, and explosives, energetics, training, and other services; and Digital Modernization and transformation services. The Health & Civil segment offers air traffic control systems; health mission software; managed health services; infrastructure management and operation; logistical operations and information technology support; and life science research and development support services. The Commercial & International segment provides power grid engineering and design, grid modernization, utility planning and consulting, energy management and efficiency, technology-driven innovation, and software and application development; people scanners, computed tomography carry-on baggage scanners, checked baggage scanners, and explosive trace detectors; mobile, non-intrusive ports and borders inspection systems; and open-architecture platform that transforms airport security by integrating disparate de...",Information Technology Services,United States,https://www.leidos.com,50000.0,1.53,2026-08-01T08:27:55.959708+00:00,
LEN,12.907523,12.707352,11.3,0.9175385,0.60596794,-5.2,-31.5,28.692,1853501952.0,1077926016.0,5.275000299999999,4.934,,0.27,6.802999999999999,1.394,87.0,5.6,hold,1980-03-17,46.4,2026-06-11,"Lennar Corporation, together with its subsidiaries, operates as a homebuilder primarily under the Lennar brand in the United States. It operates through Homebuilding East, Homebuilding Central, Homebuilding South Central, Homebuilding West, Financial Services, Multifamily, and Lennar Other segments. The company's homebuilding operations include the construction and sale of single-family attached and detached homes, as well as the purchase, development, and sale of residential land; and development, construction, and management of multifamily rental properties. It also offers residential mortgage financing, title insurance, and closing services for home buyers and others, as well as originating and selling securitization commercial mortgage loans. In addition, the company is involved in fund investment activities. It primarily serves first-time, move-up, active adult, and luxury homebuyers. The company was founded in 1954 and is based in Miami, Florida.",Residential Construction,United States,https://www.lennar.com,12532.0,2.43,2026-08-01T08:27:57.764727+00:00,
LII,18.54951,15.808089,1.24,11.079497,2.7107794,3.0,0.1,156.082,52100000.0,277737504.0,22.856002,14.871,,8.939999,9.6219994,1.163,531.53845,27.8,buy,1999-07-29,27.0,2026-07-29,"Lennox International Inc., together with its subsidiaries, designs, manufactures, and markets products for the heating, ventilation, air conditioning, and refrigeration markets in the United States, Canada, and internationally. The Home Comfort Solutions segment provides furnaces, air conditioners, heat pumps, packaged heating and cooling systems, indoor air quality equipment, comfort control products, and replacement parts and supplies; residential heating, ventilation, cooling equipment, and air conditioning; and evaporator coils, air handlers, and unit heaters under Lennox, Dave Lennox Signature Collection, Armstrong Air, Ducane, AirEase, Concord, MagicPak, Advanced Distributor Products, Allied, Elite Series, Supco, Linebacker, Elite series, Merit Series, Comfort Sync, Healthy Climate, Healthy Climate Solutions, iComfort, ComfortSense, and Lennox Stores name. The Building Climate Solutions segment offers unitary heating and air conditioning equipment, controls, installation and service of commercial heating and cooling equipment, variable refrigerant flow commercial, curb, curb adapters, drop box diffusers, HVAC recycling, and salvage service. This segment also provides , condensing units, unit coolers, fluid coolers, air cooled condensers, process chillers, compressorized racks, and replacement parts and supplies under the Lennox, Model L, CORE, Enlight, Xion, Energence, Prodigy, Strategos, Raider, Lennox VRF, Lennox National Account Services, Allied Commercial, Duro D...",Building Products & Equipment,United States,https://www.lennox.com,5400.0,1.3,2026-08-01T08:27:58.070700+00:00,
LYV,,84.56567,18.96,-288.2947,1.544017,9.4,156.1,620.214,9071948800.0,1686319616.0,6.696000000000001,0.513,,16.09,32.429,,192.5,10.5,buy,2005-12-21,20.6,2026-07-30,"Live Nation Entertainment, Inc. operates as a live entertainment company worldwide. The company operates through Concerts, Ticketing, and Sponsorship & Advertising segments. Its Concerts segment promotes live music events in its owned or operated venues, and in rented third-party venues. This segment operates and manages music venues; produces music festivals; creates associated content; and offers management and other services to artists. The Ticketing segment manages the ticketing operations, including the provision of ticketing software and services to consumers with marketplace for tickets and event information through mobile apps, other websites, and retail outlets, as well as its websites, such as livenation.com and ticketmaster.com; and provides ticket resale services. This segment offers ticketing services for arenas, stadiums, amphitheaters, music clubs, concert promoters, professional sports franchises and leagues, college sports teams, performing arts venues, museums, and theaters. Its Sponsorship & Advertising segment sells international, national, and local sponsorships and placement of advertising, including signage, online advertising, and promotional programs; rich media offering, including advertising related with live streaming and music-related content; and ads through distribution network of venues, events, and websites. This segment also manages the development of strategic sponsorship programs, as well as develops, books, and produces custom events or...",Entertainment,United States,https://www.livenationentertainment.com,17700.0,,2026-08-01T08:27:58.376951+00:00,
L,14.8160925,40.00345,1.32,1.2762657,1.2892925,1.4000000000000001,-6.3,45.603,6506999808.0,2084000000.0,11.833,8.825,,2.6500002,18.906,0.518,,,none,1980-03-17,46.4,2026-08-03,"Loews Corporation, through its subsidiaries, provides commercial property and casualty insurance in the United States and internationally. The company offers specialty insurance products, such as management and professional liability and other coverage products; surety and fidelity bonds; professional liability coverages and risk management services to various professional firms, including architects, real estate agents, and accounting and law firms; standard and excess property, marine and boiler, machinery coverages, workers' compensation, general and product liability, commercial auto, umbrella, excess and surplus coverages, specialized loss-sensitive insurance programs, total risk management services relating to claim and information services; directors and officers, errors and omissions, employment practices, fiduciary, fidelity, and cyber coverages, as well as for small and mid-size firms, public and privately held firms, and not-for-profit organizations; and insurance products to serve the health care industry, including professional and general liability, as well as associated casualty coverage to aging services, allied medical facilities, dentists, physicians, nurses, and other medical practitioners. It also provides warranty and alternative risk, and run-off long-term care insurance products; ethane supply and transportation services for petrochemical customers, as well as transports and stores natural gas and natural gas liquids; operates a chain of hotels; deve...",Insurance - Property & Casualty,United States,https://www.loews.com,13100.0,21.0,2026-08-01T08:27:58.679209+00:00,
LULU,9.6720915,10.546144,0.91,2.818628,1.2048113,4.3,-35.0,44.264,1514728960.0,1133960960.0,11.205,13.028999999999998,,9.229999999999999,4.5760002,0.878,127.73077,7.5,hold,2007-07-27,19.0,2026-06-04,"lululemon athletica inc., together with its subsidiaries, designs, distributes, and retails technical athletic apparel, footwear, and accessories for women and men under the lululemon brand in the United States, Canada, Mexico, China, Hong Kong, Taiwan, Macau, Greece, and internationally. It offers pants, shorts, tops, and jackets for athletic activities, such as yoga, running, training, and other activities. The company also provides fitness-inspired accessories. It sells its products through company-operated stores; seasonal stores, pop-ups, university campus retailers, and yoga and fitness studios; outlets; Like New, a re-commerce program; and its e-commerce website. The company was founded in 1998 and is based in Vancouver, Canada.",Apparel Retail,Canada,https://corporate.lululemon.com,39000.0,,2026-08-01T08:27:58.981967+00:00,
MTB,13.072717,11.701894,1.68,1.3991683,3.776907,6.2,25.5,,17437999104.0,,45.108002,32.092,,4.54,0.336,0.569,255.80556,3.9,hold,1980-03-17,46.4,2026-10-16,"M&T Bank Corporation operates as a bank holding company for Manufacturers and Traders Trust Company and Wilmington Trust, National Association that provides retail and commercial banking products and services in the United States. The company operates through three segments: Commercial Bank, Retail Bank, and Institutional Services and Wealth Management. It offers a range of credit products and banking services, such as commercial lending and leasing, letters of credits, deposit products, cash management services, commercial real estate loans, and credit facilities secured by various commercial real estate properties to middle-market and large commercial customers. The company also provides customers deposit products, including demand, savings and time accounts, and other services; automobile and recreational finance loans, home equity loans and lines of credit, credit cards, and other loan products, as well as residential mortgage and real estate loans; business loans, cash management, payroll, direct deposit, and merchant credit card services to consumers and small businesses through branch network, telephone banking, internet banking, and automated teller machines. In addition, it offers trustee, agency, investment management, and administrative services; personal trust, planning and advisory, fiduciary, asset management, family office, and other services; and investment products, including mutual funds and annuities, and other services for corporations and institutions,...",Banks - Regional,United States,https://www.mtb.com,21662.0,2.43,2026-08-01T08:27:59.286466+00:00,
MLM,34.122158,23.308966,2.77,2.791724,4.7163544,,,51.533,112000000.0,656249984.0,20.031,36.736999999999995,,4.65,0.8069999499999999,,678.86365,29.3,buy,1994-02-17,32.4,2026-07-30,"Martin Marietta Materials, Inc., a natural resource-based building materials company, supplies aggregates and heavy-side building materials to the construction industry in the United States and internationally. It operates through East Group and West Group segments. The company offers crushed stone, sand, and gravel products; ready mixed concrete and asphalt; and paving products and services for use in the infrastructure projects, and nonresidential and residential construction projects, as well as in the railroad, agricultural, utility, and environmental industries. It also produces magnesia-based chemicals products, and dolomitic lime primarily to customers for steel production and soil stabilization. Its chemical products are used in flame retardants, wastewater treatment, pulp and paper production, and other applications. The company was founded in 1939 and is based in Raleigh, North Carolina.",Building Materials,United States,https://www.martinmarietta.com,9600.0,63.0,2026-08-01T08:27:59.594194+00:00,
MAS,16.623257,15.299855,1.84,-38.616966,1.849732,-2.9000000000000004,24.5,,548000000.0,897124992.0,23.645,11.613999999999999,,4.95,0.22999999999999998,1.282,81.05882,13.4,buy,1980-03-17,46.4,2026-07-29,"Masco Corporation provides home improvement and building products in North America, Europe, and internationally. The company's Plumbing Products segment offers faucets, showerheads, handheld showers, valves, bath hardware and accessories, bathing units, shower bases and enclosures, shower drains, steam shower systems, water filtration systems, and sinks and kitchen accessories; acrylic tubs, bath and shower enclosures, and shower bases and trays; spas, exercise pools, and aquatic fitness systems and saunas; brass, copper, and composite plumbing system component and other non-decorative plumbing products; water products; and thermoplastic products, extruded plastic profiles, and specialized fabrication products, as well as PEX tubing products. This segment provides its products under the DELTA, BRIZO, PEERLESS, HANSGROHE, AXOR, KRAUS, NEWPORT BRASS, GINGER, WALTEC, BRISTAN, HERITAGE, MIROLIN, HOT SPRING, CALDERA, FREEFLOW SPAS, FANTASY SPAS, AQUATERRA, LIFESMART, ENDLESS POOLS, TYLO, FINNLEO, HELO, BRASSCRAFT, PLUMBSHOP, and MASTER PLUMBER brands, as well as under private label to home center and online retailers, mass merchandisers, wholesalers and distributors, plumbers, building contractors, remodelers, smaller retailers, and consumers and homebuilders. Its Decorative Architectural Products segment offers paints, primers, specialty coatings, stains, and waterproofing products, as well as paint applicators and accessories; cabinet and door hardware, functional hardware, h...",Building Products & Equipment,United States,https://masco.com,18000.0,1.78,2026-08-01T08:27:59.900341+00:00,
MKC,8.483334,15.429479,2.24,1.9561876,1.8528181,16.7,-14.2,65.143,331200000.0,714025024.0,17.422001,21.912001,,,0.026,0.626,60.61538,19.1,buy,1973-02-21,53.4,2026-06-25,"McCormick & Company, Incorporated manufactures, markets, and distributes herbs, spices, seasoning mixes, condiments, and other flavorful products to the food industry. It operates in two segments, Consumer and Flavor Solutions. The Consumer segment offers spices, herbs, and seasonings, as well as condiments, sauces, and desserts. This segment markets its products under the McCormick, French's, Frank's RedHot, Lawry's, Cholula Hot Sauce, Club House, Gourmet Garden, and OLD BAY brands in the Americas; Ducros, Schwartz, Kamis, LA Drogheria, and Vahiné brands in Europe, the Middle East, and Africa; and McCormick and DaQiao brands in the Asia/Pacific (APAC), as well as desserts under the Aeroplane brand; and packaged chilled herbs under the Gourmet Garden brand. Its authentic regional brands include Zatarain's, Stubb's, Thai Kitchen, and Simply Asia. The company also supplies its products under private labels. This segment serves retailers, including grocery, mass merchandise, warehouse clubs, discount and drug stores, and e-commerce retailers directly and indirectly through distributors and wholesale foodservice suppliers. The Flavor Solutions segment offers seasoning blends, spices, herbs, condiments, coating systems, and compound flavors to multinational food manufacturers and foodservice customers. It serves foodservice customers directly and indirectly through distributors. The company was founded in 1889 and is headquartered in Hunt Valley, Maryland.",Packaged Foods,United States,https://www.mccormickcorporation.com,14100.0,3.77,2026-08-01T08:28:00.211047+00:00,
MCHP,337.68182,17.682201,0.26,6.260745,8.559143,35.099999999999994,,87.715,240300000.0,1139912448.0,17.068,4.8800003,,8.68,1.781,1.727,113.08333,52.2,buy,1993-03-19,33.4,2026-08-06,"Microchip Technology Incorporated develops, manufactures, and sells smart, connected, and secure embedded control solutions in the Americas, Europe, and Asia. It operates in two segments, Semiconductor Products and Technology Licensing. The company offers general-purpose 8-bit, 16-bit, 32-bit, and 64-bit mixed-signal microcontrollers; 32-bit and 64-bit embedded mixed-signal microprocessors; and specialized mixed-signal microcontrollers for automotive, industrial, computing, communications, lighting, power supplies, motor control, human-machine interface, security, wired connectivity, and wireless connectivity applications. It also provides analog products, including power management, linear, mixed-signal, high voltage, thermal management, discrete diodes and MOSFETs, radio frequency (RF), gate drivers, safety, security, timing, application-specific standard products, USB, Ethernet, wireless, and other interface products; field-programmable gate array (FPGA) products; and application development tools that enable system designers to program mixed-signal microcontroller, FPGA, and microprocessor products. In addition, the company offers memory products consisting of serial electrically erasable programmable read-only memory, serial flash memories, parallel flash memories, serial static random-access memory, and electrically erasable random-access memory for footprint devices. Further, it licenses its SuperFlash embedded flash and non-volatile memory technologies to foundries...",Semiconductors,United States,https://www.microchip.com,17900.0,2.43,2026-08-01T08:28:00.517661+00:00,
MAA,38.809383,40.352848,7.03,2.7791426,7.1340804,0.8,-31.5,99.825,71529000.0,909082496.0,26.567,17.599999999999998,,3.94,0.461,0.728,143.2,8.2,hold,1994-01-28,32.5,2026-07-29,"Mid-America Apartment Communities, Inc. is a self-administered real estate investment trust (REIT) and member of S&P 500. MAA owns or has ownership interest in apartment communities primarily throughout the Southeast, Southwest and Mid-Atlantic regions of the U.S. focused on delivering strong, full-cycle investment performance. Mid-America Apartment Communities, Inc. was incorporated in 1977 in Tennessee and is based in Germantown, United States.",REIT - Residential,United States,https://www.maac.com,2507.0,4.45,2026-08-01T08:28:00.816745+00:00,
MRNA,,-11.671305,,2.937835,9.7761,260.2,,17.522,5205000192.0,-20000000.0,-131.10499,-143.55099,,16.149999,7.298,0.942,49.36842,-9.9,hold,2018-12-07,7.6,2026-07-31,"Moderna, Inc., a biotechnology company, provides messenger RNA medicines in the United States, Europe, and internationally. The company's respiratory vaccines include spikevax, mNEXSPIKE, mRESVIA, COVID, RSV, seasonal influenza, combination, and pandemic influenza vaccine; latent vaccines comprise cytomegalovirus, epstein-barr virus, and human immunodeficiency virus vaccines; enteric viruses include norovirus; public health vaccines consist of Zika, Nipah, and Mpox vaccines; and bacterial diseases vaccines, such as lyme vaccines. It also provides oncology therapeutics, such as intismeran autogene, cancer antigen therapy, t-cell engager, and cell therapy enhancer; and rare disease products, including propionic and methylmalonic acidemia, and cystic fibrosis. It has strategic alliances and collaborations with Merck & Co., Inc; Vertex Pharmaceuticals Incorporated; Vertex Pharmaceuticals (Europe) Limited; immatics N.V.; Defense Advanced Research Projects Agency; Biomedical Advanced Research and Development Authority; Institute for Life Changing Medicines; The Bill & Melinda Gates Foundation; and OpenAI. The company was formerly known as Moderna Therapeutics, Inc. and changed its name to Moderna, Inc. in August 2018. Moderna, Inc. was founded in 2010 and is headquartered in Cambridge, Massachusetts.",Biotechnology,United States,https://www.modernatx.com,4700.0,,2026-08-01T08:28:01.126031+00:00,
TAP,,8.370325,3.92,0.77616966,0.69670844,2.0,35.6,62.567,469500000.0,774062528.0,12.4239996,-18.854000000000003,,25.83,12.7,0.419,45.09524,8.5,hold,1975-06-12,51.1,2026-08-06,"Molson Coors Beverage Company manufactures, markets, distributes, and sells beer and other malt beverage products in the Americas, Europe, the Middle East, Africa, and the Asia Pacific. It offers flavored malt beverages including hard seltzers, craft, spirits, and ready to drink beverages. The company also provides non-alcoholic beverages including premium mixers and energy drinks. It offers its products under Arnold Palmer Spiked, Aspall Cider, Blue Moon, Beck's, Blue Run Spirits, Cobra, Corona Extra, Coors Original, Fever-Tree, Heineken, Hidra, Leinenkugel's, Madri, Miller Genuine Draft, Molson Ultra, Peroni Nastro Azurro, Pilsner Urquell, Redd's, Rekorderlig, Sharp's, Simply Spiked, Staropramen, Stella Artois, Topo Chico Hard Seltzer, ZOA Energy, and Vizzy Hard Seltzer above premium brands; Bergenbier, Borsodi, Burgasko, Carling, Coors Banquet, Coors Light, Jelen, Miller Lite, Molson Canadian brands, Niksicko, and Oujsko under the premium brands; and Branik, Icehouse, Keystone, Lowenbrau, Miller High Life, Milwaukee's Best, and Steel Reserve under the economy brands. The company was formerly known as Molson Coors Brewing Company and changed its name to Molson Coors Beverage Company in January 2020. Molson Coors Beverage Company was founded in 1774 and is based in Golden, Colorado.",Beverages - Brewers,United States,https://www.molsoncoors.com,16200.0,4.62,2026-08-01T08:28:01.498468+00:00,
MOS,170.15385,12.033904,2.02,0.5956324,0.5656517,14.399999999999999,,48.19,281800000.0,-289787488.0,0.791,0.36199999,,12.379999999999999,0.34099999999999997,0.825,27.45263,24.1,buy,1988-01-26,38.5,2026-08-04,"The Mosaic Company, through its subsidiaries, produces and markets concentrated phosphate and potash crop nutrients. It operates in three segments: Phosphates, Potash, and Mosaic Fertilizantes. The company owns and operates mines and production facilities, which produce concentrated phosphate crop nutrients and phosphate-based animal feed ingredients, as well as concentrated phosphate crop nutrients, such as diammonium phosphate, monoammonium phosphate, and MicroEssentials, a value-added ammoniated phosphate product. It also mines, processes, and sells potash to crop nutrient manufacturers, distributors, retailers, and to customers for industrial use; and owns and operates mines, chemical plants, crop nutrient blending and bagging facilities, port terminals and warehouses, which produce and sell concentrated phosphate and potash-based crop nutrients, and phosphate-based animal feed ingredients. In addition, the company produces a double sulfate of potash magnesia product under the K-Mag brand; and purchases phosphate, potash, and nitrogen products to produce blended crop nutrients. Further, it offers triple superphosphate, single superphosphate, and dicalcium phosphate; feed phosphate under the Biofos and Nexfos brands; potash for de-icing and as a water softener regenerant; and phosphogypsum. The company sells its products to wholesale distributors, retail chains, cooperatives, independent retailers, and national accounts through its sales force. It also exports its produ...",Agricultural Inputs,United States,https://www.mosaicco.com,13249.0,3.86,2026-08-01T08:28:01.811841+00:00,
MSCI,31.441757,25.461031,2.28,-15.468454,12.478961,12.2,19.6,,352700000.0,1194705920.0,56.298,40.735,,2.0499999,3.5929999999999995,1.241,692.05884,20.9,strong_buy,2007-11-15,18.7,2026-10-20,"MSCI Inc., together with its subsidiaries, provides research-based data, analytics, and indexes, supported by advanced technology worldwide. The Index segment provides indexes for use in various areas of the investment process, including indexed financial products, such as ETFs, mutual funds, annuities, futures, options, structured products, and over-the-counter derivatives; performance benchmarking; portfolio construction and rebalancing; and asset allocation, as well as licenses GICS and GICS Direct. The Analytics segment offers risk management, performance attribution and portfolio management content, application, an integrated view of risk and return service, and an analysis of market, credit, liquidity, counterparty, and climate risk across asset classes; managed services, including consolidation of client portfolio data, review and reconciliation of input data and results, and customized reporting; and HedgePlatform to measure, evaluate, and monitor the risk of hedge fund investments. The Sustainability and Climate segment provides products and services that help institutional investors understand how ESG impacts the long-term risk and return of their portfolio and individual security-level investments; and data, ratings, research, and tools to assist investors navigate increasing regulation. The All Other  Private Assets segment comprises private credit, real estate and infrastructure data, benchmarks, return-analytics, climate assessments and market insights; busi...",Financial Data & Stock Exchanges,United States,https://www.msci.com,6327.0,1.42,2026-08-01T08:28:02.114619+00:00,
NTAP,28.110237,18.143341,1.95,25.895836,5.0581684,12.5,23.400000000000002,202.295,3584000000.0,1295250048.0,27.259,18.426001,,7.6,0.39399997000000003,1.451,177.25,-0.7,buy,1995-11-21,30.7,2026-09-02,"NetApp, Inc. provides a range of enterprise software, systems, and services that customers use to transform their data infrastructures in the United States, Canada, Latin America, Europe, the Middle East, Africa, and the Asia Pacific. It operates through two segments, Hybrid Cloud and Public Cloud. The company offers data management software, such as NetApp ONTAP, ONTAP One, NetApp Snapshot, NetApp SnapCenter Backup Management, NetApp SnapMirror Data Replication, and NetApp SnapLock Data Compliance; and storage infrastructure solutions, including NetApp AFF and ASA A-Series and C-Series, NetApp AFX, NetApp Fabric Attached Storage (FAS), NetApp E/EF series, and NetApp StorageGRID. It also provides cloud storage services comprising Azure NetApp Files, Amazon FSx for NetApp ONTAP, and Google Cloud NetApp Volumes, as well as NetApp Cloud Volumes ONTAP. In addition, the company offers operational services, such as NetApp Data Infrastructure Insights and Instaclustr; and professional and support services include storage-as-a-service (STaaS), strategic consulting, professional, managed, and support services, as well as assessment, design, implementation, migration, and proactive support services to help customers optimize the performance and efficiency of their on-premises and hybrid multicloud storage environments. Further, it offers ransomware protection, data backup and recovery, and disaster recovery. It serves various industries comprising energy, financial services, governm...",Software - Infrastructure,United States,https://www.netapp.com,11700.0,1.17,2026-08-01T08:28:02.419042+00:00,
NWSA,34.886074,21.344816,3.07,1.7665534,1.6950732,8.799999999999999,-10.4,31.559,2176999936.0,1744000000.0,10.113999999999999,12.920000000000002,,3.42,0.027000002,0.899,35.175,27.6,none,2013-06-19,13.1,2026-08-05,"News Corporation, a media and information services company, creates and distributes authoritative and engaging content, and other products and services for consumers and businesses. It operates through five segments: Digital Real Estate Services, Dow Jones, Book Publishing, News Media, and Other. The company distributes content and data products through various media channels, such as newspapers, newswires, websites, mobile apps, newsletters, magazines, proprietary databases, live journalism, video, and podcasts under the MarketWatch, The Wall Street Journal, Barron's, Investor's Business Daily, Factiva, Dow Jones Risk & Compliance, Dow Jones Newswires, and Dow Jones Energy brands. It also owns and operates Monday to Friday, Saturday and Sunday, weekly, and bi-weekly newspapers comprising The Australian, The Weekend Australian, The Daily Telegraph, The Sunday Telegraph, Herald Sun, Sunday Herald Sun, The Courier Mail, The Sunday Mail, The Advertiser, Sunday Mail, The Sun, The Sun on Sunday, The Times, The Sunday Times, and New York Post, as well as digital mastheads and other websites. In addition, the company publishes general fiction, nonfiction, children's, and religious books; and operates Storyful, a social media content agency, as well as sports radio network and news channels. Further, it offers property and property-related advertising and services on its websites and mobile applications; digital real estate services; and financial services. The company has operati...",Entertainment,United States,https://newscorp.com,22300.0,73.0,2026-08-01T08:28:02.739993+00:00,
NWS,39.58228,24.218157,3.53,2.0043588,1.9232562,8.799999999999999,-10.4,31.559,2176999936.0,1744000000.0,10.113999999999999,12.920000000000002,,13.420000000000002,34.837002,0.899,,,none,2013-06-19,13.1,2026-08-05,"News Corporation, a media and information services company, creates and distributes authoritative and engaging content, and other products and services for consumers and businesses. It operates through five segments: Digital Real Estate Services, Dow Jones, Book Publishing, News Media, and Other. The company distributes content and data products through various media channels, such as newspapers, newswires, websites, mobile apps, newsletters, magazines, proprietary databases, live journalism, video, and podcasts under the MarketWatch, The Wall Street Journal, Barron's, Investor's Business Daily, Factiva, Dow Jones Risk & Compliance, Dow Jones Newswires, and Dow Jones Energy brands. It also owns and operates Monday to Friday, Saturday and Sunday, weekly, and bi-weekly newspapers comprising The Australian, The Weekend Australian, The Daily Telegraph, The Sunday Telegraph, Herald Sun, Sunday Herald Sun, The Courier Mail, The Sunday Mail, The Advertiser, Sunday Mail, The Sun, The Sun on Sunday, The Times, The Sunday Times, and New York Post, as well as digital mastheads and other websites. In addition, the company publishes general fiction, nonfiction, children's, and religious books; and operates Storyful, a social media content agency, as well as sports radio network and news channels. Further, it offers property and property-related advertising and services on its websites and mobile applications; digital real estate services; and financial services. The company has operati...",Entertainment,United States,https://newscorp.com,22300.0,64.0,2026-08-01T08:28:03.048070+00:00,
NI,22.439394,19.71626,2.55,2.2051816,3.1224236,8.200000000000001,6.0,140.908,71900000.0,-1562412544.0,34.759,14.097999,,3.09,0.35499998,0.542,51.16667,15.2,buy,1973-02-21,53.4,2026-08-05,"NiSource Inc., an energy holding company, operates as a regulated natural gas and electric utility company in the United States. It operates in two segments, Columbia Operations and NIPSCO Operations. The company provides natural gas to residential, commercial, and industrial customers through approximately 37,300 miles of distribution main pipeline and the associated individual customer service lines; and 310 miles of transmission main pipeline in Ohio, Pennsylvania, Virginia, Kentucky, and Maryland. It also generates, transmits, and distributes electricity to approximately 0.5 million customers in various counties in the northern part of Indiana, as well as engages in wholesale electric and transmission transactions. It owns and operates steam coal generating stations in Wheatfield and Michigan City; combined cycle gas turbine in West Terre Haute; natural gas generating units in Wheatfield; hydro generating plants in Carroll County and White County; wind generating units in White County; and solar generating units in Sullivan County, Gibson County, Jasper County, and White County. The company was formerly known as NIPSCO Industries, Inc. and changed its name to NiSource Inc. in April 1999. NiSource Inc. was founded in 1847 and is headquartered in Merrillville, Indiana.",Utilities - Regulated Gas,United States,https://www.nisource.com,7668.0,2.66,2026-08-01T08:28:03.356542+00:00,
NDSN,31.848127,23.990332,1.82,5.181306,5.7141066,8.5,6.1,61.637,103139000.0,574589504.0,23.516001,18.188,,3.49,5.59,0.969,316.85715,6.4,buy,1980-03-18,46.4,2026-08-19,"Nordson Corporation engineers, manufactures, and markets products and systems to dispense, apply, and control adhesives, coatings, polymers, sealants, biomaterials, medical components, and other fluids. The Industrial Precision Solutions segment provides dispensing, coating, and laminating systems for adhesives, lotions, liquids, and fibers to disposable products and roll goods; automated adhesive dispensing systems; components and systems for thermoplastic and biopolymer melt stream; fluid components, such as nozzles, pumps, and filters; smart components that measure and control the flow, quantity and location of dispensed fluid; control systems; and product assembly solutions. It also offers automated and manual dispensing products and systems for cold materials, container coating, liquid finishing, and powder coating, as well as ultraviolet equipment. The Medical and Fluid Solutions segment offers precision manual and semi-automated dispensers, plastic molded syringes, cartridges, tips, and fluid connection components; interventional solutions for engineered shafts and interventional delivery systems, medical tubing, balloons, balloon inflators, nitinol devices, cardiovascular cannula, and biomaterial delivery; medical fluid components; and microplegia myocardial protection devices and related consumables. The Advanced Technology Solutions segment provides automated dispensing systems for high-speed, precise application of various attachment, protection, and coating flu...",Specialty Industrial Machinery,United States,https://www.nordson.com,8200.0,1.1,2026-08-01T08:28:03.665390+00:00,
NTRS,15.652061,14.415477,1.18,2.7856946,3.6687787,36.4,98.6,,1628199936.0,,42.496,24.67,,3.2800000000000002,0.8590001,1.26,183.8077,0.9,hold,1980-03-17,46.4,2026-10-21,"Northern Trust Corporation, a financial holding company, provides wealth management, asset servicing, asset management, and banking solutions for corporations, institutions, families, and individuals. It operates in two segments, Asset Servicing and Wealth Management. The Asset Servicing segment offers asset servicing and related services, including custody, fund administration, investment operations outsourcing, investment management, investment risk and analytics services, employee benefit services, securities lending, foreign exchange, treasury management, brokerage, transition management, banking, and cash management services. It serves corporate and public retirement funds, foundations, endowments, fund managers, insurance companies, sovereign wealth funds, and other institutional investors. The Wealth Management segment offers trust, investment management, custody, and philanthropic services; financial consulting; guardianship and estate administration; family business consulting; family financial education; brokerage; and private and business banking services. This segment also provides global custody, fiduciary services, family office consulting, and technology solutions to high-net-worth individuals and families, business owners, executives, professionals, retirees, and established privately held businesses. In addition, it offers asset management and related services comprising active and passive equity; active and passive fixed income; cash management; multi-ass...",Asset Management,United States,https://www.northerntrust.com,23600.0,1.8,2026-08-01T08:28:03.964370+00:00,
NCLH,11.230304,10.233104,1.02,3.4988673,0.8481694,9.6,,661.444,185047008.0,-1500744960.0,10.515001,5.664000000000001,,20.169999999999998,0.5459999999999999,1.876,21.64,16.8,buy,2013-01-18,13.5,2026-07-30,"Norwegian Cruise Line Holdings Ltd., together with its subsidiaries, operates as a cruise company in North America, Europe, the Asia-Pacific, and internationally. It offers itineraries to destinations, such as Europe, Asia, Australia, New Zealand, South America, Africa, Canada, Bermuda, the Caribbean, and Alaska; and inter-island itinerary in Hawaii. The company also provides features, amenities, and activities, including various accommodations, dining venues, bars and lounges, spas, casino and retail shopping areas, and entertainment choices; shore excursions at each port of call, and air transportation and hotel packages for stays before or after a voyage. It offers its products and services under the Norwegian Cruise Line, Oceania Cruises, and Regent Seven Seas Cruises brands. The company was founded in 1966 and is based in Miami, Florida.",Travel Services,United States,https://www.nclhltd.com,44500.0,,2026-08-01T08:28:04.262115+00:00,
NVR,16.339846,14.933658,4.97,,1.7092894,-10.9,-22.6,30.983,1093735936.0,,13.889000000000001,11.85,,7.71,5.5219997,0.902,6782.0,10.3,hold,1985-07-22,41.0,2026-07-23,"NVR, Inc. operates as a homebuilder in the United States. The company operates through Homebuilding and Mortgage Banking segments. It engages in the construction and sale of single-family detached homes, townhomes, and condominium buildings under the Ryan Homes, NVHomes, and Heartland Homes names. The company markets its Ryan Homes products to first-time and first-time move-up buyers; and NVHomes and Heartland Homes products to move-up and luxury buyers. It also provides various mortgage related services to its homebuilding customers, as well as brokers title insurance; performs title searches; and sells mortgage loans to investors in the secondary markets on a servicing released basis. The company primarily serves Maryland, Virginia, West Virginia, Delaware, Washington, D.C., New Jersey, Eastern Pennsylvania, New York, Ohio, Western Pennsylvania, Indiana, Illinois, North Carolina, South Carolina, Tennessee, Florida, Georgia, and Kentucky. NVR, Inc. was founded in 1948 and is headquartered in Reston, Virginia.",Residential Construction,United States,https://www.nvrinc.com,6300.0,,2026-08-01T08:28:04.569830+00:00,
ODFL,40.796154,32.143787,3.29,9.687642,7.874759,10.4,32.300000000000004,0.44,283939008.0,,29.942,19.443001,,5.21,8.222,1.184,229.5,8.2,hold,1991-10-24,34.8,2026-07-29,"Old Dominion Freight Line, Inc. operates as a less-than-truckload motor carrier in the United States and North America. The company offers regional, inter-regional, and national less-than-truckload services, as well as expedited transportation services. It also provides various value-added services, including container drayage, truckload brokerage, and supply chain consulting. In addition, the company operates fleet maintenance centers. As of December 31, 2025, it owned and operated 10,184 tractors, 30,824 linehaul trailers, and 14,313 pickup and delivery trailers. Old Dominion Freight Line, Inc. was founded in 1934 and is headquartered in Thomasville, North Carolina.",Trucking,United States,https://www.odfl.com,20173.0,55.00000000000001,2026-08-01T08:28:04.878994+00:00,
OMC,218.6111,6.536778,15.97,2.0455904,0.9651217,63.4,58.8,107.744,3336199936.0,4260624896.0,15.384,1.7439999000000002,,9.75,0.936,0.656,101.66667,29.2,buy,1980-03-17,46.4,2026-07-28,"Omnicom Group Inc., together with its subsidiaries, offers advertising, marketing, and corporate communications services. It provides a range of services in the areas of media and advertising, precision marketing, public relations, healthcare, branding and retail commerce, experiential, execution, and support. The company's services include advertising, branding, content marketing, crisis communications, customer data analytics and data-driven decision making, customer relationship management, decision sciences, digital experience design, digital transformation, e-commerce optimization, entertainment marketing, experiential marketing, field marketing, healthcare marketing and communications, in-store design, investor relations, and marketing research.Its services also comprise media planning and buying, merchandising and point of sale, mobile marketing, multi-cultural marketing, organizational communications, package design, performance marketing, product placement, promotional marketing, public affairs, public relations, retail media and e-commerce, shopper marketing, structured innovation, studio production, social media and influencer marketing, and sports and event marketing. It operates in the North and Latin America, Europe, the Middle East and Africa (EMEA), and the Asia Pacific. The company was incorporated in 1944 and is based in New York, New York.",Advertising Agencies,United States,https://www.omc.com,120000.0,4.02,2026-08-01T08:28:05.178851+00:00,
ON,61.825756,18.791548,0.26,4.3798637,5.238568,4.7,,44.337,2403599872.0,1282174976.0,18.232,9.462,,11.05,0.338,2.012,113.12,38.6,buy,2000-05-02,26.2,2026-08-03,"ON Semiconductor Corporation provides intelligent sensing and power solutions in Hong Kong, Singapore, the United Kingdom, the United States, and internationally. It operates through three segments: Power Solutions Group, Analog and Mixed-Signal Group, and Intelligent Sensing Group. The Power Solutions Group segment offers discrete, module, and integrated semiconductor devices designed to enable power conversion, including power switching, signal conditioning, and circuit protection technologies. Its Analog and Mixed-Signal Group segment designs and develops analog and mixed-signal solutions, including power management, sensor interface, connectivity, and standard products for automotive, industrial automation, AI data centers, computing, and mobile end markets. The Intelligent Sensing Group segment develops complementary metal-oxide-semiconductor image sensors, image signal processors, short-wave infrared sensors, and other products, as well as photon-counting technologies, including single-photon avalanche diode arrays and silicon photomultiplier devices for depth sensing, factory automation, safety systems, and robotics industries. ON Semiconductor Corporation was incorporated in 1992 and is headquartered in Scottsdale, Arizona.",Semiconductors,United States,https://www.onsemi.com,22600.0,,2026-08-01T08:28:06.977257+00:00,
OTIS,18.401533,15.598273,1.44,-4.765216,1.8368425,7.3,13.0,,813000000.0,1436249984.0,15.133000999999998,10.167,,4.3,0.14200001,0.891,90.5,25.8,buy,2020-03-19,6.4,2026-07-22,"Otis Worldwide Corporation engages in manufacturing, installation, and servicing of elevators and escalators in the United States, China, and internationally. The company operates in two segments, New Equipment and Service. The New Equipment segment designs, manufactures, sells, and installs a range of passenger and freight elevators, as well as escalators and moving walkways for residential and commercial buildings, and infrastructure projects. This segment serves real-estate and building developers, and general contractors. It sells its products directly to customers, as well as through agents and distributors. The Service segment performs maintenance and repair services, as well as modernization services to upgrade elevators and escalators. Otis Worldwide Corporation was founded in 1853 and is headquartered in Farmington, Connecticut.",Specialty Industrial Machinery,United States,https://www.otis.com,72000.0,2.46,2026-08-01T08:28:07.289955+00:00,
PKG,32.262466,19.394896,1.96,4.744847,2.2973182,14.7,-19.900000000000002,95.185,543699968.0,,11.8719995,7.256,,4.66,1.6239999,0.818,256.7,4.4,buy,2000-01-28,26.5,2026-07-22,"Packaging Corporation of America manufactures and sells containerboard and uncoated freesheet (UFS) paper products in North America. The company operates through Packaging and Paper segments. The Packaging segment offers various linerboard and corrugated packaging products, such as conventional shipping containers used to protect and transport manufactured goods; multi-color boxes and displays that help to merchandise the packaged product in retail locations; and honeycomb protective packaging products, as well as packaging for meat, fresh fruit and vegetables, processed food, beverages, and other industrial and consumer products. This segment sells its corrugated products through a direct sales and marketing organization. The Paper segment manufactures and sells commodity and specialty papers, as well as communication papers, including cut-size office papers, and printing and converting papers; and white papers. This segment sells papers through its sales and marketing organization. Packaging Corporation of America was founded in 1867 and is headquartered in Lake Forest, Illinois.",Packaging & Containers,United States,https://www.packagingcorp.com,16800.0,2.41,2026-08-01T08:28:07.594182+00:00,
PSKY,398.0,8.881649,1.31,0.76026744,0.3067072,2.1999999999999997,-31.8,130.167,1940999936.0,16400374784.0,9.541000400000001,-2.083,,15.479999999999999,50.907004,1.447,11.76923,47.9,hold,2005-12-05,20.7,2026-08-04,"Paramount Skydance Corporation operates as a media and entertainment company worldwide. It operates in three segments: Studios, Direct-to-Consumer, and TV Media. The company operates CBS Television Network, a domestic broadcast television network; CBS Stations, a television station; international free-to-air networks comprising Network 10, Channel 5, Telefe, and Chilevisión; and domestic premium and basic cable networks, such as Nickelodeon, MTV, CMT, Comedy Central, BET, Paramount+ with SHOWTIME, Paramount Network, The Smithsonian Channel, BET Media Group, CBS Sports Network, and international extensions of these brands. It also provides domestic and international television studio operations, including CBS Studios, Paramount Television Studios, and Showtime; CBS Media Ventures, which produces and distributes first-run syndicated programming; and digital properties consist of CBS News and CBS Sports HQ. In addition, the company offers a portfolio of domestic and international pay and free streaming services, including Paramount+, Pluto TV, and BET+. Further, it produces and acquires films, series, and short-form content for release and licensing worldwide, including in theaters, on streaming services, on television, through home entertainment, and DVDs, Blu-ray; and operates a portfolio consisting of Paramount Pictures, Paramount Players, Paramount Animation, Nickelodeon Studio, and Miramax. It provides production, distribution, and advertising solutions. The company was ...",Entertainment,United States,https://www.paramount.com,17600.0,2.56,2026-08-01T08:28:07.890835+00:00,
PAYX,23.796333,18.300486,2.16,11.123382,10.473282,12.5,43.4,123.967,1143699968.0,,38.324999999999996,26.633000000000003,,6.0599998,10.3599995,,109.21429,-6.5,hold,1983-08-26,42.9,2026-06-24,"Paychex, Inc., together with its subsidiaries, provides human capital management solutions (HCM) for human resources, payroll processing, employee benefits, and insurance services for small to medium-sized businesses in the United States, Europe, Canada, India, and Israel. It offers technology and advisory solutions; and payroll tax administration services. The company also provides retirement solutions, such as plan implementation, ongoing compliance with government regulations, employee and employer reporting, participant and employer online access, electronic funds transfer, and other administrative services; HCM solutions from recruiting and hiring to retirement; and talent management and talent acquisition services. In addition, it offers payroll solutions, including calculation, preparation, and delivery of employee payroll checks; production of internal accounting records and management reports; preparation of federal, state, and local payroll tax returns; and collection and remittance of clients' payroll obligations. Further, the company provides workforce management solutions; benefits administration solutions; digital marketplace for earned wages, financial wellness solutions, and voluntary lifestyle benefits; administrative services organization HR outsourcing solutions; solutions to payroll and non-payroll customers; retirement and funding solutions; and insurance services for property and casualty coverage, such as workers' compensation, business-owner policie...",Software - Application,United States,https://www.paychex.com,17600.0,4.09,2026-08-01T08:28:08.188341+00:00,
PYPL,10.897142,9.879583,1.07,2.4881485,1.4340401,4.8,-3.1,71.751,11256000512.0,4423124992.0,16.966,14.363999999999999,,6.92,0.69999998,1.332,58.13303,1.6,hold,2015-07-06,11.1,2026-10-27,"PayPal Holdings, Inc. operates a technology platform that enables digital payments for merchants and consumers worldwide. The company operates a two-sided network at scale that connects merchants and consumers that enables its customers to connect, transact, and send and receive payments through online and in person, as well as transfer and withdraw funds using various funding sources, such as bank accounts, PayPal or Venmo account balance, consumer credit and debit products, credit and debit cards, and cryptocurrencies, as well as other stored value products, including gift cards and eligible rewards. It provides payment solutions under the PayPal, PayPal Credit, Braintree, Venmo, Xoom, Hyperwallet, Honey, and Paidy names. The company was founded in 1998 and is headquartered in San Jose, California.",Credit Services,United States,https://www.paypal.com,23800.0,97.0,2026-08-01T08:28:08.540932+00:00,
PNR,17.086163,12.633132,1.12,2.7755866,2.6033762,-17.0,-11.1,47.067,91800000.0,558312512.0,23.44,16.237,,4.4499997,1.0070000000000001,1.029,76.64286,17.1,buy,1973-05-03,53.2,2026-07-28,"Pentair plc provides various water solutions in the United States, Western Europe, China, Latin America, the Middle East, Southeast Asia, Australia, and Canada. It operates through three segments: Flow, Water Solutions, and Pool. The Flow segment designs, manufactures, and sells fluid treatment and pump products and systems, including pressure vessels, gas recovery solutions, membrane bioreactors, wastewater reuse systems and advanced membrane filtration, separation systems, specialty insertion valves, water disposal pumps, water supply pumps, fluid transfer pumps, turbine pumps, solid handling pumps, and agricultural spray nozzles. This segment provides products under Pentair Flow, Aurora, Berkeley, Codeline, Fairbanks-Nijhuis, Haffmans, Hydromatic, Hypro, Jung Pumpen, Myers, Sta-Rite, Shurflo, Südmo, and X-Flow brand names. The Water Solutions segment offers commercial and residential water treatment products and systems, such as pressure tanks, control valves, activated carbon products, commercial ice machines, conventional filtration products, and point-of-entry and point-of-use water treatment systems for use in water filtration and water softening solutions, as well as commercial water management and filtration solutions in foodservice operations; and installation and preventative services for water management solutions for commercial operators under the Pentair Water Solutions, Everpure, Fleck, Manitowoc Ice, Pentek, and RainSoft brands. The Pool segment provides re...",Specialty Industrial Machinery,United Kingdom,https://www.pentair.com,9000.0,1.6,2026-08-01T08:28:08.852284+00:00,
PCG,12.779411,9.627102,1.14,1.1842463,1.4814852,0.1,39.800000000000004,189.45,972000000.0,-6150125056.0,24.788,11.828,,0.0,0.27799999999999997,0.268,22.90625,31.8,buy,1972-06-01,54.2,2026-07-23,"PG&E Corporation, through its subsidiary, Pacific Gas and Electric Company, engages in the sale and delivery of electricity and natural gas to customers in northern and central California, the United States. It generates electricity using nuclear, hydroelectric, fossil fuel-fired, fuel cells, and photovoltaic sources. The company owns and operates interconnected transmission lines; electric transmission substations, distribution lines, switching and distribution substations; and natural gas transmission, storage, and distribution systems consisting of distribution pipelines, backbone and local transmission pipelines, and various storage facilities. It serves residential, commercial, industrial, and agricultural customers, as well as natural gas-fired electric generation facilities. The company was incorporated in 1995 and is based in Oakland, California.",Utilities - Regulated Electric,United States,https://www.pgecorp.com,29010.0,1.12,2026-08-01T08:28:09.162567+00:00,
PPG,16.087336,12.736328,1.7,3.0398548,1.4961692,7.199999999999999,-1.5,86.938,1607000064.0,1104625024.0,14.016,9.573,,3.26,0.10899999,1.045,125.65,13.7,buy,1980-03-17,46.4,2026-07-28,"PPG Industries, Inc. manufactures and distributes paints, coatings, and specialty materials in the United States, Canada, the Asia Pacific, Latin America, Europe, the Middle East, and Africa. It operates through three segments: Global Architectural Coatings, Performance Coatings, and Industrial Coatings. The Global Architectural Coatings segment supplies a variety of decorative coatings, adhesives, sealants, and finishes, as well as paint strippers, stains, and related chemicals. Its Performance Coatings segment offers aerospace coatings, automotive refinishing coatings, protective and marine coatings, and traffic solutions comprising paints, thermoplastics, raised pavement markers, and other technologies for pavement marking. The Industrial Coatings segment provides automotive OEM coatings, industrial coatings, and packaging coatings, as well as specialty products, such as optical monomers and coatings, low-friction coatings, and other specialty products. The company delivers its products to company-owned stores, home centers and other consumer retail outlets, paint dealers, concessionaires and independent distributors, company-owned distribution networks, and directly to manufacturing companies and retail customers. PPG Industries, Inc. was incorporated in 1883 and is headquartered in Pittsburgh, Pennsylvania.",Specialty Chemicals,United States,https://www.ppg.com,43500.0,2.64,2026-08-01T08:28:09.469661+00:00,
PFG,16.242857,11.019193,1.06,2.0829134,1.5512258,6.4,2.8000000000000003,35.307,6367699968.0,1056374976.0,12.336001000000001,9.932999,,4.58,1.1089999,0.888,107.08333,-5.8,hold,2001-10-23,24.8,2026-07-27,"Principal Financial Group, Inc. provides retirement, asset management, and insurance products and services to businesses, individuals, and institutional clients worldwide. The company operates through Retirement and Income Solutions, Principal Asset Management, and Benefits and Protection segments. The Retirement and Income Solutions segment provides retirement, and related financial products and services. This segment offers products and services for defined contribution plans, including 401(k) and 403(b) plans, defined benefit plans, nonqualified executive benefit plans, employee stock ownership plans, equity compensation, and pension risk transfer services; individual retirement accounts; investment only products; and mutual funds, individual variable annuities, registered index-linked annuities, and bank products, as well as trust and custody services. The Principal Asset Management segment provides equity, fixed income, real estate, and other alternative investments, as well as fund offerings. This segment also offers pension accumulation products and services, mutual funds, asset management, income annuities, and life insurance accumulation products, as well as voluntary savings plans. The Benefits and Protection segment provides specialty benefits, such as specialty benefits group dental and vision insurance, group life and other insurance, and group and individual disability insurance, as well as administers group dental, disability, and vision benefits; and indivi...",Asset Management,United States,https://www.principal.com,19700.0,2.95,2026-08-01T08:28:09.778974+00:00,
PEG,17.154364,16.380135,3.86,2.2069364,2.9866564,19.400000000000002,25.4,141.01,404000000.0,-171750000.0,28.43,17.688000000000002,,2.56,0.12899999,0.527,88.23684,15.1,buy,1980-01-02,46.6,2026-08-04,"Public Service Enterprise Group Incorporated, through its subsidiaries, operates in electric and gas utility, and nuclear generation businesses in the United States. It operates through PSE&G and PSEG Power segments. The PSE&G segment transmits electricity; distributes electricity and natural gas to residential, commercial, and industrial customers; and appliance services and repairs to customers through its service territory, as well as invests in solar generation projects, and energy efficiency and related programs. The PSEG Power segment engages in nuclear generation businesses; and supplies power and natural gas to nuclear power plants. As of December 31, 2025, it had electric transmission and distribution system of 25,000 circuit miles and 871,000 poles; 58 switching stations with an installed capacity of 40,000 megavolt-amperes (MVA), and 238 substations with an installed capacity of 10,890 MVA; four electric distribution headquarters and five electric sub-headquarters; 18,000 miles of gas mains, 12 gas distribution headquarters, two sub-headquarters, and two meter shop, as well as 54 natural gas metering and regulating stations; and 158 MegaWatts defined conditions of installed PV solar capacity. The company was founded in 1903 and is based in Newark, New Jersey.",Utilities - Regulated Electric,United States,https://investor.pseg.com,13189.0,3.46,2026-08-01T08:28:10.092675+00:00,
PTC,13.294574,15.474516,1.09,4.105449,5.3647747,-6.800000000000001,-12.0,46.335,351454016.0,,28.23,41.429,,8.3100006,0.32499998,0.994,173.35,26.3,buy,1989-12-08,36.6,2026-07-29,"PTC Inc. operates as software company in the Americas, Europe, and the Asia Pacific. The company provides Windchill, a suite that manages all aspects of the product development lifecycle(PLM) that provides real-time information sharing, dynamic data visualization, collaborate across geographically distributed teams, and enabling manufacturers to elevate product development, manufacturing, field service, and end-of-life processes; ThingWorx, an Industrial Internet of Things software; ServiceMax, a service lifecycle management solutions enable companies to asset uptime with optimized in-person and remote service and technician productivity with mobile tools, and deliver metrics; and Arena, a SaaS PLM solution enables product teams to collaborate virtually to share product and quality information with internal teams and supply chain partners and deliver products to customers. It offers Codebeamer, an application lifecycle management for products and software development; Servigistics, a service parts management solution; and FlexPLM, a platform for merchandising and line planning, materials management, sampling, and others. In addition, it offers Kepware, an enterprise industrial connectivity solution; Kepware Edge, a Linux-based industrial communications platform; KEPServerEX, an industrial connectivity solution for small projects; Creo, a 3D CAD technology enables the digital design, testing, and modification of product models; and Onshape, a SaaS product development platfo...",Software - Application,United States,https://www.ptc.com,7000.0,,2026-08-01T08:28:10.410947+00:00,
DGX,24.867662,19.324566,2.0,3.4102182,2.2247488,10.2,15.0,81.074,626000000.0,909625024.0,15.248000000000001,9.187,,3.19,0.44200000000000006,0.571,245.86667,5.5,buy,1996-12-17,29.6,2026-07-23,"Quest Diagnostics Incorporated provides diagnostic testing and services in the United States. The company develops and delivers diagnostic information services, such as routine, non-routine and advanced clinical testing, anatomic pathology testing, and other diagnostic information services. It also provides services under the Quest Diagnostics brand, as well as under the AmeriPath, Dermpath Diagnostics, ExamOne, and Quanum brands to physicians, hospitals, patients and consumers, health plans, government agencies, employers, retailers, pharmaceutical companies and insurers commercial clinical laboratories, and accountable care organizations through a network of laboratories, patient service centers, phlebotomists in physician offices, call centers and mobile phlebotomists, nurses, and other health and wellness professionals. In addition, the company offers risk assessment services for the life insurance industry; healthcare IT healthcare providers and payers; testing and medical director services at hospital laboratories; test offerings in cardiometabolic and endocrine; cancer; clinical drug monitoring and toxicology; infectious disease, including autoimmune; neurology diagnostics, including Alzheimer's disease; and women's health, such as prenatal genetic; workplace drug testing, testing urine, hair, and oral fluid specimens services; and employer population health services, including biometric screenings, flu shots, and related preventative services. Further, it provides ...",Diagnostics & Research,United States,https://www.questdiagnostics.com,46000.0,1.47,2026-08-01T08:28:10.721759+00:00,
Q,42.044872,26.763453,2.04,3.8243783,5.5465794,17.599999999999998,-21.7,60.756,857000000.0,702374976.0,22.814,13.129,,2.42,0.072999997,,174.75,33.2,strong_buy,2025-10-27,0.8,2026-08-04,"Qnity Electronics, Inc. provides materials and solutions to the semiconductor and electronics industries in the United States, rest of Americas, Europe, the Middle East, Africa, Asia Pacific, China, South Korea, Taiwan, and internationally. The company operates in two segments, Semiconductor Technologies and Interconnect Solutions. Its Semiconductor Technologies segment offers chemical mechanical planarization (CMP) pads and slurries, photoresists, functional sub-layers, advanced overcoats, post-CMP cleaners, post-etch residue removers, and emerging cleans. The Interconnect Solutions segment provides copper pillar plating, copper redistribution layer, solder bump plating, under bump metallization, photoresists, packaging dielectrics, gap fillers, phase change, specialty thermal interface materials, thermally conductive insulators, copper playing solutions, dry film photoresists, and laminates and polyimide films. The company was formerly known as Novus SpinCo 1, Inc. and changed its name to Qnity Electronics, Inc. in April 2025. The company was incorporated in 2024 and is headquartered in Wilmington, Delaware.",Semiconductor Equipment & Materials,United States,https://www.qnityelectronics.com,10000.0,25.0,2026-08-01T08:28:11.025084+00:00,
RL,25.509054,18.620478,2.16,8.044757,2.7896292,16.6,20.0,105.913,2064999936.0,656187520.0,13.372,11.598,,9.950000000000001,2.543,1.352,429.0,12.8,buy,1997-06-12,29.1,2026-08-06,"Ralph Lauren Corporation designs, markets, and distributes lifestyle products in North America, Europe, Asia, and internationally. The company offers apparel, including a range of men's, women's, and children's clothing; footwear and accessories, which comprise casual shoes, dress shoes, boots, sneakers, sandals, eyewear, watches, fashion and fine jewelry, scarves, hats, gloves, and umbrellas, as well as leather goods comprising handbags, luggage, small leather goods, and belts; home products, such as bed and bath lines, furniture, fabric and wall coverings, lighting, dining, floor coverings, decorative accessories, and giftware; and fragrances. The company sells apparel and accessories under the Ralph Lauren Collection, Ralph Lauren Purple Label, Polo Ralph Lauren, Double RL, Lauren Ralph Lauren, RLX Ralph Lauren, Polo Ralph Lauren Children, and Chaps brands; women's fragrances under the Ralph Lauren Collection, Woman by Ralph Lauren, Romance Collection, and Ralph Collection brand names; and men's fragrances under the Ralph's Club, Purple Label, Polo Blue, Polo Red, Polo Green, Polo Black, Polo 67, Safari, Polo Sport, and Big Pony Men's brand names. Its restaurant collection includes The Polo Bar in New York City; RL Restaurant in Chicago; Ralph's in Paris; The Bar at Ralph Lauren located in Milan; Ralph's Bar located in Chengdu, China; and Ralph's Coffee concept. The company sells its products to department stores, specialty stores, and golf and pro shops, as well as dir...",Apparel Manufacturing,United States,https://www.ralphlauren.com,15600.0,97.0,2026-08-01T08:28:11.330081+00:00,
RJF,15.249566,12.409229,0.91,2.7256675,2.2161896,15.2,42.0,48.477,17057999872.0,,19.423000000000002,15.116999999999999,,5.6599997,10.568,0.939,185.91667,5.6,buy,1983-07-01,43.1,2026-10-28,"Raymond James Financial, Inc., a diversified financial services company, provides private client group, capital markets, asset management, banking, and other services to individuals, corporations, and municipalities in the United States, Canada, and Europe. The Private Client Group segment offers financial planning, investment advisory, securities transaction, investment services, portfolio management services, insurance and annuity products, and mutual funds; support to third-party mutual fund and annuity companies, including sales and marketing support, as well as distribution and accounting, and administrative services; margin loans; securities borrowing and lending services; and custodial, trade execution, research, and other support and services. The Capital Markets segment provides investment banking services, such as equity and debt underwriting, and merger and acquisition advisory; and fixed income and equity brokerage services. This segment also offers institutional sales, securities trading, equity research, and the syndication and management of investments in low-income housing funds and funds of a similar nature. The Asset Management segment provides asset management, portfolio management, and related administrative services to retail and institutional clients; and administrative support services, such as record-keeping. The Bank segment offers various types of loans, including securities-based, corporate, commercial and industrial, commercial real estate and c...",Asset Management,United States,https://www.raymondjames.com,19500.0,1.23,2026-08-01T08:28:11.643623+00:00,
RMD,20.112488,17.466331,1.28,4.713689,5.5263925,10.8,10.5,12.988,1660513024.0,1446655104.0,35.327,27.439999999999998,,10.76,0.501,0.775,248.6,17.8,buy,1995-06-02,31.2,2026-08-06,"ResMed Inc. develops, manufactures, distributes, and markets medical devices and cloud-based software applications to diagnose, treat, and manage respiratory disorders in the United States and internationally. The company operates in two segments, Sleep and Breathing Health, and Residential Care Software. It offers sleep recorders for the diagnosis and titration of sleep apnea in sleep clinics, hospitals, and at home, including ApneaLink Air, a portable diagnostic device that measures oximetry, respiratory effort, pulse, nasal flow, and snoring; NightOwl, a portable, cloud-connected, and disposable diagnostic device that measures AHI based on derived peripheral arterial tone, actigraphy, and oximetry; and EasyCare Tx, a sleep lab solution. The company also provides AirView, a cloud-based system that enables remote monitoring and changing of patients' device settings; myAir, a personalized therapy management application for patients with sleep apnea that provides support, education, and troubleshooting tools for increased patient engagement and improved compliance; and connectivity module which provides a cellular connection between compatible ventilation devices and AirView system. In addition, the company offers Brightree solutions which are solutions and services for organizations in home medical equipment and pharmacy, orthotic and prosthetic, and home infusion; HEALTHCAREfirst solutions that offers electronic health record, software, billing and coding services, and ad...",Medical Instruments & Supplies,United States,https://www.resmed.com,10600.0,1.15,2026-08-01T08:28:11.951220+00:00,
RVTY,54.62136,19.297358,0.71,1.7486984,4.3249297,7.000000000000001,3.5000000000000004,46.642,860320000.0,508969248.0,12.354999999999999,8.258000000000001,,9.99,0.35200000000000004,1.091,117.13333,4.1,buy,1973-02-21,53.4,2026-08-04,"Revvity, Inc. provides health sciences solutions, technologies, and services. The company offers instruments, reagents, software, subscriptions, detection and imaging technologies, extended warranties, training and services; and instruments, reagents, assay platforms and software products for early detection of common and rare conditions, such as pregnancy and early childhood, as well as infectious disease testing in the diagnostics market. Its products are used for testing and screening genetic abnormalities, disorders, and diseases, including down syndrome, hypothyroidism, muscular dystrophy, infertility, and various metabolic conditions. The company also develops technologies that enable and support genomic workflows using protein coupled receptor and next-generation DNA sequencing for oncology, immunodiagnostics, and drug discovery. It serves pharmaceutical and biotechnology companies, laboratories, academic and research institutions, public health authorities, private healthcare organizations, doctors, and government agencies under the AutoDELFIA, chemagic, Chitas, CNGnome, DELFIA, DELFIA Xpress, EONIS, EUROArray , EUROIMMUN, EUROLabWorkstation, EUROLINE, EUROPattern, Evolution Evoya, GSP, Haoyuan, IDS Immunodiagnosticsystems, IDS-i10, IDS-i10T, IDS-i20, IDS-iSYS, iLab, iQ, LifeCycle, LimsLink, Migele, NeoBase, NeoLSD, NEXTFLEX, Panthera Puncher, PreNAT II, Prime, RONIA, SimplicityChrom, Specimen Gate, Superflex, Symbio, T-SPOT, Vanadis, ViaCord, VICTOR2, and WholePan...",Diagnostics & Research,United States,https://www.revvity.com,11000.0,25.0,2026-08-01T08:28:12.260217+00:00,
ROL,34.83486,28.93724,2.86,,4.6557093,7.9,3.1,78.015,109085000.0,501737504.0,18.799,13.55,,4.4699997,38.439997999999996,0.747,45.58824,20.1,buy,1980-03-17,46.4,,"Rollins, Inc., through its subsidiaries, provides pest and wildlife control services and protection to residential and commercial customers in the United States and internationally. The company offers pest control services to residential properties protecting from common pests, including rodents, insects, and wildlife. It also provides workplace pest control solutions for customers across various end markets, such as healthcare, food service, and logistics. In addition, the company offers termite protection and ancillary services for both residential and commercial customers. It serves clients directly, as well as through franchisee operations. The company was formerly known as Rollins Broadcasting, Inc and changed its name to Rollins, Inc. in 1965. Rollins, Inc. was founded in 1901 and is headquartered in Atlanta, Georgia.",Personal Services,United States,https://www.rollins.com,22000.0,1.9,2026-08-01T08:28:12.567650+00:00,
ROP,16.210505,16.159887,1.78,2.073005,4.6816945,8.5,233.0,60.531,364900000.0,2265687552.0,27.725,30.244,,6.859999999999999,0.387,0.752,440.252,12.3,buy,1992-02-13,34.5,2026-07-23,"Roper Technologies, Inc. designs and develops vertical software and technology enabled products in the United States, Canada, Europe, Asia, and internationally. Its Application Software segment offers comprehensive management, diagnostic and laboratory information management, enterprise software and information solutions, K-12 school administration, transportation management, financial and compliance management, cloud-based and integrated payment processing, campus technology and payment, and cloud-based financial analytics, performance management software, and data solutions; cloud-based software for the property and casualty insurance industry; and foodservice technologies. The Network Software segment provides cloud-based data, collaboration, and estimating automation software; electronic marketplace; visual effects and 3D content software; cloud-based software and AI-enabled analytics solutions for the life insurance and financial services industries; supply chain software; health care services and software; data analytics and information; pharmacy software solutions;  and AI-enabled SaaS providing digital engagement, as well as church management and integrated giving solutions for faith-based organizations. The Technology Enabled Products segment offers ultrasound procedures accessories; dispensers and metering pumps; wireless sensor network and solutions; automated surgical scrub and linen dispensing equipment; water meters; optical and electromagnetic precision meas...",Software - Application,United States,https://www.ropertech.com,19400.0,94.0,2026-08-01T08:28:12.868541+00:00,
SBAC,19.151323,22.382753,7.74,-4.039732,6.7249722,5.8999999999999995,-14.7,,269064000.0,708085504.0,52.422999999999995,35.656,,3.8699999999999997,0.769,0.997,229.85,27.0,buy,1999-06-16,27.1,2026-08-03,"SBA Communications Corporation is a leading independent owner and operator of wireless communications infrastructure. It includes towers, buildings, rooftops, distributed antenna systems (DAS) and small cells. With a portfolio of more than 46,000 communications sites throughout the Americas and in Africa, SBA is listed on NASDAQ under the symbol SBAC. Our organization is part of the S&P 500 and one of the top Real Estate Investment Trusts (REITs) by market capitalization. SBA Communications Corporation was incorporated in 1989 and is based in Boca Raton, Florida.",REIT - Specialty,United States,https://www.sbasite.com,1844.0,2.75,2026-08-01T08:28:13.174437+00:00,
SWKS,32.4375,12.522998,1.32,1.6245826,2.3346317,-3.1,-68.60000000000001,11.869,799200000.0,448812512.0,8.825,7.2270006,,34.61,0.39899999999999997,1.497,68.25,9.6,hold,1984-09-07,41.9,2026-07-28,"Skyworks Solutions, Inc., together with its subsidiaries, develops, manufactures, and markets analog and mixed-signal semiconductor products and solutions in the United States, Taiwan, China, South Korea, Europe, the Middle East, Africa, and the Asia Pacific. The company offers amplifiers, antenna tuners, attenuators, automotive tuners and digital radios, wireless ASoC, DC/DC converters, demodulators, detectors, digital power isolators, diodes, directional couplers, diversity receive modules, filters, front-end modules, hybrids, light emitting diode drivers, low noise amplifiers, mixers, modulators, and optocouplers/optoisolators. It also provides phase locked loops, phase shifters, power dividers/combiners, power over ethernet, power isolators, ProSLIC family of subscriber line interface circuits, receivers, system in package, switches, synthesizers, timing devices, voltage-controlled oscillators/synthesizers, and voltage regulators. The company sells its products through direct sales force, electronic component distributors, and independent sales representatives. Its products are used in aerospace, automotive, broadband, cellular infrastructure, connected home, defense, entertainment and gaming, industrial, medical, smartphone, tablet, and wearables applications. The company was founded in 1962 and is headquartered in Irvine, California.",Semiconductors,United States,https://www.skyworksinc.com,10000.0,4.55,2026-08-01T08:28:13.484776+00:00,
SJM,,11.139642,2.17,2.2945647,1.408323,5.800000000000001,,128.609,58600000.0,1005774976.0,18.456,-1.5319999000000002,,5.3400002,2.27,0.247,123.9375,3.9,buy,1994-10-31,31.7,2026-06-09,"The J. M. Smucker Company manufactures and markets branded food and beverage products worldwide. The company operates through five segments: U.S. Retail Coffee, U.S. Retail Frozen Handheld and Spreads, U.S. Retail Pet Foods, Sweet Baked Snacks, and Away From Home. It offers coffee, sweet baked goods, pet snacks, frozen handheld products, peanut butter, cat and dog food, fruit and specialty spreads, cookies, frozen sandwiches and snacks, hot beverages, portion control products, toppings and syrups, baking mixes and ingredients, and flour. The company provides its products under the Folgers, Café Bustelo, Dunkin', Jif, Smucker's, Uncrustables, Meow Mix, Milk-Bone, Pup-Peroni, Canine Carry Outs, Hostess, and 1850 brand names. It sells its products through direct sales and brokers to food retailers, club stores, discount and dollar stores, online retailers, pet specialty stores, distributors, drug stores, military commissaries, mass merchandisers, supermarket chains, national mass retailers, convenience stores, vending channels, and foodservice distributors and operators. The J. M. Smucker Company was founded in 1897 and is headquartered in Orrville, Ohio.",Packaged Foods,United States,https://www.jmsmucker.com,,3.67,2026-08-01T08:28:13.786789+00:00,
SW,48.904255,13.895312,0.26,1.3368813,0.7697222,1.0999999999999999,,78.427,677000000.0,1246000000.0,5.466,1.587,,5.54,0.51499996,0.935,54.82143,19.3,strong_buy,2008-06-17,18.1,2026-07-29,"Smurfit Westrock Plc, together with its subsidiaries, manufactures, distributes, and sells containerboard, corrugated containers, and other paper-based packaging products in North America, South America, Europe, Asia, Africa, Australia, and internationally. The company produces containerboard and paperboard; packaging of corrugated containers; consumer packaging; and offers solid board, kraft paper, and graphic board, as well as other packaging products, such as solidboard packaging, paper sacks and bag-in-box. It produces linerboard and corrugated medium and paperboard; and other paper-based packaging, such as folding cartons, inserts, labels and displays. The company primarily serves food and beverage, healthcare, beauty and personal care, garden, consumer goods, industrial, and foodservice markets. It markets its products through its own sales force, independent sales representatives, and independent distributors. Smurfit Westrock Plc was founded in 1934 and is headquartered in Dublin, Ireland.",Packaging & Containers,Ireland,https://www.smurfitwestrock.com,96000.0,3.94,2026-08-01T08:28:14.093953+00:00,
SNA,20.875381,19.248709,2.3,3.5136037,4.0245934,4.2,5.1,21.595,1644199936.0,1109474944.0,25.397,19.597,,6.75,2.398,0.721,409.33334,-0.3,hold,1973-02-21,53.4,2026-07-23,"Snap-on Incorporated manufactures and markets tools, equipment, diagnostics, and repair information and systems solutions for professional users worldwide. It operates through Commercial & Industrial Group, Snap-on Tools Group, Repair Systems & Information Group, and Financial Services segments. The company offers hand tools, such as wrenches, sockets, ratchet wrenches, pliers, screwdrivers, punches and chisels, saws and cutting tools, pruning tools, torque tools, and other similar products; power tools, including cordless, pneumatic, and hydraulic and corded tools; impact wrenches, ratchets, screwdrivers, drills, sanders, and grinders. It also provides tool chests and roll cabinet stool storage products; facility-level tool control and asset management hardware and software; diagnostics, information, and management systems product comprising handheld and computer-based diagnostic products, service and repair information products, diagnostic software solutions, electronic parts catalogs, business management systems and services, point-of-sale systems, integrated systems for vehicle service shops, OEM purchasing facilitation services, and warranty management systems and analytics to help OEM dealerships manage and track performance. In addition, the company offers heel alignment equipment, wheel balancers, tire changers, vehicle lifts, test lane equipment, collision repair equipment, vehicle air conditioning service equipment, brake service equipment, fluid exchange equipme...",Tools & Accessories,United States,https://www.snapon.com,13000.0,2.39,2026-08-01T08:28:14.399652+00:00,
SOLV,10.626866,12.051677,1.22,2.9837613,1.7908555,-3.0,-91.0,106.48,561000000.0,377500000.0,5.58,17.332000999999998,,2.92,15.067,0.716,84.69231,-0.9,buy,2024-03-26,2.3,2026-08-05,"Solventum Corporation, a healthcare company, develops, manufactures, and commercializes a portfolio of solutions to address critical customer and patient needs in the United States and internationally. It operates through three segments: Medsurg, Dental Solutions, and Health Information Systems. The Medsurg segment offers solutions, such as negative pressure wound therapy, advanced wound dressings, advanced skin care, synthetic tissue matrices, I.V. site management, sterilization assurance, temperature management, surgical supplies, medical tapes and wraps, stethoscopes, medical electrodes, and medical technologies for original equipment manufacturers. The Dental Solutions segment provides dental and orthodontic products, including brackets, aligners, restorative cements, and bonding agents to span the life of the tooth, and products for preventative dental care, direct and indirect restoration, and orthodontic needs. The Health Information Systems segment offers healthcare systems with software solutions comprising computer-assisted physician documentation, direct-to-bill and coding automation, classification methodologies, speech recognition, and data visualization platforms. The company sells its products and services through direct-to-consumer, distribution, key account management, inside sales, and e-commerce. Solventum Corporation was incorporated in 2023 and is headquartered in Eagan, Minnesota.",Medical Instruments & Supplies,United States,https://www.solventum.com,20584.0,,2026-08-01T08:28:16.263810+00:00,
LUV,28.10625,9.100034,0.35,3.1065214,0.73154306,16.400000000000002,20.5,97.275,3791000064.0,-834750016.0,3.3800002000000005,2.783,,8.55,1.00300005,1.118,51.78696,15.2,hold,1980-01-02,46.6,2026-10-21,"Southwest Airlines Co. operates as a passenger airline company that provides scheduled air transportation services in the United States and internationally. It also provides Rapid Rewards loyalty program; SWABIZ, an online booking tool; and inflight entertainment platform that includes movies-on-demand live and on-demand television, flight tracker, and additional curated content, as well as a variety of premium snacks and coffee. In addition, the company offers ancillary services, such as in-flight purchases, baggage fees, EarlyBird Check-In, and upgraded boarding, as well as transportation of pets and unaccompanied minors. As of December 31, 2025, the company operated a total fleet of 803 Boeing 737 aircraft; and served 117 destinations in 42 states, the District of Columbia, and the Commonwealth of Puerto Rico, as well as ten near-international countries, including Mexico, Jamaica, the Bahamas, Aruba, the Dominican Republic, Costa Rica, Belize, Cuba, the Cayman Islands, and Turks and Caicos. Southwest Airlines Co. was incorporated in 1967 and is headquartered in Dallas, Texas.",Airlines,United States,https://www.southwest.com,73456.0,1.6,2026-08-01T08:28:16.566302+00:00,
SWK,23.353086,14.848889,1.39,1.637749,0.9367416,0.4,247.8,53.109,592400000.0,1408600064.0,8.4580004,4.0689997,,4.61,0.312,1.164,96.09091,1.6,buy,1980-03-17,46.4,2026-07-29,"Stanley Black & Decker, Inc. provides hand tools, power tools, outdoor products, and related accessories in the United States, Canada, Other Americas, Europe, and Asia. Its Tools & Outdoor segment offers professional grade corded and cordless electric power tools and equipment, including drills, impact wrenches and drivers, grinders, saws, routers, concrete prep and placement tools, and sanders; pneumatic tools and fasteners, such as nail guns, nails, staplers and staples, and concrete and masonry anchors; corded and cordless electric power tools; household power tools, hand-held vacuums, and small appliances; leveling and layout tools, planes, hammers, demolition tools, clamps, vises, knives, saws, chisels, and industrial and automotive tools; drill, screwdriver, router bits, abrasives, saw blades, and threading products; tool boxes, sawhorses, medical cabinets, and engineered storage solutions; and electric and gas-powered lawn and garden products. This segment sells its products under the DEWALT, CRAFTSMAN, CUB ADET, STANLEY, BLACK+DECKER, and HUSTLER brands through retailers, third-party distributors, independent dealers, and a direct sales force. Its Industrial segment provides threaded fasteners, blind rivets and tools, blind inserts and tools, drawn arc weld studs and systems, engineered plastic and mechanical fasteners, self-piercing riveting systems, precision nut running systems, micro fasteners, high-strength structural fasteners, axel swage, latches, heat shiel...",Tools & Accessories,United States,https://www.stanleyblackanddecker.com,41000.0,3.52,2026-08-01T08:28:16.874857+00:00,
STLD,22.779692,13.318977,11.95,3.8410149,1.753405,33.4,83.6,46.924,567708032.0,234191248.0,11.4989996,7.825,,3.1,6.565,1.542,272.3846,8.4,buy,1996-11-22,29.7,2026-07-20,"Steel Dynamics, Inc., together with its subsidiaries, operates as a steel producer and metal recycler in the United States. It operates through four segments: Steel Operations, Metals Recycling Operations, Steel Fabrication Operations, and Aluminum Operations. The Steel Operations segment offers hot rolled, cold rolled, and coated steel products; parallel flange beams and channel sections, large unequal leg angles, and reinforcing steel bars, standard strength carbon, intermediate alloy hardness, and premium grade rail products; engineered special-bar-quality products, merchant-bar-quality products, and other engineered round steel bars; channels, angles, flats, merchant rounds, and reinforcing steel bars; and specialty shapes and light structural steel products. This segment also engages in turning, polishing, straightening, chamfering, precision saw-cutting, and heat treating of bar products. Its products are used in construction, automotive, manufacturing, transportation, heavy and agricultural equipment, energy, and pipe and tube markets. The Metals Recycling Operations segment is involved in the ferrous and nonferrous scrap metal processing, transportation, marketing, brokerage, and scrap management services. Its ferrous products include heavy melting steel, busheling, bundled scrap, shredded scrap, steel turnings, and cast-iron products; and nonferrous products comprise aluminum, brass, copper, stainless steel, and other nonferrous metals. The Steel Fabrication Opera...",Steel,United States,https://www.steeldynamics.com,14400.0,84.0,2026-08-01T08:28:17.188132+00:00,
STE,29.169859,18.701782,1.9,3.1095135,3.7499506,7.3,52.2,28.999,439600000.0,837287488.0,20.039,13.178999999999998,,2.5100000000000002,0.306,0.922,255.375,11.8,buy,1992-06-01,34.2,2026-08-05,"STERIS plc provides infection prevention products and services in the United States, Ireland, and internationally. It operates through three segments: Healthcare, Applied Sterilization Technologies, and Life Sciences. The company offers cleaning chemistries and sterility assurance products, automated endoscope reprocessing system and tracking products, endoscopy accessories, instruments, washers, and sterilizers and other pieces of capital equipment, as well as equipment used directly in the procedure rooms, including surgical tables, lights, equipment management services, and connectivity solutions; and various preventive maintenance programs, repair services, custom process improvement consulting, and outsourced instrument sterile processing, as well as instrument, devices, and endoscope repair and maintenance services. It also provides process controls and monitoring systems, as well as integrated sterilization equipment, such as accelerators, product handling, and automation; and sterilization modalities, product development, materials testing, and process validation, as well as support services for sterilization equipment and control systems comprising installation, preventive maintenance, updates, repairs, and troubleshooting. In addition, the company offers pharmaceutical detergents, cleanroom disinfectants and sterilants, pharmaceutical grade and research sterilizers and washers, sterility assurance and maintenance products, vaporized hydrogen peroxide room deconta...",Medical Devices,United States,https://www.steris.com,17937.0,1.09,2026-08-01T08:28:17.557645+00:00,
SMCI,14.564102,8.575941,0.91,2.254505,0.5451359,122.7,326.0,120.798,1305032960.0,-7448383488.0,6.1100002,3.701,,19.610001,12.873999999999999,1.936,37.8125,33.1,hold,2007-03-29,19.3,2026-08-11,"Super Micro Computer, Inc., together with its subsidiaries, develops and sells server and storage solutions based on modular and open-standard architecture in the United States, Asia, Europe, and internationally. The company provides liquid and air-cooled AI servers for training and inferencing with integrated graphics processing units (GPUs) or PCIe based architectures; SuperBlade, MicroBlade, FlexTwin, GrandTwin, and BigTwin blade and multi-node systems; SuperStorage systems; Hyper, CloudDC, and WIO and rackmount systems; embedded (5G/IoT/Edge) systems; and MicroCloud server systems. It also offers workstations and networking devices; and modular server subsystems and accessories, including server boards, chassis, power supplies, and other accessories. In addition, the company provides remote system management solutions, such as Server Management suite comprising Supermicro Server Manager, Supermicro Power Management software, Supermicro Update Manager, SuperCloud Composer, and SuperDoctor 5. Further, the company identifies service requirements; creates and executes project plans; conducts verification testing; offers training; and provides technical documentation. Additionally, it offers rack level services from design to deployment for full rack and cluster level deployments of AI and HPC datacenters; help desk services and on-site product support; and warranties, maintenance, and technical support services. The company serves enterprise data centers, cloud computing, ...",Computer Hardware,United States,https://www.supermicro.com,6238.0,,2026-08-01T08:28:17.877534+00:00,
SYF,7.9195404,7.220255,0.97,1.6742882,2.4888835,0.6,3.5999999999999996,,16193000448.0,,50.219,35.507,,7.93,0.35400000000000004,1.308,88.95652,17.4,buy,2014-07-31,12.0,2026-07-21,"Synchrony Financial, together with its subsidiaries, operates as a consumer financial services company in the United States. The company provides credit products, such as credit cards, commercial credit products, and consumer installment loans. It also offers private label credit cards, dual and general purpose co-branded cards, short- and long-term installment loans, and consumer banking products; and deposit products, including certificates of deposit, individual retirement accounts, money market accounts, savings accounts, and sweep and affinity deposits, as well as accepts deposits through third-party firms. In addition, the company provides debt cancellation products to its credit card customers through online and mobile channels; and healthcare payments and financing solutions under the CareCredit and Walgreens brands; payments and financing solutions in the apparel, specialty retail, outdoor, music, and luxury industries, such as American Eagle, Dick's Sporting Goods, Guitar Center, Pandora, Polaris, Suzuki, and Sweetwater. It offers its credit products through programs established with a group of national and regional retailers, local merchants, manufacturers, buying groups, industry associations, and healthcare service providers; and deposit products through various channels, such as digital and print. It serves digital, health and wellness, retail, home, auto, telecommunications, pet, outdoor, and other industries. The company was founded in 1932 and is headquart...",Credit Services,United States,https://www.synchrony.com,20000.0,1.76,2026-08-01T08:28:18.181971+00:00,
SYY,23.677778,17.244797,1.68,,0.48832464,4.7,-13.5,670.44,1902000000.0,1868375040.0,3.7479999999999998,2.0789999999999997,,3.8699999999999997,0.15199999,0.641,87.64286,2.8,buy,1973-05-08,53.2,2026-08-04,"Sysco Corporation, through its subsidiaries, engages in the marketing and distribution of various food and related products to the foodservice or food-away-from-home industry in the United States, Canada, the United Kingdom, France, and internationally. It operates through U.S. Foodservice Operations, International Foodservice Operations, SYGMA, and Other segments. The company distributes frozen food, such as meat, seafood, fully prepared entrées, fruits, vegetables, and desserts; canned and dry food products; fresh meat and seafood products; dairy products; beverages; imported specialties; and fresh produce products. It also supplies various non-food items, including paper products comprising disposable napkins, plates, and cups; tableware consisting of glassware and silverware; cookware, such as pots, pans, and utensils; restaurant and kitchen equipment and supplies; and cleaning supplies. It serves restaurants, hospitals and nursing facilities, schools and colleges, hotels and motels, industrial caterers, and other foodservice venues. Sysco Corporation was incorporated in 1969 and is headquartered in Houston, Texas.",Food Distribution,United States,https://www.sysco.com,75000.0,2.58,2026-08-01T08:28:18.486807+00:00,
TROW,11.219879,10.813411,6.82,2.2280486,3.2322648,5.3,3.6999999999999997,3.87,3729799936.0,1880349952.0,37.183997000000005,28.278,,14.469999999999999,1.696,1.497,110.58333,-1.0,hold,1986-04-02,40.3,2026-07-31,"T. Rowe Price Group, Inc. is a publicly owned investment manager. The firm provides its services to individuals, institutional investors, retirement plans, financial intermediaries, and institutions. It launches and manages equity and fixed income mutual funds. The firm invests in the public equity and fixed income markets across the globe. It employs fundamental and quantitative analysis with a bottom-up approach. The firm utilizes in-house and external research to make its investments. It employs socially responsible investing with a focus on environmental, social, and governance issues. It makes investment in late-stage venture capital transactions and usually invests between $3 million and $5 million. The firm was previously known as T. Rowe Group, Inc. and T. Rowe Price Associates, Inc. T. Rowe Price Group, Inc. was founded in 1937 and is based in Baltimore, Maryland, with additional offices in North America, Europe, Asia, Australia.",Asset Management,United States,https://www.troweprice.com,7507.0,4.36,2026-08-01T08:28:18.788877+00:00,
TTWO,,24.282505,3.44,12.827797,6.823702,6.1,,84.26,1989299968.0,1447787520.0,2.328,-4.4799999999999995,,4.5900002,1.78,0.961,284.13965,17.0,strong_buy,1997-04-15,29.3,2026-08-07,"Take-Two Interactive Software, Inc. develops, publishes, and markets interactive entertainment solutions for consumers worldwide. The company develops and publishes action/adventure products under the Grand Theft Auto, LA Noire, Max Payne, Midnight Club, and Red Dead Redemption names, as well as other franchises. It also publishes various entertainment properties across various platforms and a range of genres, such as shooter, action, role-playing, strategy, sports, and family/casual entertainment under the BioShock, Mafia, Sid Meier's Civilization, XCOM series, Borderlands, and Tiny Tina's Wonderland names. In addition, the company publishes sports simulation titles comprising NBA 2K series, a basketball video game; the WWE 2K professional wrestling series; mobile titles, including WWE SuperCard; and PGA TOUR 2K. Further, it offers free-to-play mobile games, such as CSR Racing, Dragon City, Empires & Puzzles, FarmVille 3, Game of Thrones: Legends, Golf Rival, Harry Potter: Puzzles & Spells, Hit It Rich!, Match Factory!, Merge Dragons!, Merge Magic!, Monster Legends, NBA 2K, Toon Blast, Top Eleven, Wizard Of Oz Slots Casino, Toy Blast, Words With Friends, and Zynga Poker; and Color Block Jam. The company's products are designed for console gaming systems; and mobiles, such as smartphones, tablets, and personal computers. It provides its products through physical retail, digital download, online platforms, and cloud streaming services. Take-Two Interactive Software, Inc. wa...",Electronic Gaming & Multimedia,United States,https://www.take2games.com,12909.0,,2026-08-01T08:28:19.095851+00:00,
TPR,46.454266,19.498293,0.31,45.173435,3.9213266,21.2,73.7,574.912,1068600000.0,1529737472.0,22.415,8.442,,9.8900005,0.319,1.444,167.15,9.7,buy,2000-10-06,25.8,2026-08-13,"Tapestry, Inc. provides accessories and lifestyle brand products in North America, Greater China, rest of Asia, and internationally. The company operates in three segments: Coach, Kate Spade, and Stuart Weitzman. It offers women's handbags, fashion designs, business cases, computer bags, messenger style bags, backpacks, travel bags, and totes; and accessories, such as small leather goods which includes mini and micro handbags, money pieces, wristlets, pouches, and cosmetic cases, as well as novelty accessories, including address books, time management and travel accessories, sketchbooks, and portfolios; and belts, key rings, technology accessories, gifting, straps, and charms. The company also provides women's and men's footwear, which casual and dress shoes, boots, sneakers, and sandals; and other products which includes outerwear, ready-to-wear, jewelry, watches, eyewear, fragrance, scarves, hats, gloves, and other products. It offers its products through retail and outlet stores, brand e-commerce sites, and concession shop-in-shops under the Coach, Kate Spade, and Stuart Weitzman brand names. The company was formerly known as Coach, Inc. and changed its name to Tapestry, Inc. in October 2017. Tapestry, Inc. was founded in 1941 and is headquartered in New York, New York.",Luxury Goods,United States,https://www.tapestry.com,12500.0,1.05,2026-08-01T08:28:19.407910+00:00,
TPL,54.037582,5.5057435,7.33,17.84644,33.09523,20.8,18.3,1.156,247571008.0,-56057624.0,77.22200000000001,60.02499999999999,,9.07,0.16999999999999998,0.594,443.5,10.2,none,1980-03-17,46.4,2026-08-05,"Texas Pacific Land Corporation engages in the land and resource management, and water services and operations businesses. The Land and Resource Management segment manages surface acres of land, and oil and gas royalty interest in Permian Basin. This segment also engages in easements, such as transporting oil, gas and related hydrocarbons, power line and utility, and subsurface wellbore easements. In addition, this segment leases its land for processing, storage, and compression facilities and roads; and is involved in sale of materials, such as caliche, sand, and other material, as well as sells land. The Water Services and Operations segment provides full-service water offerings, including water sourcing, produced-water treatment, infrastructure development, and disposal solutions to operators in the Permian Basin. This segment also holds produced water royalties. The company owns a 1/128th nonparticipating perpetual oil and gas royalty interest (NPRI) under approximately 85,000 acres of land; a 1/16th NPRI under approximately 371,000 acres of land; and approximately 33,000 additional net royalty acres, total of approximately 224,000 NRA located in the Permian Basin. The company was founded in 1888 and is headquartered in Dallas, Texas.",Oil & Gas E&P,United States,https://www.texaspacific.com,114.0,61.0,2026-08-01T08:28:19.705280+00:00,
TXT,16.396154,11.799386,1.1,1.8524313,0.95846814,3.0,5.2,52.285,1436000000.0,452750016.0,8.701,6.125,,4.33,0.732,0.905,101.88938,19.5,buy,1973-02-21,53.4,2026-07-28,"Textron Inc. operates in the aircraft, defense, industrial, and finance businesses worldwide. It operates in six segments: Textron Aviation, Bell, Textron Systems, Industrial, Textron eAviation, and Finance. The Textron Aviation segment manufactures, sells, and services business jets, turboprop and piston engine aircraft, and military trainer and defense aircraft, as well as offers maintenance, inspection, and repair services; commercial parts; and advanced flight training devices. The Bell segment supplies military and commercial helicopters, tiltrotor aircraft, and related spare parts and services. The Textron Systems segment offers unmanned aircraft systems, electronic systems and solutions, advanced marine crafts, piston aircraft engines, live military air-to-air and air-to-ship training, weapons and related components, and armored and specialty vehicles. The Industrial segment offers blow-molded solutions, including conventional plastic fuel tanks and pressurized fuel tanks; plastic tanks for catalytic reduction systems and other fuel system components; lightweight and composite pentatonic battery systems for use in electric vehicles primarily to automobile original equipment manufacturers; and golf cars, off-road utility vehicles, powersports products, light transportation vehicles, aviation ground support equipment, professional turf-maintenance equipment, and turf-care vehicles to golf courses and resorts, government agencies and municipalities, consumers, outdoor ...",Aerospace & Defense,United States,https://www.textron.com,34000.0,9.0,2026-08-01T08:28:20.007184+00:00,
TKO,68.607544,47.494648,1.32,4.037082,6.8629494,25.900000000000002,63.0,58.229,788891008.0,830904512.0,21.215001,4.4699997,,12.16,17.649001000000002,0.621,232.3158,27.8,strong_buy,1999-10-19,26.8,2026-08-03,"TKO Group Holdings, Inc. operates as a sports and entertainment company. The company operates through three segments: UFC, WWE and IMG. The UFC segment distributes programming content; ticket sales and site fees associated with the business's global live events; partnerships and marketing; and consumer products licensing agreements of UFC-branded products. The WWE segment consists of media rights fees associated with the distribution of its programming content; ticket sales and site fees associated with the business's global live events; partnerships and marketing; and consumer products licensing agreements of WWE-branded products. The IMG segment specializing in media rights management and sales, multi-channel content production and distribution, brand partnerships, strategic consulting, digital services, and event management. This segment also offers hospitality business, offering ticketing, curated guest experiences, live event production and travel management services. It is also involved in the merchandising of video games, apparel, equipment, trading cards, memorabilia, digital goods, and toys. In addition, the company engages in the sponsorships and advertising business, which offers sale of in-venue and in-broadcast advertising assets, content product integration, and digital impressions. The company was incorporated in 2023 and is based in New York, New York. TKO Group Holdings, Inc. is a subsidiary of WME Group, Inc.",Entertainment,United States,https://tkogrp.com,4000.0,1.69,2026-08-01T08:28:20.311900+00:00,
TTD,20.735634,8.400544,0.91,3.4632368,2.8563194,11.799999999999999,-20.0,17.264,1405915008.0,569112640.0,9.675,14.571000000000002,,20.25,2.3039997999999997,1.04,24.32,34.8,hold,2016-09-21,9.9,2026-08-06,"The Trade Desk, Inc. operates as a technology company in the United States and internationally. The company creates, manages, and optimizes digital advertising campaigns across ad formats, channels and devices, including CTV and other video, display, audio, and native, on a multitude of devices, such televisions, streaming devices, mobile devices, computers and digital-out-of-home devices. It provides data and other value-added services. It serves advertising agencies, advertisers, and other service providers for agencies or advertisers. The Trade Desk, Inc. was incorporated in 2009 and is headquartered in Ventura, California.",Advertising Agencies,United States,https://www.thetradedesk.com,3843.0,,2026-08-01T08:28:20.666627+00:00,
TSCO,15.698979,14.965954,1.7,6.123383,1.0245444,2.3,-15.0,248.71,231588000.0,103175000.0,12.0740004,6.425,,6.54,0.34099999999999997,0.456,35.51852,15.4,buy,1994-02-17,32.4,2026-07-23,"Tractor Supply Company operates as a rural lifestyle retailer in the United States. The company provides various merchandise, including livestock and equine feed and equipment, poultry, fencing, and sprayers and chemicals; companion animal products, such as food, treats, and equipment for dogs, cats, and other small animals, as well as dog wellness products; seasonal and recreation products comprising tractors and riders, lawn and garden, bird feeding, power equipment, and other recreational products; truck, tool, and hardware products, such as truck accessories, trailers, generators, lubricants, batteries, and hardware and tools; and clothing, gift, and décor products consist of clothing, footwear, toys, snacks, and decorative merchandise. It offers its products under the 4health, Paws & Claws, American Farmworks, Producer's Pride, Bit & Bridle, Red Shed, Blue Mountain, Redstone, C.E. Schmidt, Retriever, Country Lane, Ridgecut, Countyline, Royal Wing, Country Tuff, Strive, Dumor, Traveller, Farm Table, Treeline, Groundwork, TSC Tractor Supply Co, Huskee, Untamed, JobSmart, and Impeckable brand names. The company operates its retail stores under the Tractor Supply Company, Petsense by Tractor Supply, and Orscheln Farm and Home names; and operates websites under the TractorSupply.com and Petsense.com names. It sells its products to recreational farmers, ranchers, and others. Tractor Supply Company was founded in 1938 and is based in Brentwood, Tennessee.",Specialty Retail,United States,https://www.tractorsupply.com,54000.0,3.18,2026-08-01T08:28:21.048564+00:00,
TRMB,29.623037,13.8684635,1.62,2.325524,3.5776732,11.799999999999999,55.60000000000001,25.062,234100000.0,370112512.0,15.873999999999999,12.375,,6.1300002,0.402,1.383,81.27273,43.6,strong_buy,1990-07-20,36.0,2026-05-06,"Trimble Inc. offers technology solutions and platform that enable office professionals and field workers to connect workflows and industry lifecycles in North America, Europe, the Asia Pacific, and internationally. The company provides architecture and interior design; building information modeling, engineering, and virtual design and construction; and construction and owner software products. It also offers field and office software for estimating and job cost management, and project design and visualization; software for 3D design and data sharing; systems to guide and control construction equipment, such as excavators, bulldozers, wheel loaders, motor graders, and paving equipment; systems to monitor, track, and manage assets, equipment, and workers; and software to facilitate the management of the construction process and for sharing and communication of data in real time. In addition, it provides positioning services comprising VRSNow; CenterPoint RTX; FieldPoint RTX; Rangepoint RTX; ViewPoint RTX; and Trimble xFill services. Further, it offers transportation and logistics solutions for shippers, carriers, retailers, and intermediaries, such as carrier transportation management software (TMS) and maintenance solutions to manage core transportation operations and maintenance workflows; transporeon solutions to provide a cloud-based ecosystem that manages the transportation lifecycle from freight sourcing and procurement through transport execution, dock and yard manage...",Scientific & Technical Instruments,United States,https://www.trimble.com,11500.0,,2026-08-01T08:28:21.359727+00:00,
TYL,42.527473,20.173233,1.6,4.1722817,5.2183595,8.200000000000001,15.5,47.906,970035008.0,594435648.0,14.741000000000001,13.361,,9.9700004,0.519,0.821,434.45456,40.3,buy,1980-03-17,46.4,2026-07-29,"Tyler Technologies, Inc. provides integrated software and technology management solutions for the public sector in the United States. It operates in two segments, Enterprise Software and Platform Technologies. The company designs, develops, markets, and supports a range of software solutions to serve mission-critical back-office functions. It also offers platform and transformative technology solutions, such as cybersecurity, data and insights, digital solutions, payments, platform technologies, and outdoor recreation; public administration solutions, including civic services, ERP, property and recording, and regulatory; and corrections, courts and justice, and public safety solutions. In addition, the company provides school ERP and student transportation K-12 education solutions; and health and human services solutions comprising environmental health, and disability and benefits. It has a strategic collaboration agreement with Amazon Web Services for cloud hosting services. The company was formerly known as Tyler Corporation and changed its name to Tyler Technologies, Inc. in June 1999. Tyler Technologies, Inc. was founded in 1966 and is based in Plano, Texas.",Software - Application,United States,https://www.tylertech.com,7879.0,,2026-08-01T08:28:21.664747+00:00,
UDR,24.151897,68.14285,8.17,4.233885,7.9365797,-0.1,90.9,156.144,2830000.0,779827776.0,20.177999,29.563,,4.65,0.44400003,0.695,42.0,10.1,buy,1980-03-17,46.4,2026-07-27,"UDR, Inc. is a S&P 500 company, is a leading multifamily real estate investment trust with a demonstrated performance history of delivering superior and dependable returns by successfully managing, buying, selling, developing and redeveloping attractive real estate properties in targeted U.S. markets. As of June 30, 2026, UDR owned or had an ownership position in 60,259 apartment homes, including 685 apartment homes under development. For over 54 years, UDR has delivered long-term value to shareholders, the best standard of service to residents and the highest quality experience for associates. UDR, Inc. was incorporated in 1972 in Maryland, and is based in Highlands Ranch, Colorado.",REIT - Residential,United States,https://www.udr.com,1420.0,4.53,2026-08-01T08:28:21.967298+00:00,
ULTA,19.381332,16.09205,1.76,8.079245,1.7347869,11.1,15.5,89.209,221300000.0,973080128.0,14.168,9.354999999999999,,5.72,0.23999999000000002,0.879,623.4167,21.6,buy,2007-10-25,18.8,2026-08-27,"Ulta Beauty, Inc. operates as a specialty beauty retailer in the United States, Mexico, and Kuwait. The company offers branded and private label beauty products, including cosmetics, fragrance, haircare, skincare, bath and body products, professional hair products, and salon styling tools through its Ulta Beauty stores, shop-in-shops, Ulta.com website, and its mobile applications. It also provides wellness products. The company was formerly known as ULTA Salon, Cosmetics & Fragrance, Inc. and changed its name to Ulta Beauty, Inc. in January 2017. Ulta Beauty, Inc. was incorporated in 1990 and is based in Bolingbrook, Illinois.",Specialty Retail,United States,https://www.ulta.com,21382.0,,2026-08-01T08:28:22.271593+00:00,
UAL,11.577291,7.846016,6.5,2.3586245,0.6260539,16.0,-17.2,201.641,16636999680.0,910124992.0,5.534,5.558,,6.77,0.60799997,1.258,162.15218,33.6,strong_buy,2006-02-06,20.5,2026-07-15,"United Airlines Holdings, Inc., through its subsidiaries, provides air transportation services in the United States, Canada, Atlantic, the Pacific, and Latin America. It transports people and cargo through its mainline and regional fleets. The company also offers ground handling, flight academy, frequent flyer award non-travel redemptions, and maintenance services for third parties. In addition, it provides freight and mail transportation services to commercial businesses, freight forwarders, logistics firms, and national postal services, as well as loyalty programs. The company distributes its products through direct channels, such as the Company's website and the Company's mobile app; and traditional travel agencies, online travel agencies, and other intermediaries. The company was formerly known as United Continental Holdings, Inc. and changed its name to United Airlines Holdings, Inc. in June 2019. United Airlines Holdings, Inc. was incorporated in 1968 and is based in Chicago, Illinois.",Airlines,United States,https://www.united.com,117500.0,,2026-08-01T08:28:22.576612+00:00,
UHS,6.6656113,6.9162154,1.2,1.4136802,0.56290543,8.3,10.100000000000001,68.74,138800000.0,497965120.0,11.14,8.424,,7.920000000000001,4.828,1.075,193.88235,15.1,buy,1981-07-09,45.1,2026-07-27,"Universal Health Services, Inc., through its subsidiaries, owns and operates acute care hospitals, and outpatient and behavioral health care facilities in the United States. It operates through Acute Care Hospital Services and Behavioral Health Care Services segments. The company's hospitals offer general and specialty surgery, internal medicine, obstetrics, emergency room care, radiology, oncology, diagnostic and coronary care, pediatric, pharmacy, and/or behavioral health services. It also provides commercial health insurance services; capital resources; and various management services, including central purchasing, information services, finance and control systems, facilities planning, physician recruitment, administrative personnel management, marketing, and public relations services. Universal Health Services, Inc. was founded in 1978 and is headquartered in King of Prussia, Pennsylvania.",Medical Care Facilities,United States,https://uhs.com,102000.0,49.0,2026-08-01T08:28:22.883862+00:00,
VEEV,35.688267,20.30897,0.94,4.5458198,9.973045,16.3,14.6,1.411,7312718848.0,1259549056.0,30.932,28.370002,,5.33,8.583,0.941,244.14285,19.8,buy,2013-10-16,12.8,2026-06-03,"Veeva Systems Inc. provides cloud-based software for the life sciences industry in North America, Europe, the Asia Pacific, the Middle East, Africa, and Latin America. The company offers Veeva Commercial Cloud comprising Veeva Vault CRM Suite for pharmaceutical and biotechnology companies; Veeva Medical that provides source of medical content across multiple channels and geographies; Veeva PromoMats, an end-to-end content and digital asset management solution; and Veeva Crossix, an analytics platform for pharmaceutical brands. It also provides Veeva Data Cloud, such as Veeva OpenData, a customer reference data solution; Veeva Link, which provides deep data; Veeva Compass, which includes de-identified and longitudinal patient data; and Veeva CRM Pulse that provides access and multichannel engagement metrics. In addition, the company offers Veeva Development Cloud consisting of Veeva Clinical Platform, which advances clinical trial execution; Veeva Clinical Data Management that helps sponsors and CROs design and run trials; Veeva Safety, which unifies systems and processes; Veeva RIM that provides regulatory information management capabilities, as well as Veeva Quality Cloud, which is used by the life sciences and consumer products industries; and Veeva Business Consulting services. Further, it provides professional and support services, including implementation and deployment planning, and project management; requirements analysis, solution design, and configuration; system...",Health Information Services,United States,https://www.veeva.com,7928.0,,2026-08-01T08:28:23.257065+00:00,
VTR,170.01819,110.44445,1.72,3.2742743,7.4724574,21.7,-6.7,84.928,198956000.0,,12.946999,4.093,,5.89,0.501,0.724,99.04545,5.9,buy,1997-05-05,29.2,2026-07-29,"Ventas, Inc. is an S&P 500 company enabling exceptional environments that benefit a large and growing aging population. With more than 1,400 properties in North America and the United Kingdom, Ventas occupies an essential role in the longevity economy. The Company's growth is fueled by its approximately 900 senior housing communities, which provide valuable services to residents and enable them to thrive in supported environments. Ventas aims to deliver outsized performance by leveraging its operational expertise, data-driven insights from its Ventas OITM platform, extensive relationships and strong financial position. The Ventas portfolio also includes outpatient medical buildings, research centers and healthcare facilities. Ventas, Inc. was incorporated in 1983 and is based in Chicago, United States. The firm was incorporated in Delaware.",REIT - Healthcare Facilities,United States,https://www.ventasreit.com,542.0,2.14,2026-08-01T08:28:23.568322+00:00,
VLTO,23.840506,19.785316,2.91,7.4254847,4.030551,7.5,10.100000000000001,115.978,2119000064.0,807124992.0,21.370001,17.346,,3.25,0.19200001,0.782,112.76471,19.7,buy,2023-10-04,2.8,2026-07-28,"Veralto Corporation provides water analytics, water treatment, marking and coding, and packaging and color solutions worldwide. It operates through two segments, Water Quality (WQ) and Product Quality & Innovation (PQI). The WQ segment offers precision instrumentation and water treatment technologies to measure, analyze, and treat water in residential, commercial, municipal, industrial, research, and natural resource applications under the Hach, Trojan Technologies, ChemTreat, and other brands. This segment also provides water solutions, including chemical reagents, services, and software solutions. The PQI segment offers marking and coding for packaged goods and related consumables; a software solution that provides digital asset management, marketing resource management, and product information management; inline printing solutions for products and packaging with marking and coding systems; design software and imaging systems for the creation of new packaging designs; color management solutions for printed packages and consumer and industrial products; and color standard services for the design industry. This segment sells its products and services through the Videojet, Linx, Esko, X-Rite, and Pantone brands. The company serves industries, such as municipal utilities, food and beverage, pharmaceutical, and industrials. The company was formerly known as DH EAS Holding Corp. and changed its name to Veralto Corporation in February 2023. Veralto Corporation was incorporated ...",Pollution & Treatment Controls,United States,https://www.veralto.com,17000.0,55.00000000000001,2026-08-01T08:28:23.875715+00:00,
VRSN,31.151447,26.41413,2.96,-11.631041,15.3509035,6.0,7.7,,1034099968.0,832837504.0,68.178004,49.769002,,2.0399998999999998,10.613999999999999,0.707,318.0,9.6,buy,1998-01-30,28.5,2026-07-23,"VeriSign, Inc., together with its subsidiaries, provides internet infrastructure and domain name registry services that enables internet navigation for various recognized domain names worldwide. The company provides root zone maintainer services, operating two of thirteen internet root servers; and offering registration services and authoritative resolution for the .com and .net domains, which supports global e-commerce. It operates directory for .name and .cc; and back-end systems for .edu, domain names. The company was incorporated in 1995 and is headquartered in Reston, Virginia.",Software - Infrastructure,United States,https://www.verisign.com,926.0,1.13,2026-08-01T08:28:25.687585+00:00,
VRSK,29.930876,22.428133,2.06,-21.861326,8.087022,4.3999999999999995,-3.4000000000000004,,552200000.0,1055550016.0,45.106998,28.237000000000002,,5.56,0.27899999999999997,0.688,237.11765,21.7,buy,2009-10-07,16.8,2026-07-29,"Verisk Analytics, Inc. engages in the provision of data analytics and technology solutions to the insurance industry in the United States and internationally. The company offers underwriting solutions, including forms, rules, and loss costs services that provides policy language, prospective loss costs, policy writing and rating rules, and underwriting solutions for risk selection and segmentation, pricing, and workflow optimization; underwriting data and analytics solutions, which provides property and auto specific rating, and underwriting information solutions; catastrophe modelling  and risk solutions; life insurance solutions for transforming current workflows in life insurance underwriting, claim insights, policy administration, unclaimed property/equity, compliance and fraud detection, and actuarial and portfolio modelling; specialty business solutions, which provides full end-to-end management of insurance and reinsurance business; and international underwriting solutions. It also provides claims insurance solutions, including property estimating solutions, provide data, analytics, and networking solutions for professionals involved in estimating all phases of building repair and reconstruction; anti-fraud solutions that provide fraud-detection tools for the property and casualty insurance industry; casualty solutions, which focus on compliance, casualty claims decision, and workflow automation; and international claims solutions, which focus on personal injury and...",Consulting Services,United States,https://www.verisk.com,8000.0,1.03,2026-08-01T08:28:25.995052+00:00,
VTRS,,6.685474,1.14,1.3949792,1.4042509,8.1,,99.675,2400199936.0,2238337536.0,6.784,-2.036,,4.0700004,0.312,0.902,17.9375,2.1,buy,1980-03-17,46.4,2026-08-06,"Viatris Inc., together with its subsidiaries, operates as a healthcare company in North America, Europe, China, Taiwan, Hong Kong, Japan, Australia, New Zealand, rest of Asia, Africa, Latin America, and the Middle East. It operates in four segments: Developed Markets, Greater China, JANZ, and Emerging Markets. The company offers prescription brand drugs, generic drugs, complex generic drugs, and biosimilars. It also provides drugs in various therapeutic areas covering various noncommunicable and infectious diseases, including cardiovascular, CNS and anesthesia, dermatology, diabetes and metabolism, eye care, gastroenterology, immunology, oncology, and respiratory and allergy, as well as support services, such as diagnostic clinics, educational seminars, and digital tools to help patients better manage their health. In addition, the company offers medicines in the form of oral solid doses, injectables, and complex dosage forms to retail and pharmacy establishments, wholesalers and distributors, payers, insurers and governments, and institutions. It distributes its products through pharmaceutical wholesalers/distributors, pharmaceutical retailers, institutional pharmacies, mail-order and e-commerce pharmacies, and specialty pharmacies under the Lyrica, Lipitor, Celebrex, Viagra, Creon, Influvac, Wixela Inhub, EpiPen Auto-Injector, Fraxiparine, Yupelri, Norvasc, Amitiza, Effexor, Lipacreon, Zoloft, Xalabrands, Dymista, Xanax, and Breyna brands. The company has collaboration a...",Drug Manufacturers - Specialty & Generic,United States,https://www.viatris.com,30000.0,2.73,2026-08-01T08:28:26.300080+00:00,
VICI,10.213179,8.993174,,0.9992795,7.080575,5.7,-41.4,60.277,300947008.0,267028992.0,70.182997,67.496,,2.8399997999999997,0.28200000000000003,0.683,32.95833,25.1,buy,2018-01-02,8.6,2026-07-29,"VICI Properties Inc. is an S&P 500 experiential real estate investment trust that owns one of the largest portfolios of market-leading gaming, hospitality, wellness, entertainment and leisure destinations, including Caesars Palace Las Vegas, MGM Grand and the Venetian Resort Las Vegas, three of the most iconic entertainment facilities on the Las Vegas Strip. VICI Properties owns 93 experiential assets across a geographically diverse portfolio consisting of 54 gaming properties and 39 other experiential properties across the United States and Canada. The portfolio is comprised of approximately 127 million square feet and features approximately 60,300 hotel rooms and over 500 restaurants, bars, nightclubs and sportsbooks. Its properties are occupied by industry-leading gaming, leisure and hospitality operators under long-term, triple-net lease agreements. VICI Properties has a growing array of real estate and financing partnerships with leading developers and operators in other experiential sectors, including Cabot, Cain, Canyon Ranch, Chelsea Piers, Great Wolf Resorts, Homefield, Kalahari Resorts and Lucky Strike Entertainment. VICI Properties also owns four championship golf courses and approximately 33 acres of undeveloped and underdeveloped land adjacent to the Las Vegas Strip. VICI Properties' goal is to create the highest quality and most productive experiential real estate portfolio through a strategy of partnering with the highest quality experiential place makers an...",REIT - Diversified,United States,https://www.viciproperties.com,28.0,6.84,2026-08-01T08:28:26.601977+00:00,
VST,24.864094,14.346137,0.41,16.051777,2.5696616,43.4,,366.613,658000000.0,-164124992.0,26.578000000000003,11.525,,4.32,0.7889999999999999,1.409,221.94444,49.8,strong_buy,2016-10-05,9.8,2026-08-07,"Vistra Corp., together with its subsidiaries, operates as an integrated retail electricity and power generation company in the United States. The company operates through five segments: Retail, Texas, East, West, and Asset Closure. The company retails electricity and natural gas to residential, commercial, and industrial customers across states in the United States and the District of Columbia. It is also involved in electricity generation, wholesale energy purchases and sales, commodity risk management, fuel procurement, and fuel logistics management activities. In addition, the company engages in decommissioning and reclamation of retired generation facilities, including mines, and battery removal and remediation activities. It serves approximately 5 million customers with a generation capacity of approximately 44,000 megawatts with a portfolio of natural gas, nuclear, coal, solar, and battery energy storage facilities. The company was formerly known as Vistra Energy Corp. and changed its name to Vistra Corp. in July 2020. Vistra Corp. was founded in 1882 and is based in Irving, Texas.",Utilities - Independent Power Producers,United States,https://vistracorp.com,6390.0,62.0,2026-08-01T08:28:26.975569+00:00,
VMC,31.934603,24.884367,2.46,4.114376,4.2880507,2.5,2.7,58.22,194200000.0,843600000.0,21.611,13.748,,5.83,0.212,1.05,325.54544,21.2,buy,1973-02-21,53.4,2026-07-29,"Vulcan Materials Company produces and supplies construction aggregates in the United States. It operates through three segments: Aggregates, Asphalt, and Concrete. The company provides crushed stone, sand and gravel, sand, and other aggregates for use in construction and maintenance of highways, streets, and other public works, as well as in the construction of housing and commercial, industrial, and other nonresidential facilities; aggregates that are used as ballast for construction and maintenance of railroad tracks; riprap and jetty stones for use in erosion control along roads and waterways; asphalt mix; asphalt construction paving services; and ready-mixed concrete products. The company was formerly known as Virginia Holdco, Inc. and changed its name to Vulcan Materials Company. Vulcan Materials Company was founded in 1909 and is headquartered in Birmingham, Alabama.",Building Materials,United States,https://www.vulcanmaterials.com,11548.0,77.0,2026-08-01T08:28:27.282555+00:00,
WRB,15.112499,15.017546,5.11,,1.8069524,1.2,15.0,31.76,3445806080.0,,16.385001,12.943,,0.02,26.362000000000002,0.293,69.29412,-4.5,hold,1973-10-23,52.8,,"W. R. Berkley Corporation, an insurance holding company, operates as a commercial line writer worldwide. The company operates through Insurance and Reinsurance & Monoline Excess segments. The Insurance segment underwrites commercial insurance business, including excess and surplus lines, admitted lines, and specialty personal lines. This segment also provides accident and health insurance and reinsurance products; insurance for commercial risks; casualty and specialty environmental products; insurance coverages for fine arts and jewelry exposures; excess liability and inland marine coverage for small to medium-sized insureds; and commercial general liability, umbrella, professional liability, directors and officers, commercial property, and surety products, as well as products for technology, and life sciences and travel industries. In addition, it offers cyber risk solutions; crime and fidelity insurance products; medical professional coverages; workers' compensation insurance products; management liability and general insurance products; personal lines insurance solutions, including home, condo/co-op, auto, fine arts and collectibles, liability, collector vehicle, and recreational marine; law enforcement, public officials and educator's legal, and employment practices liability, as well as incidental medical, property, and crime insurance products; at-risk and alternative risk insurance program management services; professional liability; energy and marine risks; and ins...",Insurance - Property & Casualty,United States,https://www.berkley.com,8804.0,55.00000000000001,2026-08-01T08:28:27.651005+00:00,
WAB,39.358593,23.512539,1.37,4.3859696,4.100952,17.5,18.9,61.686,660000000.0,1101374976.0,19.188,10.593,,2.5899999,0.701,0.937,324.25,11.5,strong_buy,1995-06-16,31.1,,"Westinghouse Air Brake Technologies Corporation provides locomotives, equipment, systems, and services for the freight rail and passenger transit industries worldwide. It operates in two segments, Freight and Transit. It offers diesel-electric and liquid natural gas-powered locomotives; engines, electric motors, and propulsion systems; and marine and mining products. The company also offers positive train control equipment; electronically controlled pneumatic braking products; railway electronics; signal design and engineering services; distributed locomotive power, and train cruise and remote controls; industrial/mobile Internet of Things hardware and software, edge-to-cloud, on and off-board analytics and rules, and asset performance management solutions; rail and shipper transportation management, and port visibility and optimization solutions; and network optimization solutions. In addition, it provides freight car trucks, braking equipment, and related components; air compressors and dryers, as well as heating, ventilation, and air conditioning (HVAC) systems; heat transfer components and systems; custom engineered burners and combustion systems; rail gear, signaling, and switch products; and turbochargers. Further, it offers freight locomotive overhauls, modernizations, and refurbishment; locomotive and car maintenance; transit locomotive and car overhaul; unit exchange of locomotive components; long-term parts arrangements; and way equipment maintenance services. Ad...",Railroads,United States,https://www.wabteccorp.com,31000.0,42.0,2026-08-01T08:28:27.963021+00:00,
WAT,48.31114,22.875742,1.7,2.4221163,9.825913,91.4,,36.634,462000000.0,-502370624.0,2.841,11.926,,3.73,0.10300000000000001,1.202,413.26086,9.5,buy,1995-11-17,30.7,2026-08-04,"Waters Corporation provides analytical workflow solutions in Asia, the Americas, and Europe. The company operates through two segments, Waters and TA. The company designs, manufactures, sells, and services liquid chromatography, as well as mass spectrometry (MS) technology systems and supports products, including chromatography columns, and other consumable products. It also designs, manufactures, sells, and services thermal analysis, rheometry, and calorimetry instruments for use in predicting the suitability and stability of fine chemicals, pharmaceuticals, water, polymers, metals, and viscous liquids for various industrial, consumer goods, and healthcare products, as well as for life science research; and develops and supplies software-based products that interface with its instruments, as well as other manufacturers' instruments. In addition, the company offers MS technology, which is used in drug discovery and development comprising clinical trial testing, the analysis of proteins in disease processes, nutritional safety analysis, and environmental testing. Its products are used by clinical, pharmaceutical, biochemical, industrial, nutritional safety, environmental, academic, and governmental customers working in research and development, quality assurance, and other laboratory applications. The company was founded in 1958 and is headquartered in Milford, Massachusetts.",Diagnostics & Research,United States,https://www.waters.com,16000.0,,2026-08-01T08:28:28.262068+00:00,
WEC,21.371094,18.233719,2.34,,3.5171185,2.6,19.7,157.687,50000000.0,-2348137472.0,20.988001,16.686001,,4.78,0.15199999,0.46,123.75,13.1,buy,1980-03-17,46.4,2026-07-29,"WEC Energy Group, Inc., through its subsidiaries, provides regulated natural gas and electricity, and renewable and nonregulated renewable energy services in the United States. The company operates through Wisconsin, Illinois, Other States, Electric Transmission, and Non-Utility Energy Infrastructure segments. It generates and distributes electricity from coal, natural gas, oil, and nuclear, as well as renewable energy resources, including wind, solar, hydroelectric, and biomass; and distributes and hydroelectric natural gas. The company also owns, maintains, monitors, and operates electric transmission systems; and generates, distributes, and sells steam. As of December 31, 2025, the company operated approximately 35,200 miles of overhead distribution lines and 37,600 miles of underground distribution cables, as well as 420 electric distribution substations and 649,500 line transformers; approximately 47,200 miles of natural gas distribution mains; 1,300 miles of natural gas transmission mains; 2.4 million natural gas lateral services; 510 natural gas distribution and transmission gate stations; and 67.0 billion cubic feet of working gas capacities in underground natural gas storage fields. The company was formerly known as Wisconsin Energy Corporation and changed its name to WEC Energy Group, Inc. in June 2015. WEC Energy Group, Inc. was founded in 1896 and is headquartered in Milwaukee, Wisconsin.",Utilities - Regulated Electric,United States,https://www.wecenergygroup.com,7000.0,3.46,2026-08-01T08:28:28.564938+00:00,
WST,43.489796,34.308125,2.9,8.083835,7.212733,13.8,18.099999999999998,10.585,435800000.0,277937504.0,22.469,16.98,,3.92,0.638,1.159,403.93332,18.5,strong_buy,1980-03-17,46.4,2026-07-23,"West Pharmaceutical Services, Inc. designs, manufactures, and sells containment and delivery systems for injectable drugs and healthcare products in the Americas, Europe, the Middle East, Africa, and the Asia Pacific. It operates in two segments, Proprietary Products and Contract-Manufactured Products. The Proprietary Products segment offers stoppers and seals for injectable packaging systems; syringe and cartridge components, including custom solutions for the needs of injectable drug applications, as well as administration systems that enhance the safe delivery of drugs through advanced reconstitution, mixing, and transfer technologies; and films, coatings, washing, and vision inspection and sterilization processes and services to enhance the quality of packaging products. This segment also provides drug containment solutions in the form of vials, syringes, and cartridges; and self-injection devices; and a range of integrated solutions, including analytical lab services, pre-approval primary packaging support and engineering development, regulatory expertise, and after-sales technical support. This segment serves biologic, generic, and pharmaceutical drug companies. The Contract-Manufactured Products segment is involved in the design, manufacture, and automated assembly of devices used in surgical, diagnostic, ophthalmic, injectable, and other drug delivery systems, as well as consumer products. This segment primarily serves pharmaceutical, diagnostic, and medical device...",Medical Instruments & Supplies,United States,https://www.westpharma.com,10800.0,26.0,2026-08-01T08:28:28.878313+00:00,
WY,37.92424,38.156654,1.86,1.9120008,2.6274126,-2.0,96.6,57.729,299000000.0,-45875000.0,8.975001,5.7800002,,4.54,0.33000002,0.911,31.09091,24.2,buy,1973-05-03,53.2,2026-07-30,"Weyerhaeuser Company, one of the world's largest private owners of timberlands, began operations in 1900. Today the firm owns or controls more than 10 million acres of timberlands in the U.S., as well as additional public timberlands managed under long-term licenses in Canada. Weyerhaeuser has been a global leader in sustainability for more than a century and manages 100 percent of its timberlands on a fully sustainable basis in compliance with internationally recognized sustainable forestry standards. Weyerhaeuser is also one of the largest manufacturers of wood products in North America and operates additional business lines around product distribution, climate solutions, real estate, energy and natural resources, among others. In 2025, the company generated 6.9 billion US dollars in net sales and employed approximately 9,500 people who serve customers worldwide. Operated as a real estate investment trust, Weyerhaeuser's common stock trades on the New York Stock Exchange under the symbol WY. Weyerhaeuser Company was incorporated in 1900 in Washington and is based in Seattle, United States.",REIT - Specialty,United States,https://www.weyerhaeuser.com,9517.0,3.44,2026-08-01T08:28:29.184155+00:00,
WSM,26.192442,22.279297,3.08,14.399244,3.4158077,4.3999999999999995,4.3,79.878,651601024.0,885462144.0,16.173000000000002,13.81,,5.45,1.121,1.485,214.65,-6.1,buy,1983-07-07,43.1,2026-05-21,"Williams-Sonoma, Inc. operates as an omni-channel specialty retailer of various products for home the United States and internationally. The company provides cooking, dining, and entertaining products, such as cookware, tools, electrics, cutlery, tabletop and bar, outdoor, furniture, and a library of cookbooks. It offers home furnishings, home decor products and accessories, bedding, lighting, rugs, table essentials, kids accessories, made-to-order lighting, hardware, personalized products, custom gifts, and vintage-inspired heirloom products. It offers its products under the Williams Sonoma, Pottery Barn, Pottery Barn Kids, Pottery Barn Teen, West Elm, Williams Sonoma Home, Rejuvenation, Mark and Graham, and GreenRow brand names. The company markets its products through e-commerce websites, direct-mail catalogs, and retail stores. Williams-Sonoma, Inc. was founded in 1956 and is headquartered in San Francisco, California.",Specialty Retail,United States,https://www.williams-sonomainc.com,19800.0,1.3,2026-08-01T08:28:29.488006+00:00,
WTW,20.78713,14.816534,1.27,4.063729,3.0882542,9.1,-26.8,91.39,1627000064.0,1334125056.0,17.233999,15.492,,4.4699997,0.26699998,0.441,347.3158,3.4,buy,2001-06-12,25.1,2026-07-30,"Willis Towers Watson Public Limited Company operates as an advisory, broking, and solutions company worldwide. The company operates through two segments: Health, Wealth & Career and Risk & Broking. It offers strategy and design consulting, plan management service and support, broking and administration services for health, wellbeing, and other group benefit programs, including medical, dental, disability, life, voluntary benefits, and other coverages; actuarial support, plan design, and administrative services for pension and retirement savings plans; retirement consulting services and solutions; and integrated solutions that consists of investment discretionary management, pension administration, core actuarial, and communication and change management assistance services. The company also provides advice, data, software, and products to address clients' total rewards and talent issues; and risk advice, insurance brokerage, and consulting services in the areas of property and casualty, affinity, risk and analytics, aerospace, construction, global markets direct and facultative, financial, executive and professional risks, credit risk solutions, crisis management, surety, marine, and natural resources. In addition, it offers software and technology, risk and capital management, products and product pricing, financial and regulatory reporting, financial and capital modeling, M&A, outsourcing, and business management services. The company was formerly known as Willis Group Ho...",Insurance Brokers,United Kingdom,https://www.wtwco.com,48100.0,1.14,2026-08-01T08:28:29.793720+00:00,
WDAY,49.335384,12.681253,0.66,5.9741416,4.018645,13.5,248.0,56.936,4352999936.0,3118749952.0,13.297,8.595,,15.630000999999998,2.1440001,1.104,168.6377,5.2,buy,2012-10-12,13.8,2026-05-21,"Workday, Inc. provides enterprise cloud applications in the United States and internationally. The company offers a suite of financial management applications to maintain accounting information; manage financial processes, such as payables and receivables; identify real-time financial, operational, and management insights; perform financial consolidation; reduce time-to-close; promote internal control and auditability; and achieve consistency across finance operations. It also provides spend management solutions that help organizations to streamline supplier selection and contract management, build and execute sourcing events, such as requests for proposals, and manage indirect spend; expense management solutions to submit and approve expenses; and a suite of human capital management applications that enables HR teams to hire, onboard, pay, develop, reskill, and provide employee experiences. In addition, the company offers planning applications. Further, it provides supply chain and inventory solutions to healthcare organizations; solutions to manage the end-to-end student and faculty lifecycle; Workday Extend for customers and their developers to build custom applications. The company serves the professional and business services, financial services, healthcare, manufacturing, media, education, government, technology, media, retail, and hospitality industries. It sells its solutions through its direct sales organization. The company was formerly known as North Tahoe Power...",Software - Application,United States,https://www.workday.com,20834.0,,2026-08-01T08:28:30.107506+00:00,
WYNN,28.785505,18.869286,1.66,-47.929535,1.4130315,9.2,50.9,,1795227008.0,356894624.0,15.323,5.1420003,,10.31,27.232,0.988,133.3158,34.2,strong_buy,2002-10-25,23.8,2026-08-04,"Wynn Resorts, Limited designs, develops, and operates integrated resorts. It operates in four segments: Wynn Palace, Wynn Macau, Las Vegas Operations, and Encore Boston Harbor. The Wynn Palace segment operates casino space, private gaming salons, and sky casinos; a luxury hotel tower with suites and villas, as well as a health club, spa, salon, and pool; food and beverage outlets; retail space; meeting and convention space; and a performance lake, an immersive entertainment center, Western and Asian art displays, and a gondola ride. Its Wynn Macau segment operates casino space, private gaming salons, sky casinos, and a poker room; luxury hotel towers with health clubs, spas, a salon, and a pool; food and beverage outlets; retail space; meeting and convention space; a performance lake; and a rotunda show featuring Chinese zodiac-inspired ceilings. The Las Vegas Operations segment operates casino space, private gaming salons, a sky casino, a poker room, and a race and sports book; a luxury hotel tower with suites, villas, swimming pools, private cabanas, full-service spas and salons, and a wedding chapel; food and beverage outlets; meeting and convention space; retail space; a golf course; nightclubs; a beach club; and theaters. Its Encore Boston Harbor segment operates casino space, private and high-limit gaming areas, and a sports book; a luxury hotel tower with suites, a spa, and a salon; food and beverage outlets; a nightclub; retail space; meeting and convention space; ...",Resorts & Casinos,United States,https://www.wynnresorts.com,28500.0,99.0,2026-08-01T08:28:30.420745+00:00,
XEL,21.424656,17.2402,2.13,2.050287,3.3040044,2.9000000000000004,6.0,164.845,1768000000.0,-7471625216.0,18.155001000000002,14.144000000000002,,7.79,0.201,0.405,92.72222,18.6,strong_buy,1973-02-21,53.4,2026-07-30,"Xcel Energy Inc., through its subsidiaries, operates as an electric and natural gas delivery company in the United States. It operates through Regulated Electric Utility and Regulated Natural Gas Utility segments. The company generates, purchases, transmits, distributes, and sells electricity through its energy portfolio, including wind, nuclear, hydroelectric, biomass, and solar power from both owned generation facilities and PPAs, as well as its fossil fuel energy portfolio, such as coal and natural gas; sale and resale of wholesale transmission service; and engages in wholesale commodity and trading operations. It also purchases, transports, stores, distributes, and sells natural gas; develops and leases natural gas pipelines and storage facilities; operates interstate natural gas pipeline; and invests in rental housing projects, energy technology companies, and community solar garden nonregulated assets. It serves electric and natural gas customers in portions of Colorado, Michigan, Minnesota, New Mexico, North Dakota, South Dakota, Texas, and Wisconsin. The company was formerly known as Northern States Power company. Xcel Energy Inc. was incorporated in 1909 and is headquartered in Minneapolis, Minnesota.",Utilities - Regulated Electric,United States,https://www.my.xcelenergy.com/s,11534.0,3.01,2026-08-01T08:28:30.717970+00:00,
XYL,27.783848,18.886599,1.73,2.4818587,2.9926534,1.5,19.5,28.642,1276000000.0,1183750016.0,16.995001000000002,11.1549996,,4.16,0.329,1.023,153.41176,31.2,buy,2011-10-13,14.8,2026-07-28,"Xylem Inc., together with its subsidiaries, engages in the design, manufacture, and servicing of engineered products and solutions for utility, industrial, and residential and commercial building services settings worldwide. It operates through Water Infrastructure; Applied Water; Measurement and Control Solutions; and Water Solutions and Services segments. The company offers water, wastewater, and storm water pumps and controls and systems; filtration, disinfection, and biological treatment equipment under the Flygt, Ionpure, Leopold, Neptune Benson, Sanitare, Wallace & Tiernan, and Wedeco brands; and pumps, valves, heat exchangers, controls, and dispensing equipment used for water and focuses on the residential, commercial and industrial markets under the Rule, Bell & Gossett, Flojet, Goulds Water Technology, Jabsco, and Lowara brands. It also provides smart meters, network communication devices, data analytics, test instruments, controls, sensor devices, software and managed services, critical infrastructure services, cloud-based analytics, and remote monitoring and data management under the Ebro, Sensus, Sentec, Smith Blair, WTW, YSI, and Xylem Vue brands. In addition, the company offers preventative maintenance services, rapid response mobile services, digitally enabled/outsourced solutions, process and wastewater treatment systems, environmental remediation, odor and corrosion control, filtration, reverse osmosis, continuous deionization, and mobile dewatering equipm...",Specialty Industrial Machinery,United States,https://www.xylem.com,22000.0,1.47,2026-08-01T08:28:31.020458+00:00,
YUM,19.304785,20.779362,1.95,-5.7964,4.797689,12.3,131.6,,674000000.0,813625024.0,32.227,25.406997999999998,,3.5099998,0.158,0.56,174.33333,13.7,buy,1997-09-17,28.9,2026-07-30,"Yum! Brands, Inc., together with its subsidiaries, develops, operates, and franchises traditional and non-traditional quick service restaurants in the United States, China, and internationally. The company operates in four segments: KFC Division, Taco Bell Division, Pizza Hut Division, and Habit Burger & Grill Division. It also operates restaurants under the KFC, Pizza Hut, Taco Bell, and Habit Burger & Grill brands, which specialize in chicken, Mexican-style food and pizza categories, made-to-order chargrilled burgers, sandwiches, and other products. The company was formerly known as TRICON Global Restaurants, Inc. and changed its name to Yum! Brands, Inc. in May 2002. Yum! Brands, Inc. was incorporated in 1997 and is headquartered in Louisville, Kentucky.",Restaurants,United States,https://www.yum.com,49000.0,1.96,2026-08-01T08:28:31.322738+00:00,
ZBRA,34.812798,14.184034,0.6,4.0968223,2.5068321,14.299999999999999,3.8,82.104,114000000.0,559000000.0,14.982999999999999,7.487000000000001,,7.7199996,0.847,1.605,332.43875,13.1,buy,1991-08-15,35.0,2026-08-04,"Zebra Technologies Corporation, together with its subsidiaries, operates in the automatic identification and data capture solutions industry worldwide. It operates in two segments, Connected Frontline, and Asset Visibility and Automation. The company designs, manufactures, and sells printers that produce labels, wristbands, tickets, receipts, and plastic cards; dye-sublimination thermal card printers that produce images, which are used for personal identification, access control, and financial transactions; radio frequency identification device (RFID) printers that encode data into passive RFID transponders; accessories and options for printers, including carrying cases, vehicle mounts, and battery chargers; stock and customized thermal labels, receipts, ribbons, plastic cards, and RFID tags for printers; and electronic sensors and temperature-monitoring labels. It also provides various maintenance, technical support, repair, and managed and professional services; fixed readers, RFID enabled mobile computers, and RFID sleds; tags, sensors, exciters, middleware software, and application software; and physical inventory management solutions; rugged and enterprise-grade mobile computing products and accessories, as well as real-time location systems and services. In addition, the company offers barcode scanners and imagers, RFID readers, industrial machine vision cameras, and fixed industrial scanners; point-of-sale solutions, self-serve kiosks, and interactive touchscreen di...",Communication Equipment,United States,https://www.zebra.com,10700.0,,2026-08-01T08:28:31.636046+00:00,
ZBH,24.653543,10.432935,0.69,1.4334111,2.160984,9.3,34.1,59.827,478500000.0,1044124992.0,19.686999999999998,9.052,,8.189999,0.15199999,0.461,99.38095,5.8,buy,2001-07-25,25.0,2026-08-05,"Zimmer Biomet Holdings, Inc., together with its subsidiaries, operates as a medical technology company worldwide. The company designs, manufactures, and markets orthopedic reconstructive products, such as knee and hip products; S.E.T. products, including sports medicine, biologics, foot and ankle, upper extremities, and trauma and CMFT products; sports medicine products for the repair of soft tissue injuries, used in the knee and shoulder; and craniomaxillofacial and thoracic products comprising face and skull reconstruction products, as well as products that fixate and stabilize the bones of the chest to facilitate healing or reconstruction after open-heart surgery, trauma, or for deformities of the chest. It offers technology and data, bone cement, and surgical products; and a suite of integrated digital and robotic technologies that leverage data, data analytics and artificial intelligence. The company's products and solutions are used to treat patients suffering from disorders of, or injuries to, bones, joints, or supporting soft tissues. It serves orthopedic surgeons, neurosurgeons, hospitals, healthcare institutions, stocking distributors, healthcare dealers, and other specialists, as well as agents, healthcare purchasing organizations, or buying groups. It also offers ROSA Robot, which utilizes robotic technologies to assist a surgeon with implant positioning in total knee arthroplasty or partial knee arthroplasty; and the ZBEdge Platform connects robotic and digita...",Medical Devices,United States,https://www.zimmerbiomet.com,17000.0,1.01,2026-08-01T08:28:31.955111+00:00,
AAL,,6.0798626,0.82,-2.544576,0.17327392,16.3,-88.2,,8360999936.0,519249984.0,2.814,-0.559,,9.659999599999999,1.5230000000000001,1.319,19.07826,24.9,buy,2005-09-27,20.8,2026-07-23,"American Airlines Group Inc., through its subsidiaries, operates as a network air carrier in the United States, Latin America, Atlantic, and Pacific. The company provides scheduled air transportation services for passengers and cargo through its hubs in Charlotte, Chicago, Dallas/Fort Worth, Los Angeles, Miami, New York, Philadelphia, Phoenix, and Washington, D.C., as well as through partner gateways in London, Doha, Madrid, Seattle/Tacoma, Sydney, and Tokyo. It also operates a mainline fleet of 1,013 aircraft. The company was formerly known as AMR Corporation and changed its name to American Airlines Group Inc. in December 2013. American Airlines Group Inc. was founded in 1926 and is headquartered in Fort Worth, Texas.",Airlines,United States,https://www.aa.com,143400.0,,2026-08-01T08:28:32.253592+00:00,
ACB,,-25.363636,,0.45103526,0.5390591,5.1,,4.661,116903000.0,8985625.0,-26.386,-42.41,999.0,,1.2660000500000002,1.351,,,buy,2014-07-15,12.0,2026-08-05,"Aurora Cannabis Inc., together with its subsidiaries, engages in the production, distribution, and sale of cannabis products in Canada and internationally. The company offers pharmaceutical-grade cannabis products; and medical and consumer cannabis products. It also provides harvested cannabis, trim, cannabis oils, capsules, edibles, vaporizers, dried and fresh cannabis, cannabis plants, cannabis seeds, edible cannabis, cannabis extracts, flowers, vapes / inhalable extracts, edibles / pastilles, concentrates, and cannabis topicals; and patient counseling and outreach services. Its brand portfolio includes Aurora, Being, CanniMed, CraftPlant, Daily Special, Drift, Greybeard, IndiMed, MedReleaf, Pedanios, San Raf, Tasty's, Whistler, and WMMC. Aurora Cannabis Inc. was founded in 2013 and is headquartered in Edmonton, Canada.",Drug Manufacturers - Specialty & Generic,Canada,https://www.auroramj.com,1028.0,,2026-08-01T08:28:32.559451+00:00,
ACHR,,-4.96671,,1.6909621,1862.9963,,,5.857,1775900032.0,-417224992.0,-15762.5,0.0,4.3,14.360000000000001,14.939,3.192,10.5,126.3,buy,2020-12-18,5.6,2026-08-10,"Archer Aviation Inc., together with its subsidiaries, designs and develops aircraft and related technologies and services for commercial and defense sectors in the United States and internationally. The company offers electric vertical takeoff and landing (eVTOL) aircraft for urban air taxi operations. Archer Aviation Inc. is based in San Jose, California.",Aerospace & Defense,United States,https://www.archer.com,1160.0,,2026-08-01T08:28:32.858544+00:00,
AFRM,65.009094,19.229788,0.7,6.328879,6.0300546,32.6,3529.2999999999997,240.279,1768999040.0,301085376.0,8.513,9.629,,5.7299999999999995,4.35,3.674,90.60333,26.7,buy,2021-01-13,5.5,2026-05-07,"Affirm Holdings, Inc. operates payment network in the United States, Canada, and internationally. Its platform includes point-of-sale payment solution for consumers, merchant commerce solutions, and a consumer-focused app. The company's commerce platform, agreements with originating banks, and capital markets partners enables consumers to pay for a purchase over time. It has active merchants covering small businesses, large enterprises, direct-to-consumer brands, brick-and-mortar stores, and companies with an omni-channel presence. The company's merchants represent a range of industries, including sporting goods and outdoors, home and lifestyle, travel and ticketing, electronics, fashion and beauty, equipment and auto, and general merchandise. Affirm Holdings, Inc. was founded in 2012 and is headquartered in San Francisco, California.",Credit Services,United States,https://www.affirm.com,2206.0,,2026-08-01T08:28:33.212784+00:00,
AG,21.471428,14.246446,,2.6743772,4.9724593,95.39999999999999,5068.7,9.466,1140796032.0,648195648.0,49.506,19.514999,,,1.089,2.111,24.25,61.3,buy,2006-11-28,19.7,2026-07-30,"First Majestic Silver Corp. engages in the acquisition, exploration, development, and production of mineral properties in North America. The company explores for silver and gold deposits. Its projects include the San Dimas silver/gold mine covering an area of approximately 71,867 hectares located in Durango State, Mexico; the Santa Elena silver/gold mine that covers an area of approximately 102,244 hectares located in Sonora State, Mexico; the Los Gatos Silver Mine covering an area of approximately 103,000 hectares located in Chihuahua, Mexico; and the La Encantada silver mine that covers an area of approximately 4,076 hectares located in Coahuila State, Mexico. The company was formerly known as First Majestic Resource Corp. and changed its name to First Majestic Silver Corp. in November 2006. First Majestic Silver Corp. was incorporated in 1979 and is headquartered in Vancouver, Canada.",Silver,Canada,https://www.firstmajestic.com,,23.0,2026-08-01T08:28:35.074339+00:00,
ALT,,-4.106004,32.62,1.3021549,15341.851,,,12.623,331540000.0,-42502000.0,-267247.22000000003,0.0,7.8,24.84,0.40700003,0.241,17.22222,506.4,strong_buy,2017-05-26,9.2,2026-05-13,"Altimmune, Inc., a late clinical stage biopharmaceutical company, focuses on developing novel therapies for serious liver diseases. Its lead product candidate is pemvidutide, a GLP-1/glucagon dual receptor agonist, which is in Phase 3 clinical trial for the treatment of metabolic dysfunction-associated steatohepatitis, alcohol use disorder, and alcohol-associated liver disease. The company was founded in 1997 and is headquartered in Gaithersburg, Maryland.",Biotechnology,United States,https://altimmune.com,57.0,,2026-08-01T08:28:35.386420+00:00,
AMWL,,-6.39881,,0.78777665,0.7566769,-17.9,,1.65,180002000.0,-11775000.0,-23.59,-37.022,15.3,1.2999999,5.4229997,1.698,8.9,-17.2,hold,2020-09-17,5.9,2026-08-04,"American Well Corporation, an enterprise platform and software company, delivers digitally enabling hybrid care in the United States and internationally. The company offers Amwell Platform, a cloud-based enablement platform, digitally enables a scalable healthcare experience across all care settings; Amwell Carepoint, a device enable healthcare providers to leverage proprietary carts and transform existing tablets and TVs into digital access points in clinical settings; Amwell Converge, a platform and wraparound services of digital care into the in-person, automated, and virtual care settings; and Behavioral Health, a platform that offer students and faculty the right level of care. It also provides specialty care programs, including dermatology, musculoskeletal care, second opinion, and cardiometabolic care for patients and members; Amwell Medical Group network services consisting of primary and urgent care, behavioral health therapy, lactation counseling, and nutrition services. Further, it provides professional services to facilitate implementation, workflow design, systems integration, and service expansion for its products, as well as patient and provider engagement services. The company sells its products through field sales professionals, channel partners, and value-added resellers. It serves providers, payers, and the government, as well as the higher education sector. American Well Corporation was incorporated in 2006 and is headquartered in Boston, Massachusetts.",Health Information Services,United States,https://business.amwell.com,562.0,,2026-08-01T08:28:35.715462+00:00,
ARWR,,-18.392738,,19.37958,19.169413,-86.4,,231.049,1782190976.0,-46121248.0,-191.57299999999998,-48.376998,,9.53,3.6769999999999996,1.265,106.09091,25.3,strong_buy,1993-12-16,32.6,2026-08-04,"Arrowhead Pharmaceuticals, Inc. develops medicines for the treatment of intractable diseases in the United States. Its pipeline includes Plozasiran to reduce production of apolipoprotein C-III in Phase 3 studies; Zodasiran to reduce production of angiopoietin-like protein 3 in Phase 3 clinical trials; ARO-DIMER-PA, a dual functional RNAi molecule in a Phase 1/2a clinical trials; and ARO-PNPLA3, an investigational RNAi therapeutic in Phase 1 clinical trials. The company also develops ARO-INHBE, to reduce the hepatic expression of the INHBE gene and its secreted gene product, Activin E in Phase 1/2a clinical trials; ARO-ALK7 to silence adipocyte expression of the ACVR1C gene in Phase 1/2a clinical trials; ARO-RAGE to reduce production of the receptor for advanced glycation end products in Phase 1/2a clinical trials; and ARO-MAPT, an investigational RNAi-based therapy. In addition, it is developing ARO-C3 to reduce production of C3 in Phase 1/2a clinical trials; and ARO-CFB to reduce hepatic expression of CFB in a Phase 1/2a clinical trials. The company has collaboration and license Agreements with Glaxosmithkline Intellectual Property (No. 3) Limited; Takeda Pharmaceutical Company Limited; Amgen Inc.; and Sarepta Therapeutics, Inc. Arrowhead Pharmaceuticals, Inc. was founded in 2003 and is headquartered in Pasadena, California.",Biotechnology,United States,https://arrowheadpharma.com,711.0,,2026-08-01T08:28:36.028623+00:00,
ASAN,,17.691212,,14.197951,2.3717055,9.5,,181.221,424640000.0,189131632.0,-7.4310005,-20.208000000000002,999.0,38.810003,44.356,0.965,9.13462,9.8,hold,2020-09-30,5.8,2026-05-28,"Asana, Inc., together with its subsidiaries, operates a work management software platform for individuals, team leads, and executives in the United States and internationally. The company provides work management products; Asana Work Graph, a proprietary data model that maps; AI Teammates, collaborative AI agents that work like real teammates to accelerate outcomes; Asana AI Studio, is a complementary product for designing AI workflows to automate routine, structured, and repeatable processes; and Asana Gov, a secure platform designed for government agencies and regulated industries to deliver mission-critical programs. The company also offers a platform that supports project and process management, goals and business reporting, resource management, and strategic planning and portfolio management. The company uses a hybrid go-to-market approach, combining a product-led model, direct sales, and channel partners to serve customers in various industries, such as technology, retail, education, non-profit, government, healthcare, hospitality, media, manufacturing, professional services, and financial services. The company was formerly known as Smiley Abstractions, Inc. and changed its name to Asana, Inc. in July 2009. Asana, Inc. was incorporated in 2008 and is headquartered in San Francisco, California.",Software - Application,United States,https://asana.com,1767.0,,2026-08-01T08:28:36.338190+00:00,
ASTS,,-226.6718,,8.465624,269.5189,1952.1999999999998,,112.424,3029591040.0,-1412748416.0,-1013.9939999999999,0.0,,19.93,7.814,2.677,80.48182,36.5,hold,2019-11-01,6.7,2026-08-10,"AST SpaceMobile, Inc., together with its subsidiaries, designs and develops the constellation of BlueBird satellites in the United States. The company provides a cellular broadband network in space to be accessible directly by smartphones for commercial use and other applications, as well as for government use. Its SpaceMobile service provides cellular broadband services to end-users who are out of terrestrial cellular coverage. The company was founded in 2017 and is headquartered in Midland, Texas.",Communication Equipment,United States,https://ast-science.com,1126.0,,2026-08-01T08:28:36.638167+00:00,
BB,85.0,37.187733,2.21,6.635441,8.584962,25.6,216.29999999999998,29.453,350900000.0,105150000.0,10.267999999999999,10.305,,7.22,0.318,1.479,9.71429,14.3,hold,1999-02-04,27.5,2026-09-24,"BlackBerry Limited provides intelligent software and services to enterprises and governments worldwide. The company operates through three segments: Secure Communications, QNX, and Licensing. The company offers BlackBerry Dynamics, a development platform and secure container for mobile applications; BlackBerry Workspaces a secure Enterprise File Sync and Share (EFSS) solution; BlackBerry Messenger (BBM) Enterprise, an enterprise-grade secure instant messaging solution for messaging, voice, and video; BlackBerry SecuSUITE, a multi-OS voice and text messaging solution; BlackBerry AtHoc, a secure networked critical event management solution; and BlackBerry unified endpoint management (UEM) solutions. It also provides BlackBerry Certicom, a patented elliptic curve cryptography, which provides device security, anti-counterfeiting, and product authentication solutions; BlackBerry Radar offers asset monitoring and telematics solutions for transportation and logistics; and BlackBerry Development Platform, an enterprise-grade toolset. In addition, the company offers enterprise consulting and engineering consulting services. Further, it is involved in patent licensing. The company was formerly known as Research In Motion Limited and changed its name to BlackBerry Limited in July 2013. BlackBerry Limited was incorporated in 1984 and is headquartered in Waterloo, Canada.",Software - Infrastructure,Canada,https://www.blackberry.com,1749.0,,2026-08-01T08:28:37.091662+00:00,
BBAI,,-13.95,,1.7361543,10.163489,13.200000000000001,,2.953,319191008.0,-204848128.0,-74.447995,-65.199995,1.6,30.620000000000005,0.6930000000000001,,5.0,79.2,hold,2021-04-05,5.3,2026-07-30,"BigBear.ai Holdings, Inc. provides artificial intelligence-powered decision intelligence solutions for national security, supply chain management, and digital identity markets. It offers supply chain and logistics solutions, such as Data Conflation at Scale, which offers a view of operations enabling real-time tracking of inventory and facilitating predictive analytics to optimize functions, including routes and delivery times; Discrete Event Simulation, a course of action analysis and digital twin solution; and Next-Gen Decision Support solution for macroeconomic and geopolitical forecasting. The company also provides cybersecurity solutions, such as artificial intelligence (AI)-powered/machine-accelerated binary analysis, cyber-physical systems vulnerability testing and evaluation, vulnerability assessment as a service, and specialized services for the department of defense and intelligence community; and autonomous systems solutions, AI/machine learning (ML) decision intelligence solutions, and AI orchestration as a service, as well as specialized consulting services. In addition, it offers digital identity services comprising security solutions specializing in customized digital identity, biometrics, AI/ML, and advanced analytics software and solutions for global trade, travel, and digital identity industries; and Ask Sage Platform, a generative AI platform for secure AI deployment, orchestration, and agentic capabilities across defense, intelligence, and other highly ...",Information Technology Services,United States,https://bigbear.ai,579.0,,2026-08-01T08:28:37.397176+00:00,
BBBY,,-19.624607,,1.733013,,,,,,,,,,,,,10.25,103.0,none,2002-05-30,24.2,2026-08-04,,,,,,,2026-08-01T08:28:37.709044+00:00,
BBWI,5.667606,7.0286736,0.76,-3.5692744,0.5597548,-3.2,83.7,,820000000.0,729000000.0,10.958,10.035,,8.129999999999999,0.525,1.353,25.2,25.2,hold,1982-04-01,44.3,2026-05-27,"Bath & Body Works, Inc. operates as a specialty retailer of personal care and home fragrance products. The company offers body and home fragrances, including 3-wick candles, home fragrance diffusers, fine fragrance mists, eau de parfum, body wash, hand soaps, body lotions, and body creams, as well as sanitizer and other products. It sells its products under the Bath & Body Works and other brand names through retail stores and e-commerce sites in the United States and Canada, as well as through international stores operated by partners under the franchise, license, and wholesale arrangements. The company was formerly known as L Brands, Inc. and changed its name to Bath & Body Works, Inc. in August 2021. Bath & Body Works, Inc. was founded in 1963 and is headquartered in Columbus, Ohio.",Specialty Retail,United States,https://www.bbwinc.com,9071.0,4.01,2026-08-01T08:28:38.009445+00:00,
BEAM,,-5.392704,,2.1784039,16.007935,324.90000000000003,,21.54,1211651968.0,-233555744.0,-337.813,-40.229,5.2,34.96,1.3789999000000002,2.182,52.30769,105.0,none,2020-02-06,6.5,2026-05-07,"Beam Therapeutics Inc., a biotechnology company, engages in the development of precision genetic medicines for patients suffering from serious diseases in the United States. Its programs in hematology and genetic disease portfolio include Ristoglogene autogetemcel, a patient-specific, autologous hematopoietic stem cell (HSC) therapy for the treatment of sickle cell disease; BEAM-302, a liver-targeting lipid nanoparticle (LNP) for the treatment of severe alpha-1 antitrypsin deficiency; BEAM-304, a liver-targeting LNP for the treatment of phenylketonuria; and BEAM-301, a liver-targeting LNP formulation for the treatment of glycogen storage disease type 1a. The company also develops the ESCAPE platform, which combines antibody-based conditioning with multiplex gene edited HSCs. In addition, it develops BEAM-103, an anti-CD117 monoclonal antibody that enables ESCAPE. The company has research collaboration agreement with Pfizer Inc., focusing on in vivo base editing programs for targets rare genetic diseases of the liver, muscle, and central nervous system; Verve Therapeutics, Inc., for cardiovascular disease treatments; and Orbital Therapeutics to design RNA for the prevention, treatment, or diagnosis of human disease. Beam Therapeutics Inc. was incorporated in 2017 and is based in Cambridge, Massachusetts.",Biotechnology,United States,https://beamtx.com,522.0,,2026-08-01T08:28:38.307272+00:00,
BEKE,38.522728,15.045927,0.51,1.9988863,0.20772766,-19.0,54.2,25.254,44985888768.0,-274892128.0,6.737,3.765,,5.08,0.47000000000000003,-0.327,22.805813,34.5,strong_buy,2020-08-13,6.0,2026-05-19,"KE Holdings Inc., through its subsidiaries, engages in operating an integrated online and offline platform for housing transactions and services in the People's Republic of China. The company operates through five segments: Existing Home Transaction Services, New Home Transaction Services, Home Renovation and Furnishing, Home rental services, and Emerging and Other Services. It operates Beike, an integrated online and offline platform for housing transactions and services; Lianjia, a real estate brokerage brand; Agent Cooperation Network, an operating system that fosters reciprocity and bonding among various service providers. The company also owns the Deyou brand for connected brokerage stores; and other brands. In addition, it offers rental property management and operation services; and contract, secure payment, escrow, and other services. KE Holdings Inc. was founded in 2001 and is headquartered in Beijing, the People's Republic of China.",Real Estate Services,China,https://bj.ke.com,119245.0,1.62,2026-08-01T08:28:38.608628+00:00,
BIDU,,12.909836,0.79,0.9510143,0.29282385,-1.2,-59.3,32.2,116890001408.0,7958624768.0,9.955,1.023,,3.6700000000000004,3.261,0.559,172.2277,55.0,buy,2005-08-05,21.0,2026-08-18,"Baidu, Inc. provides internet content, value-added telecommunication-based, internet map, and online audio and video services in the People's Republic of China. It operates in two segments, Baidu General Business and iQIYI. The Baidu General Business segment offers products and services for mobile ecosystem, AI cloud, and intelligent driving. This segment operates Baidu App that enables users to access search, feed, content, and other services through mobile devices; and Haokan, which offers a range of various user generated and professionally produced short videos. It also provides a portfolio of knowledge and information products, including Baidu Wiki, which features columns and videos, such as encyclopedia of intangible cultural heritage, digital museum and recorder of history; Baidu Knows, an online community where users can pose questions to other users, such as individuals, professionals, and enterprises; Baidu Experience, an online platform where users share daily knowledge and experience; ERNIE Bot, new AI-native product that serves as a multi-round conversational AI assistant on both PC and mobile; and Baidu Post, a social media that allows users to post text, image, audio and video content, and reply to original curation forming valuable discussion groups, as well as livestreaming services, including live streaming and AI-powered digital human livestreaming. In addition, the company offers DuerOS smart assistant for the Chinese language; Apollo Go autonomous ride...",Internet Content & Information,China,https://ir.baidu.com,33500.0,,2026-08-01T08:28:38.909272+00:00,
BILI,37.45098,14.159897,0.42,3.46581,0.25938854,6.7,,61.288,24194072576.0,,2.2319999999999998,4.583,,7.01,0.013,0.695,29.60301,55.0,strong_buy,2018-03-28,8.3,2026-05-19,"Bilibili Inc. provides online entertainment services for the young generations in the People's Republic of China. It offers a range of digital content, including professional user generated videos (PUGV), mobile games, and value-added services, such as live broadcasting, occupationally generated videos, audio drama on Maoer, comics on Bilibili Comic, PUGV content in fan charging program and premium courses, and Bilibili premium courses and community-based avatar decoration. The company also provides advertising services; and IP derivatives and other services. In addition, it engages in the business and technology development activities; e-commerce business; and video, comics, and game distribution activities. Bilibili Inc. was founded in 2009 and is headquartered in Shanghai, the People's Republic of China.",Internet Content & Information,China,https://www.bilibili.com,8423.0,,2026-08-01T08:28:39.209517+00:00,
BILL,Infinity,13.360412,0.47,1.1818159,2.8086834,13.5,,49.592,2173345024.0,167608256.0,1.143,0.01,,16.73,12.325999999999999,1.176,54.57143,20.9,buy,2019-12-12,6.6,2026-08-19,"BILL Holdings, Inc. provides financial operations platform for small and midsize businesses worldwide. It provides software-as-a-service, cloud-based payments, and spend management products, which allow users to automate accounts payable and accounts receivable transactions, as well as enable businesses to connect with their suppliers and/or customers to do business, eliminate expense reports, manage cash flows, and improve back-office efficiency. The company also offers onboarding implementation support, and ongoing support and training services. In addition, the company's artificial intelligence enabled financial software platform provides connections between suppliers and clients. It serves accounting firms, financial institutions, and software provider companies. The company was formerly known as Bill.com Holdings, Inc. and changed its name to BILL Holdings, Inc. in February 2023. BILL Holdings, Inc. was incorporated in 2006 and is headquartered in San Jose, California.",Software - Application,United States,https://www.bill.com,2364.0,,2026-08-01T08:28:39.511876+00:00,
BLNK,,-2.2380953,,1.3713528,0.71715593,0.3,,13.689,37991000.0,10407375.0,-56.672999999999995,-71.384,999.0,11.04,3.49,2.031,2.25,335.2,buy,2009-12-21,16.6,2026-08-06,"Blink Charging Co., through its subsidiaries, owns, operates, manufactures, and provides electric vehicle (EV) charging equipment and networked EV charging services in the United States and internationally. It offers residential and commercial EV charging equipment that enable EV drivers to recharge at various location types. The company also provides Blink Network, a cloud-based system that operates, maintains, and manages various Blink charging stations and associated charging data, back-end operations, and payment processing, as well as offers fleets, property owners, managers, parking companies, and state and municipal entities with cloud-based services that enable the remote monitoring and management of EV charging stations; and EV drivers with station information, including station location, availability, and applicable fees. Further, it offers EV charging hardware, software services, and extended warranty service plans. It has strategic partnerships across transit/destination locations, including airports, auto dealers, healthcare/medicals, hotels, mixed-use and municipal locations, multifamily residential and condos, parks and recreation areas, parking lots, restaurants, retailers, schools and universities, stadiums, supermarkets, transportation hubs, and workplace locations. The company was founded in 2009 and is headquartered in Bowie, Maryland.",Engineering & Construction,United States,https://blinkcharging.com,320.0,,2026-08-01T08:28:39.822443+00:00,
BMBL,,3.114754,,0.6021551,0.46435523,-14.099999999999998,169.79999999999998,81.234,245588992.0,234666496.0,31.480000000000004,-71.042997,,14.930001,2.8959999,1.862,4.34167,52.3,hold,2021-02-11,5.5,2026-08-05,"Bumble Inc. provides online dating and social networking applications in North America, Europe, internationally. It owns and operates websites and applications that offers subscription and in-app purchases of products. The company operates apps, including Bumble, a dating app built with women at the center; Badoo, the web and mobile free-to-use dating app; Bumble BFF, a friendship and community app that combines one-to-one matching with group discovery and participation. The company was incorporated in 2020 in and is headquartered in Austin, Texas.",Internet Content & Information,United States,https://bumble.com,580.0,,2026-08-01T08:28:40.126415+00:00,
BTBT,,,,0.94380397,4.033391,10.9,,59.78,79529568.0,-695386304.0,-520.2950000000001,-147.47599,,16.209999,1.748,4.026,4.125,214.9,none,2018-03-20,8.4,2026-05-14,"Bit Digital, Inc., together with its subsidiaries, engages in the institutional grade ethereum treasury and staking business. The company designs and operates data centers that provides hosting and colocation services; and cloud solutions for AI training and inference workloads. It is also involved in digital asset mining business. The company was formerly known as Golden Bull Limited and changed its name to Bit Digital, Inc. in September 2020. Bit Digital, Inc. was founded in 2015 and is headquartered in New York, New York.",Capital Markets,United States,https://www.bit-digital.com,104.0,,2026-08-01T08:28:40.430504+00:00,
BURL,37.94851,26.716278,0.92,12.479849,1.9471401,14.099999999999998,13.3,319.733,747355008.0,210811744.0,5.933,5.2389998,,7.75,0.56800004,1.46,367.06668,-0.4,none,2013-10-02,12.8,2026-05-28,"Burlington Stores, Inc. operates as a retailer of branded merchandise in the United States and Puerto Rico. The company offers fashion-focused merchandise, including women's ready-to-wear apparel, menswear, youth apparel, footwear, accessories, home furnishings, toys, gifts, and coats, as well as baby and beauty merchandise products. It operates stores under the Burlington Stores, and Cohoes Fashions brands in Washington D.C. and Puerto Rico. The company was founded in 1972 and is headquartered in Burlington, New Jersey.",Apparel Retail,United States,https://www.burlington.com,17495.0,,2026-08-01T08:28:40.734857+00:00,
BYND,,-1.9089376,40.75,-12.304347,1.100814,-15.299999999999999,,,191004992.0,-38025376.0,-69.336,94.965,5.0,25.71,3.3859998000000004,2.753,0.7,23.7,none,2019-05-02,7.2,2026-08-05,"Beyond Meat, Inc., a plant-based meat company, engages in the development, manufacture, marketing, and sale of plant-based meat products under the Beyond brand name in the United States and internationally. The company sells a range of plant-based meat products that replicates beef, pork, and poultry meats. It sells its products through grocery, mass merchandiser, club stores, and natural retailer channels, as well as various food-away-from-home channels, including restaurants, foodservice outlets, and schools. The company was formerly known as Savage River, Inc. and changed its name to Beyond Meat, Inc. in September 2018. Beyond Meat, Inc. was incorporated in 2008 and is headquartered in El Segundo, California.",Packaged Foods,United States,https://www.beyondmeat.com,589.0,,2026-08-01T08:28:41.037027+00:00,
CAN,,-0.7234043,,0.331384,0.24867114,-24.3,,14.807,43451000.0,,-86.94899699999999,-41.711999999999996,,9.16,9.110999999999999,2.583,1.71667,909.8,strong_buy,2019-11-20,6.7,2026-05-19,"Canaan Inc. engages in the research and development, design, and sale of integrated circuits, and bitcoin mining equipment and related components. The company is involved in the assembly and distribution of mining equipment and spare parts; and mining business. It has operations in the United States, Mainland China, the United Arab Emirates, Ethiopia, Hong Kong Special Administrative Region, Malaysia, Kazakhstan, Canada, Netherlands, Singapore, Ireland, Georgia, Brazil, and internationally. Canaan Inc. was founded in 2013 and is headquartered in Singapore.",Computer Hardware,Singapore,https://investor.canaan-creative.com,399.0,,2026-08-01T08:28:41.348901+00:00,
CGC,,-7.5609646,,0.77895904,1.4452845,9.6,,39.954,365627008.0,16143125.0,-24.698,-92.377,999.0,5.47,0.246,2.415,1.2384961,35.0,buy,2014-04-07,12.3,2026-08-07,"Canopy Growth Corporation, together with its subsidiaries, engages in the production, distribution, and sale of cannabis and cannabis-related products for medical and adult use in Canada, Germany, the United States, and internationally. The company operates through two segments, Cannabis and Storz & Bickel. It also provides vaporizers and accessories; dried flower and pre-rolled joints, oil, and vapes and beverages; extracts and concentrates, such as softgel capsules; and cannabis edibles, including gummies. In addition, the company operates e-commerce shop; medical cannabis online distribution platform; and an online medical cannabis clinic. It sells its products under the Tweed, 7ACRES, Deep Space, HiWay, Maitri, Twd., Spectrum Therapeutics, Canopy Medical, Abba Medix, Storz & Bickel, Wana, and Claybourne, Apollo, Canada House, R'belle, LowKey, MTL Cannabis, DeeLish, DOJA brands. The company was formerly known as Tweed Marijuana Inc. and changed its name to Canopy Growth Corporation in September 2015. Canopy Growth Corporation is headquartered in Smiths Falls, Canada.",Drug Manufacturers - Specialty & Generic,Canada,https://www.canopygrowth.com,1128.0,,2026-08-01T08:28:41.645614+00:00,
CHPT,,-2.694939,,-15.555555,0.3403949,4.3,,,95779000.0,32566624.0,-38.102000000000004,-49.658,999.0,18.040001,3.582,1.721,6.58333,20.6,hold,2019-09-16,6.9,2026-06-03,"ChargePoint Holdings, Inc., together with its subsidiaries, provides electric vehicle (EV) charging technology solutions in the United States and internationally. The company offers a range of networked charging systems; charger management system, support, and e-mobility service providers solutions; and ChargePoint mobile application. It serves commercial, such as retail, workplace, hospitality, healthcare, education, fueling and convenience, and parking lot operators; fleet, including municipal buses, delivery and work vehicles, and port/airport/warehouse and other industrial applications, as well as ride-sharing services; and residential comprising single family homes and multi-family apartments and condominiums customers. ChargePoint Holdings, Inc. was founded in 2007 and is headquartered in Campbell, California.",Specialty Retail,United States,https://www.chargepoint.com,1440.0,,2026-08-01T08:28:41.952831+00:00,
CHWY,38.305088,12.2963085,0.47,21.83575,0.7204861,7.7,52.7,123.385,520100000.0,463275008.0,3.8280000000000003,1.9869999999999999,,11.799999999999999,2.634,1.445,31.04762,37.4,buy,2019-06-14,7.1,2026-06-10,"Chewy, Inc., together with its subsidiaries, engages in the e-commerce business in the United States. It offers pet food and treats, pet supplies and pet medications, and other pet-health products, as well as pet services. The company serves its customer through its retail websites and mobile applications, including Autoship subscription program. Chewy, Inc. was founded in 2010 and is based in Plantation, Florida.",Internet Retail,United States,https://www.chewy.com,18000.0,,2026-08-01T08:28:42.371879+00:00,
CIFR,,43.130436,,12.667423,43.513176,-28.799999999999997,,641.56,715203008.0,-2948059648.0,-249.371,0.0,0.2,16.74,3.6020000000000003,3.196,32.79412,46.9,strong_buy,2020-10-20,5.8,2026-08-04,"Cipher Digital Inc., together with its subsidiaries, develops and operates industrial-scale data centers for bitcoin mining and high-performance compute (HPC) hosting in the United States. It develops HPC data center facilities across various sites for hyperscaler tenants; operates power at one bitcoin mining data center; and maintains a pipeline across various sites. The company was formerly known as Cipher Mining Inc. and change its name to Cipher Digital Inc. in February 2026. The company was founded in 2021 and is headquartered in New York, New York.",Information Technology Services,United States,https://www.cipherdigital.com,66.0,,2026-08-01T08:28:42.677692+00:00,
CLOV,,41.7,,6.455108,0.99362445,62.0,,,203543008.0,75082376.0,3.6479999999999997,-2.576,,6.92,4.305,2.422,4.58333,9.9,buy,2020-06-12,6.1,2026-08-05,"Clover Health Investments, Corp. provides medicare advantage plans in the United States. The company offers preferred provider organization and health maintenance organization plans to medicare-eligible individuals. It also operates Clover Assistant, a software platform for physicians to detect, identify, and manage chronic diseases. The company was founded in 2014 and is based in Wilmington, Delaware.",Healthcare Plans,United States,https://www.cloverhealth.com,724.0,,2026-08-01T08:28:44.482166+00:00,
CLSK,,-12.105536,,3.5805361,4.772281,-24.9,,181.585,260287008.0,-300704512.0,-246.283,-67.657995,,42.540002,3.5020000000000002,3.837,23.19231,68.5,strong_buy,2016-11-16,9.7,2026-08-06,"CleanSpark, Inc. operates as a bitcoin mining company in the Americas. The company owns, leases, and operates data centers and power assets. Its infrastructure supports Bitcoin, a digital commodity. The company was formerly known as Stratean Inc. and changed its name to CleanSpark, Inc. in November 2016. CleanSpark, Inc. was incorporated in 1987 and is headquartered in Henderson, Nevada.",Capital Markets,United States,https://www.cleanspark.com,309.0,,2026-08-01T08:28:44.833226+00:00,
COMP,569.5,14.2612095,,3.014025,1.0241255,99.4,,143.953,484000000.0,571750016.0,-5.6950003,0.174,,6.670000399999999,1.533,2.35,13.91667,22.2,buy,2021-04-01,5.3,2026-08-04,"Compass, Inc. provides an end-to-end technology platform for residential real estate in the United States. The company offers the Compass Platform, a technology platform that provides an integrated suite of cloud-based software for customer relationship management, marketing, client service, brokerage services, and other functionalities for the real estate industry, as well as title, escrow, and mortgage services. It also operates Christie's International Real Estate (CIRE) platform, a multi-tenant technology platform for affiliates and its agents; Anywhere tools and services; and Compass Concierge, a program that provides home sellers with access to capital to front the cost of home improvement services. The company was formerly known as Urban Compass, Inc. and changed its name to Compass, Inc. in January 2021. Compass, Inc. was incorporated in 2012 and is headquartered in New York, New York.",Real Estate Services,United States,https://www.compass.com,3200.0,,2026-08-01T08:28:45.140026+00:00,
CRON,Infinity,-70.75,,0.9915907,6.628411,40.1,126.8,0.117,821856000.0,-15450375.0,-1.097,-1.1390001,50.0,1.8599999999999999,48.549,1.235,2.5383465,-10.3,strong_buy,2018-02-27,8.4,2026-08-06,"Cronos Group Inc., a cannabinoid company, engages in the cultivation, production, distribution, and marketing of cannabis products in Canada, Israel, and internationally. It offers dried flowers, pre-rolls, oils, vaporizers, edibles, and tinctures under the Spinach, Lord Jones, Lit, and Peace Naturals brand names. The company is headquartered in Stayner, Canada.",Drug Manufacturers - Specialty & Generic,Canada,https://thecronosgroup.com,610.0,,2026-08-01T08:28:45.438531+00:00,
CRSP,,-12.342536,,2.5491343,1151.902,68.60000000000001,,43.407,2441785088.0,-260895744.0,-8933.333,0.0,9.4,22.97,5.906000000000001,1.702,86.21053,79.6,buy,2016-10-19,9.8,,"CRISPR Therapeutics AG, a gene editing company, focuses on developing gene-based medicines for serious human diseases using its Clustered Regularly Interspaced Short Palindromic Repeats (CRISPR)/CRISPR-associated protein 9 (Cas9) platform. The company's CRISPR/Cas9 is a technology for gene editing which is the process of precisely altering specific sequences of genomic DNA. It has a portfolio of therapeutic programs across a range of disease areas, including hemoglobinopathies, CAR T cell therapies, in vivo, and type 1 diabetes, as well as develops investigational CAR T programs, including an autologous, gene-edited CAR T program targeting allogeneic chimeric antigen receptor T cell for autoimmune indications and oncology. The company's lead product candidate is CASGEVY, an ex vivo CRISPR/Cas9 gene-edited cell therapy for treating patients suffering from transfusion-dependent beta-thalassemia, severe sickle cell disease (SCD), and hemoglobinopathies in which a patient's hematopoietic stem and progenitor cells are edited to produce high levels of fetal hemoglobin in red blood cells. It also develops CAR T cell therapies, including CTX112 targeting cluster of differentiation 19 (CD19) and CTX131 targeting CD70 for oncology and autoimmune indications; CTX310 and CTX320, in vivo gene editing to address the cardiovascular disease by disrupting the validated targets angiopoietin-like protein 3 and lipoprotein; and CTX211, an allogeneic, gene-edited, hypoimmune stem cell-derived ...",Biotechnology,Switzerland,https://www.crisprtx.com,,,2026-08-01T08:28:45.738344+00:00,
CURLF,,-13.674658,,2.801396,1.8146628,5.7,,114.538,106129000.0,82494752.0,0.232,-7.794,,,25.796000000000003,1.636,15.0,69.9,none,2018-10-29,7.8,2026-08-05,"Curaleaf Holdings, Inc. engages in the retail and wholesale of cannabis products in the United States and internationally. The company operates licensed cultivation; and pharma-grade cannabis processing and manufacturing facilities. It also supplies cannabis on a wholesale basis to Australia, New Zealand, the United Kingdom and various European countries, including Germany, Italy, Poland, the Czech Republic, Switzerland, Sweden and Norway. In addition, the company operates a medical cannabis clinic and holds a pharmacy license. It serves the medical and adult-use cannabis markets through retail and wholesale channels. The company is based in Stamford, Connecticut.",Drug Manufacturers - Specialty & Generic,United States,https://www.curaleaf.com,5554.0,,2026-08-01T08:28:46.034874+00:00,
DKNG,260.8889,13.953101,0.09,19.245901,1.8514756,16.8,,316.975,999404032.0,603175872.0,0.35499998,0.932,,8.1599995,2.934,1.642,34.78286,48.1,buy,2019-07-25,7.0,2026-08-06,"DraftKings Inc. operates as a digital sports entertainment and gaming company in the United States and internationally. The company offers online and retail sports betting, daily fantasy sports, digital lottery couriers, prediction markets, and other products, as well as retails sportsbooks. It also provides iGaming, or online casino products, which includes blackjack, roulette, baccarat and slot machines. In addition, the company engages in the design and development of sports betting and casino gaming software for online and retail sportsbooks, and iGaming operators. DraftKings Inc. was founded in 2011 and is headquartered in Boston, Massachusetts.",Gambling,United States,https://www.draftkings.com,5500.0,,2026-08-01T08:28:46.334219+00:00,
DKS,19.454817,11.993075,1.42,3.0966082,0.91301686,62.7,9.3,138.992,998227968.0,-537311360.0,10.5950005,4.711,,14.580000000000002,4.4260003,1.223,250.13635,27.7,buy,2002-10-16,23.8,2026-05-27,"DICK'S Sporting Goods, Inc., together with its subsidiaries, operates as an omni-channel sporting goods retailer primarily in the United States. It provides hardlines, including sporting goods equipment, fitness equipment, golf equipment, and fishing gear products; and apparel. The company also offers footwear and accessories, such as athletic shoes for running, walking, tennis, fitness and cross training, basketball, and hiking; and specialty footwear comprising casual footwear and a complete line of cleats for team sports. In addition, it owns and operates Sporting Goods, Golf Galaxy, Public Lands, Moosejaw, and Going Going Gone! specialty concept stores; and DICK'S House of Sport and Golf Galaxy Performance Center, as well as GameChanger, a youth sports mobile app for live streaming, scheduling, communications, and scorekeeping. Further, the company owns and operates Foot Locker, which includes Foot Locker, Kids Foot Locker, Champs Sports, WSS and atmos banners. It offers its products online, as well as through its mobile apps. The company was formerly known as Dick'S Clothing and Sporting Goods, Inc. and changed its name to DICK'S Sporting Goods, Inc. in April 1999. DICK'S Sporting Goods, Inc. was incorporated in 1948 and is headquartered in Coraopolis, Pennsylvania.",Specialty Retail,United States,https://www.dickssportinggoods.com,31600.0,2.5,2026-08-01T08:28:46.688935+00:00,
DLO,23.2,13.306274,,8.0,3.6592848,54.900000000000006,-6.7,19.827,913660992.0,396397760.0,15.712000000000002,15.845,,12.85,20.849999999999998,0.939,18.05,19.7,strong_buy,2021-06-03,5.2,2026-08-13,"DLocal Limited, together with its subsidiaries, provides payment processing services worldwide. The company offers a robust pay-in solution to help global merchants expand their online presence and receive payments, including international and local cards, online bank transfers, direct debit, cash, and hundreds of alternative payment methods (APMs). It also provides pay-in solutions for cross-border and local-to-local transactions, as well as pay-out solutions. In addition, the company offers dLocal for Platforms to manage global platform payments. It serves its products to commerce, streaming, ride-hailing, financial services, remittances, advertising, SaaS, travel, e-learning, on-demand delivery, gaming, and crypto industries. The company was founded in 2016 and is headquartered in Montevideo, Uruguay.",Software - Infrastructure,Uruguay,https://www.dlocal.com,1274.0,1.3,2026-08-01T08:28:46.989579+00:00,
DNLI,,-9.089043,,3.943807,,,,4.324,987683968.0,-190330368.0,0.0,0.0,,10.66,9.159,0.963,34.3125,49.1,strong_buy,2017-12-08,8.6,2026-08-06,"Denali Therapeutics Inc., a biopharmaceutical company, discovers and develops therapeutics to treat neurodegenerative and lysosomal storage diseases. The company develops Eclitasertib (SAR443122/DNL758) RIPK1 inhibitor program for peripheral inflammatory diseases; BIIB122/DNL151 LRRK2 inhibitor program for Parkinson's disease; TAK-594/DNL593 program for frontotemporal dementia-granulin; DNL126 program for MPS IIIA (Sanfilippo Syndrome A); and DNL310 Tividenofusp alfa, an enzyme replacement therapy program for MPS II (Hunter Syndrome). Its Enzyme TransportVehicle (TV) programs include DNL952 for the treatment of Pompe disease; DNL111 for Parkinson's and Gaucher diseases; and DNL622 for Hurler syndrome (MPS I). The company's OTV programs also comprise DNL628 targeting tau for Alzheimer's disease; and DNL422 targeting alpha synuclein for Parkinson's disease, as well as antibody TV program includes DNL921 targeting Abeta for treating Alzheimer's disease. The company was formerly known as SPR Pharma Inc. and changed its name to Denali Therapeutics Inc. in March 2015. Denali Therapeutics Inc. was incorporated in 2013 and is headquartered in South San Francisco, California.",Biotechnology,United States,https://www.denalitherapeutics.com,507.0,,2026-08-01T08:28:47.294439+00:00,
DOCN,52.690582,62.93755,1.54,13.813779,14.480583,22.400000000000002,-61.7,169.946,741363008.0,157550368.0,14.180000000000001,24.965,,14.220000999999998,16.781999,1.569,176.85715,50.5,buy,2021-03-24,5.4,2026-08-04,"DigitalOcean Holdings, Inc., through its subsidiaries, operates an agentic inference cloud platform in North America, Europe, Asia, and internationally. The company provides AI and Digital Native Enterprises build, run, and scale intelligent applications for growing technology companies. It also offers infrastructure-as-a-service (IaaS) solutions comprising compute, storage, and networking products, including cloud firewalls, managed load balancers, NAT gateways, and virtual private cloud software, as well as IP address management and domain name system management. In addition, the company provides platform-as-a-service (PaaS) and software-as-a-service (SaaS) solutions, such as managed databases; managed Kubernetes and container registry; application platform to build, deploy, and scale applications; Functions, a serverless compute solution; and Uptime for real-time uptime and latency alerts, as well as managed hosting and DigitalOcean Marketplace, a platform where developers can find pre-configured applications and solutions. Further, it offers artificial intelligence (AI)/machine learning (ML) applications comprising GPU droplets; bare metal GPUS, which provides access to a GPU server without any virtualization layer and gives developers with customizable server for their use case; and Jupyter Notebooks that provides cloud workspace and managed interactive development environment for exploring data and training, and building machine learning models. Its customers use its...",Software - Infrastructure,United States,https://www.digitalocean.com,1462.0,,2026-08-01T08:28:47.649283+00:00,
DOCS,21.78125,13.121647,0.59,4.0257993,5.828597,5.1,-69.0,1.071,748601024.0,255263744.0,21.582001,30.402002,,16.11,2.777,1.293,24.61111,17.7,buy,2021-06-24,5.1,2026-08-06,"Doximity, Inc. operates a digital platform for medical professionals in the United States. Its Doximity platform includes a personalized newsfeed that presents clinical and professional content to members, which offers medical articles, clinical trials or research results in an easy-to-consume video format, professional updates and accomplishments of their peers and colleagues, clinical discussions, Op-Med articles for publication, and sponsored content from pharmaceutical manufacturers and health systems. The company also offers workflow tools, including Ask, a HIPAA-compliant AI assistant, to access and apply evidence-based medical information within clinical workflows; Scribe, a HIPAA-compliant, AI-powered clinical documentation tool; Telehealth tools for hospitals and health systems; and AMiON, an on-call scheduling tool. The company primarily serves physicians, nurse practitioners, physician assistants, medical students, pharmaceutical manufacturers, and healthcare systems. The company was formerly known as 3MD Communications, Inc. and changed its name to Doximity, Inc. in June 2010. Doximity, Inc. was incorporated in 2010 and is headquartered in San Francisco, California.",Health Information Services,United States,https://www.doximity.com,880.0,,2026-08-01T08:28:47.947470+00:00,
EDIT,,-2.7550857,,57.33333,10.232639,-39.2,,392.4,123648000.0,-73816000.0,-883.186,-281.58599999999996,1.7,14.49,0.168,2.1,5.77778,123.9,buy,2016-02-03,10.5,2026-05-05,"Editas Medicine, Inc., a clinical stage genome editing company, focuses on developing transformative genomic medicines to treat a range of serious diseases. The company develops a proprietary gene editing platform based on CRISPR technology. Its lead program is EDIT-401, a one-time therapy designed to reduce LDL cholesterol through the upregulation of the LDL receptor to treat hyperlipidemia. The company also develops therapies to treat Sickle cell disease and transfusion-dependent beta thalassemia; and in vivo gene editing medicines indicated for other cells and tissues. It has a research collaboration with Juno Therapeutics, Inc. to develop alpha-beta T-cell experimental medicines for the treatment of solid and liquid tumors, and autoimmune disease. The company was formerly known as Gengine, Inc. and changed its name to Editas Medicine, Inc. in November 2013. Editas Medicine, Inc. was incorporated in 2013 and is based in Cambridge, Massachusetts.",Biotechnology,United States,https://www.editasmedicine.com,87.0,,2026-08-01T08:28:48.298308+00:00,
ENPH,37.16832,16.272003,0.95,4.197227,3.734063,-19.6,-3.5000000000000004,51.899,937708032.0,78322752.0,17.980999999999998,10.0880004,,20.94,3.031,1.615,47.04815,25.3,buy,2012-03-30,14.3,2026-07-28,"Enphase Energy, Inc., together with its subsidiaries, designs, develops, manufactures, and sells home energy solutions for the solar photovoltaic industry in the United States and internationally. The company offers semiconductor-based microinverter that converts energy at the individual solar module level and combines with its proprietary networking and software technologies to provide energy monitoring and control. It also provides microinverter units and related accessories; IQ Battery and related accessories; IQ PowerPack 1500 and related accessories; IQ Combiner, IQ Gateway, and IQ Energy Router; cloud-based monitoring service; and electric vehicle charging solutions, as well as design, proposal, permitting, installation and solar appointment generation services, and Enphase Care services. The company sells its solutions to solar distributors; and directly to large installers, original equipment manufacturers, strategic partners, and homeowners, as well as through its legacy product upgrade program or online store. Enphase Energy, Inc. was incorporated in 2006 and is headquartered in Fremont, California.",Solar,United States,https://www.enphase.com,2872.0,,2026-08-01T08:28:48.658857+00:00,
EOSE,,-84.626945,,-1.3213449,7.606937,444.7,,,410660000.0,-281868256.0,-139.11,-296.125,1.5,30.15,1.422,2.693,7.88889,133.4,buy,2020-11-02,5.7,2026-08-05,"Eos Energy Enterprises, Inc. designs, develops, manufactures, and markets energy storage solutions for utility-scale, microgrid, and commercial and industrial applications in the United States. The company offers Znyth technology battery energy storage system (BESS), which provides operating flexibility to manage increased grid complexity and price volatility. It also provides the Z3 battery module that provides utilities, independent power producers, renewables developers, and commercial and industrial customers with an alternative to lithium-ion and lead-acid monopolar batteries for critical 3- to 12-hour discharge duration applications; a battery management system, which provides remote asset monitoring capability and service to track the performance and health of BESS and identify future system performance issues through predictive analytics; and project management and commissioning services, as well as long-term maintenance plans. The company also provides Eos Indensity, an energy storage architecture; Eos Cube; and DawnOS, a proprietary U.S.-engineered battery management and analytics platform. Eos Energy Enterprises, Inc. was formerly known as B. Riley Principal Merger Corp. II and changed its name to Eos Energy Enterprises, Inc. in November 2020. The company was founded in 2008 and is headquartered in Edison, New Jersey.",Electrical Equipment & Parts,United States,https://www.eose.com,787.0,,2026-08-01T08:28:48.958314+00:00,
ESTC,18.74359,16.977715,1.37,5.3988185,3.9319592,16.0,,46.343,1370262016.0,461714368.0,-3.5180000000000002,21.144,999.0,7.79,12.318999999999999,1.0,74.0,12.5,buy,2018-10-05,7.8,2026-05-28,"Elastic N.V., a search artificial intelligence (AI) company, provides software platforms to run in hybrid, public or private clouds, and multi-cloud environments in the United States and internationally. It primarily offers Elasticsearch Platform, a set of software products that ingest and store data from various sources and formats, as well as performs search, analysis, and visualization on that data. The company also provides Elastic search product a distributed, real-time vector database and analytics engine and data store for all types of data, including textual, numerical, geospatial, structured, and unstructured; Kibana, a user interface, management, and configuration interface for the platforms; Search & AI, a platform with retrieval algorithms and the ability to integrate with large language models; and elastic security, a security solution that provides unified protection to prevent, detect, and respond to threats. In addition, it offers Elastic Observability, a solution that brings unified datastore, including Logs analytics to search, analyze, and visualize petabytes of structured and unstructured logs; infrastructure monitoring to gain visibility across cloud, on-premises, Kubernetes, serverless, and hosts; Application Performance Monitoring to support native production-grade; digital experience monitoring; large language models; and Elastic Cloud, a cloud-based subscription offering such as Elastic Cloud Hosted and Elastic Cloud Serverless. The company was inc...",Software - Application,Netherlands,https://www.elastic.co,4019.0,,2026-08-01T08:28:49.260218+00:00,
ETSY,31.90625,12.495067,0.84,-6.817461,2.6704311,3.1,,,1425764992.0,165655504.0,18.985,9.811,,17.119999999999997,1.353,1.837,77.375,-5.3,hold,2015-04-16,11.3,2026-08-05,"Etsy, Inc., together with its subsidiaries, operates two-sided online marketplaces that connect buyers and sellers in the United States, the United Kingdom, and internationally. It operates through Etsy and Depop segments. The company operates Etsy marketplace that connects artisans with various consumers; and Depop, a fashion resale marketplace. It also provides marketplace activities, including transaction offsite advertising, payments processing, and listing fees, as well as from optional seller services, which include on-site advertising and shipping labels. The company was formerly known as Indieco, Inc changed its name to Etsy, Inc. in June 2006. Etsy, Inc. was founded in 2005 and is headquartered in Brooklyn, New York.",Internet Retail,United States,https://www.etsy.com,2375.0,,2026-08-01T08:28:49.560639+00:00,
EVGO,,-4.7878785,,5.745455,1.1854225,45.5,,91.44,122435000.0,-114275752.0,-29.837999999999997,-11.147001,1.1,31.34,5.6259999999999994,2.784,4.25,169.0,buy,2020-11-20,5.7,2026-08-05,"EVgo, Inc. owns and operates a direct current fast charging network for electric vehicles in the United States. It offers electricity directly to drivers; original equipment manufacturer charging and related services; and commercial charging. The company also provides ancillary services, such as customization of digital applications, charging data integration, access to chargers behind parking lot or garage pay gates, microtargeted advertising, and charging reservations; and hardware, design, and construction services for charging sites, as well as ongoing operations, maintenance, and networking and software integration solutions through eXtend. In addition, it offers PlugShare, such as data, research, and advertising services and equipment procurement and operational services. The company was founded in 2010 and is headquartered in El Segundo, California. EVgo, Inc. operates as a subsidiary of EVgo Holdings LLC.",Specialty Retail,United States,https://www.evgo.com,376.0,,2026-08-01T08:28:49.856638+00:00,
EVTL,,-0.9346751,,-9.497262,,,,,73087000.0,-280308384.0,0.0,0.0,,14.770000999999999,3.7469997999999998,1.522,9.291003,649.3,buy,2020-11-02,5.7,2026-08-13,"Vertical Aerospace Ltd., an aerospace and technology company, engages in designing, manufacturing, and selling zero operating emission electric vertical takeoff and landing (eVTOL) in the United Kingdom. It is involved in developing its flagship VX4, an eVTOL aircraft; and designing, manufacturing and commercializing for deployment in the advanced air mobility market. Vertical Aerospace Ltd. was founded in 2016 and is headquartered in Bristol, the United Kingdom.",Aerospace & Defense,United Kingdom,https://www.vertical-aerospace.com,434.0,,2026-08-01T08:28:50.160069+00:00,
FIGS,48.636364,33.3105,,4.14247,2.6833932,28.000000000000004,,14.072,277028000.0,28934624.0,2.804,6.101,,21.41,4.61,1.011,17.625,64.7,buy,2021-05-27,5.2,2026-08-06,"FIGS, Inc., together with its subsidiary, FIGS Canada, Inc., operates as a direct-to-consumer healthcare apparel and lifestyle company in the United States and internationally. The company designs and sells scrubwear and non-scrubwear offerings, such as outerwear, underscrubs, footwear, compression socks, lab coats, loungewear, and other apparel. It also offers sports apparel, performance leggings and tops, super-soft pima cotton tops, vests, fleeces, and jackets; and necessities comprising scrub caps, lanyards, badge reels, bags, baseball caps, and beanies. The company markets and sells its products to healthcare professionals through its direct-to-consumer digital platform comprising website, mobile app, and B2B business, as well as retail stores. FIGS, Inc. was incorporated in 2013 and is headquartered in Santa Monica, California.",Apparel Manufacturing,United States,https://www.wearfigs.com,330.0,,2026-08-01T08:28:50.472294+00:00,
FINV,3.9430892,3.3669577,,0.48293248,0.08586574,-7.8,-42.1,8.305,7331590144.0,1468138240.0,43.721,16.580000000000002,,4.66,12.104999,0.378,7.2969894,50.5,none,2017-11-09,8.7,2026-05-25,"FinVolution Group, an investment holding company, operates in the online consumer finance industry in the People's Republic of China, Indonesia, Philippines, and internationally. It operates an online consumer finance platform through its ppdai.com and PPDai mobile application; AdaKami, an online loan platform; and JuanHand for lending and other personalized financial services. The company was formerly known as PPDAI Group Inc. and changed its name to FinVolution Group in November 2019. FinVolution Group was founded in 2007 and is headquartered in Shanghai, the People's Republic of China.",Credit Services,China,https://ir.finvgroup.com,3869.0,6.26,2026-08-01T08:28:50.776191+00:00,
FIVE,27.624681,22.238497,0.98,5.1921377,2.3638031,32.5,195.6,86.432,1113261952.0,427309888.0,11.998000000000001,8.6739995,,4.1500002,1.6889999999999998,1.002,260.4762,20.0,buy,2012-07-19,14.0,2026-06-03,"Five Below, Inc. operates as a specialty value retailer in the United States. It offers assortment of classic and novelty candy bars, movie-size box candy, seasonal-related candy, gum, and snack food products, as well as sells chilled drinks through coolers; socks, jewelry, hair accessories, cozy loungewear, and t-shirts; personal care essentials, skincare, fragrance, and branded cosmetics; and party goods, decorations, gag gifts, greeting cards, and every day and special occasion merchandise products. The company also provides personalized living space products, such as lamps, posters, frames, fleece blankets, plush items, pillows, candles, incense, lighting, novelty décor, accent furniture, and related items, as well as provides storage options; assortment of craft activity kits with various arts and crafts supplies, such as markers, paint, canvas, compounds, slime, beads, and stickers; and supplies craft activities and school products. In addition, it offers cell phone cables and chargers, power banks, phone cases and accessories, screen protectors, auto phone accessories, and computer and tablet accessories, as well as earbuds, headphones, and speakers. Further, the company provides assortment of sport balls, sports accessories and fitness products, including hand weights and yoga mats; toys, including brand name board games, puzzles, action figures, construction sets, remote control, collectibles, novelty toys, and plush products; and outdoor toys for the pool and bea...",Specialty Retail,United States,https://www.fivebelow.com,7800.0,,2026-08-01T08:28:51.081586+00:00,
FLYW,66.708336,12.767246,,2.316932,2.9156914,41.0,,0.17,325083008.0,160663744.0,6.389,4.453,,11.1499995,3.3169999999999997,1.319,19.30769,20.6,buy,2021-05-26,5.2,2026-08-04,"Flywire Corporation, together with its subsidiaries, operates as a payment enablement and software company in the United States, Europe, the Middle East, and Africa and the Asia Pacific. The company provides a payment platform that integrates into existing apps and workflows and have access to solutions, such as tailored invoicing, settlement and reconciliation tools, single sign-on and checkout, recurring payments, and split payouts. It also offers a payment network, which has access to a set of payment methods, including banks, third-party payment providers, payment networks, and digital wallets; and direct connections to alternative payment methods consisting of Alipay, Boleto, PayPal / Venmo, and Trustly. In addition, the company provides vertical-specific software comprising vertical-specific digital workflows; integration and synchronization to core and industry specific systems; real-time access; and predictive analytics. It serves education, healthcare, travel, and B2B industries. The company was formerly known as peerTransfer Corporation and changed its name to Flywire Corporation in December 2016. Flywire Corporation was incorporated in 2009 and is headquartered in Boston, Massachusetts.",Software - Infrastructure,United States,https://www.flywire.com,1460.0,,2026-08-01T08:28:51.387228+00:00,
FOUR,61.627907,7.8713727,0.4,6.4879427,1.1798534,32.2,,257.416,473000000.0,488449984.0,4.9959999999999996,2.6270000000000002,,20.05,30.354999999999997,1.4,60.85714,14.8,buy,2020-06-05,6.2,2026-08-06,"Shift4 Payments, Inc. engages in the provision of software and payment processing solutions in the United States and internationally. The company offers a payments platform, which provides omnichannel card acceptance; and processing solutions across multiple payment types, including credit, debit, contactless card, Europay, MasterCard and Visa, QR Pay, and mobile wallets, as well as alternative payment methods, such as Apple Pay, Google Pay, Alipay, and WeChat Pay. It also provides technology solutions, such as SkyTab POS, which provides purpose-built POS workstations; SkyTab Mobile, which provides pay-at-the-table, order-at-the-table, delivery, customer feedback, and email marketing solutions; SkyTab Venue, which provides mobile ordering, countertop POS, self-service kiosk, and digital wallet solutions; Lighthouse, a cloud-based suite of business intelligence tools that includes customer engagement, social media management, online reputation management, scheduling and product pricing, extensive reporting, and analytics; The Giving Block, a cryptocurrency donation marketplace; Shift4Shop, an e-commerce platform that creates a web store and tools to manage product catalog, order fulfillment and inventory management, search engine optimization, and secure hosting; and Marketplace, which enables integrations into third-party applications, as well as loyalty and inventory management. In addition, the company offers merchant operations and support services, including underwriti...",Software - Infrastructure,United States,https://www.shift4.com,6300.0,,2026-08-01T08:28:51.690936+00:00,
FSLY,,57.246796,,3.6261802,5.434386,19.8,,40.705,330488992.0,116781872.0,-13.81,-15.792,999.0,19.02,4.3720003,0.343,24.4,7.7,buy,2019-05-17,7.2,2026-08-05,"Fastly, Inc. operates an edge cloud platform for processing, serving, and securing its customer's applications in the United States, the Asia Pacific, Europe, and internationally. The edge cloud is a category of Infrastructure as a Service that enables developers to build, secure, and deliver digital experiences at the edge of the internet. The company offers network services to speed up and optimize the delivery of web and application traffic; content delivery network, such as dynamic site acceleration, origin shield, instant purge, surrogate keys, programmatic control, content compression, reliability features, fanout, domainr, modern protocols and performance services; staging environment; and video/ streaming solutions and services, including live streaming, live event monitoring, video on demand, cache reservation, and media shield. It also provides security solutions, such as DDoS protection, next-gen WAF, bot management, API and ATO protection, advanced rate limiting, privacy, and compliance services; load balancing; image optimization; and origin connect. In addition, the company offers professional services comprising managed and response security services; managed CDN; and support plans services. It serves customers operating in ecommerce, streaming media, gaming, digital publishing, and high tech to financial services industries. The company was formerly known as SkyCache, Inc. and changed its name to Fastly, Inc. in May 2012. Fastly, Inc. was incorporated in 20...",Software - Application,United States,https://www.fastly.com,1140.0,,2026-08-01T08:28:51.996935+00:00,
FUBO,2.2348485,18.75,,0.32082656,0.049127802,39.800000000000004,,15.376,237812992.0,-131164496.0,-0.577,-1.6,1.8,22.659999,4.053,2.396,17.0,92.1,buy,2019-03-27,7.3,2026-08-05,"FuboTV Inc. operates as a live TV streaming platform company in the United States, Canada, France, Spain, and internationally. The company offers sports, news, and entertainment program through Fubo-branded and Hulu live-branded services. FuboTV Inc. is headquartered in New York, New York. FuboTV Inc. operates as a subsidiary of The Walt Disney Company.",Broadcasting,United States,https://fubo.tv,510.0,,2026-08-01T08:28:53.804519+00:00,
FUTU,11.426087,8.601259,,2.8057306,0.6607136,28.799999999999997,-60.699999999999996,54.246,131802947584.0,,64.877,45.025003000000005,,9.2,15.786,0.38,155.70886,48.1,none,2019-03-08,7.4,2026-05-28,"Futu Holdings Limited engages in the provision of digitalized securities brokerage and wealth management product distribution service in Hong Kong and internationally. It offers online financial services, including securities and derivative trades brokerage, margin financing and fund distribution services through its Futubull and Moomoo digital platforms. The company also provides financial information and online community services; online wealth management services under the Money Plus brand name through its Futubull and moomoo platforms, which provides its client access to mutual funds, private funds, bonds, structured products, and other wealth management products; market data and information services; and NiuNiu Community, an open forum for users and clients to share insights, ask questions, and exchange ideas. Futu Holdings Limited was founded in 2007 and is headquartered in Admiralty, Hong Kong.",Capital Markets,Hong Kong,https://www.futuholdings.com,3540.0,2.51,2026-08-01T08:28:54.105097+00:00,
GDRX,51.166668,8.591738,,1.6657623,1.3196443,-4.3999999999999995,-88.3,87.036,235710000.0,84616376.0,7.221,2.609,,6.92,12.946999,1.607,3.21154,4.6,hold,2020-09-23,5.9,2026-08-05,"GoodRx Holdings, Inc., together with its subsidiaries, offers information and tools that enable consumers to compare prices and save on their prescription drug purchases in the United States. The company operates a price comparison platform that provides consumers with curated, geographically relevant prescription pricing, and access to negotiated prices. It also offers other healthcare products and services, including subscription programs and pharma manufacturer solutions, as well as telehealth services through the GoodRx Care platform. In addition, the company provides healthcare products and solutions for dogs, cats, and other pets. It serves pharmacy benefit managers who manage formularies and prescription transactions, including establishing pricing between consumers and pharmacies. The company was founded in 2011 and is headquartered in Santa Monica, California.",Health Information Services,United States,https://www.goodrx.com,697.0,,2026-08-01T08:28:54.401573+00:00,
GLBE,59.560604,20.452654,,7.2581244,6.445534,32.800000000000004,,2.622,552526016.0,216243872.0,13.08,11.371,,3.1400003,30.636000000000003,1.061,46.38462,18.0,strong_buy,2021-05-12,5.2,2026-08-12,"Global-E Online Ltd., together with its subsidiaries, provides direct-to-consumer cross-border e-commerce platform in Israel, the United Kingdom, the United States, and internationally. Its platform enables international shoppers to buy online, and merchants to sell from and to worldwide. The company was incorporated in 2013 and is headquartered in Petah Tikva, Israel.",Internet Retail,Israel,https://www.global-e.com,1219.0,,2026-08-01T08:28:54.716990+00:00,
GLXY,,231.46414,,2.2249286,0.13952275,-20.599999999999998,,167.416,1534283008.0,,95.94500000000001,-0.27599998,,16.16,2.182,3.61,40.9375,94.8,buy,2025-05-16,1.2,2026-08-05,"Galaxy Digital Inc. engages in the digital asset and data centre infrastructure businesses in North America and internationally. It operates through Digital Assets, Data Centers, and Treasury and Corporate segments. The Digital Assets segment provides over-the-counter spot and derivatives trading, lending, and structured products, as well as mergers and acquisitions advisory, and equity and debt capital markets services. This segment also manages investments in the digital assets' ecosystem; and offers blockchain-centric technology and infrastructure solutions, including staking, tokenization, and custodial technology. The Data Centers segment comprises the Helios infrastructure assets. The Treasury and Corporate segment engages in managing a portfolio of digital assets, ventures, private equity, and fund investments, as well as in bitcoin mining operations. It also offers GalaxyOne, a retail financial technology platform designed for individual investors seeking access to traditional and digital markets. The company was founded in 2018 and is headquartered in New York, New York.",Capital Markets,United States,https://www.galaxy.com,700.0,,2026-08-01T08:28:55.020561+00:00,
GME,16.330826,15.854014,0.31,1.6682026,2.6107945,14.099999999999998,633.3000000000001,74.273,8368099840.0,-1261250048.0,16.605,20.446,,13.54,8.826999,1.76,,,none,2002-02-13,24.5,2026-06-02,"GameStop Corp., a specialty retailer, provides games, collectibles, and entertainment products through its stores and e-commerce platforms in United States, Australia and Europe. The company sells new and pre-owned gaming platforms; accessories, such as controllers, gaming headsets, and other peripheral devices; new and pre-owned gaming software; and in-game digital currency, digital downloadable content, and full-game downloads. It also sells collectibles comprising apparel, toys, trading cards, gadgets, and other retail products for pop culture and technology enthusiasts. The company operates stores and e-commerce sites under the GameStop, EB Games, and Micromania brands; and pop culture themed stores that sell collectibles, apparel, gadgets, electronics, toys, and other retail products under the Zing Pop Culture brand. The company was formerly known as GSC Holdings Corp. GameStop Corp. was founded in 1996 and is based in Grapevine, Texas.",Specialty Retail,United States,https://www.gamestop.com,4000.0,,2026-08-01T08:28:55.318878+00:00,
GOLD,13.695365,11.393939,,1.3899251,0.052111108,244.0,,182.406,143607008.0,-743910528.0,0.865,0.34999999,,14.469999999999999,33.103,0.609,65.8,59.1,none,2014-03-17,12.4,2026-05-06,"Gold.com, Inc., together with its subsidiaries, operates as a precious metals company. It operates through three segments: Wholesale Sales & Ancillary Services, Direct-to-Consumer, and Secured Lending. The Wholesale Sales & Ancillary Services segment sells gold, silver, platinum, and palladium in the form of bars, plates, powders, wafers, grains, ingots, and coins. This segment also offers complementary services, such as receiving, handling, inventorying, processing, packing, and shipping of precious metals and custom coins on a secure basis; and designs and produces minted silver products. The Direct-to-Consumer segment provides access to gold, silver, copper, platinum, and palladium products primarily through its websites; rarities and numismatic collections; and numismatic and bullion products. It operates various websites targeting specific niches within the precious metals retail market. This segment also operates as a direct retailer of precious metals to the investor community and markets its precious metal products on television, radio, and the internet, as well as through customer service outreach. The Secured Lending segment originates and acquires commercial loans secured by bullion, numismatic coins, and graded sports cards. The company serves customers, including financial institutions, bullion retailers, industrial manufacturers and fabricators, sovereign mints, refiners, coin and metal dealers, investors, collectors, and e-commerce and other retail customers...",Capital Markets,United States,https://www.gold.com,956.0,1.9,2026-08-01T08:28:55.612873+00:00,
GOTU,,16.614826,,2.39071,0.06841745,13.200000000000001,-71.2,84.948,2726512128.0,,0.40700003,-6.508,,1.76,11.5109995,0.617,3.509048,92.8,buy,2019-06-06,7.2,2026-06-02,"Gaotu Techedu Inc., a data-driven education company, provides learning services, educational content, and digitalized learning products in Mainland China. Its learning services include traditional learning services that cover academic subjects, such as mathematics, English, Chinese, physics, chemistry, biology, history, geography and political science; and non-academic tutoring services, including adolescent development, Cambridge English, international competitions and international examinations. It also offers college student and adult education services, comprising admission courses for entrance exams and interviews for postgraduate programs and civil service exams; exam preparation courses, such as IELTS and TOEFL; consulting services for those pursuing studies abroad, as well as English courses for improving language skills which includes grammar, vocabulary, and speaking; and professional courses for qualification exams, such as teacher certification. In addition, the company offers educational content products, including course outlines, courseware, practice exercises and lesson notes, and reference books, such as Chinese dictionaries and exam question compilations for the college entrance exam; and digitalized learning products, including reading apps for young learners, and AI-based writing assessment tools that offer instant feedback, as well as learning pen and tablet devices. It provides its learning offerings to learners across various age groups from primary ...",Education & Training Services,China,https://ir.gaotu.cn,17483.0,,2026-08-01T08:28:55.912572+00:00,
GTBIF,13.653847,42.176548,1.79,0.8473565,1.300082,7.3999999999999995,89.8,29.644,344512000.0,146937248.0,13.569,10.138,,,1.891,0.926,15.66667,120.7,strong_buy,2018-06-14,8.1,2026-08-04,"Green Thumb Industries Inc. manufactures, distributes, markets, and sells of cannabis products for medical and adult-use in the United States. It operates through two segments, Retail and Consumer Packaged Goods. The company offers cannabis flower; processed and packaged products, including pre-rolls, concentrates, vapes, tinctures, edibles, topicals, capsules, tinctures, and other cannabis-related products under the &Shine, Beboe, Dogwalkers, Doctor Solomon's, Good Green, incredibles, RYM, and RHYTHM brands. It distributes its products to third-party licensed retail customers; and sells finished products to third-party licensed retail cannabis stores. Green Thumb Industries Inc. was founded in 2014 and is headquartered in Chicago, Illinois.",Drug Manufacturers - Specialty & Generic,United States,https://www.gtigrows.com,4900.0,,2026-08-01T08:28:56.281829+00:00,
GTLB,,33.529266,,5.9153237,5.8004727,23.1,,,1357511936.0,312896736.0,-5.962,-2.493,999.0,11.4700004,3.5099998,0.958,34.13043,-1.1,hold,2021-10-14,4.8,2026-06-02,"GitLab Inc., together with its subsidiaries, develops software for the software development lifecycle in the United States, Europe, and the Asia Pacific. The company provides GitLab, an intelligent orchestration platform for DevSecOps, which is a single application offering the entire software development lifecycle, including software, project plans, code, security scans, compliance checks, and deployment configurations. It also offers the GitLab Duo Agent Platform, which enables intelligent orchestration of teams and AI agents to execute tasks autonomously across planning, development, security, and deployment. This platform combines conversational AI assistance, purpose-built agents for specialized tasks, workflow automation, and enterprise controls. In addition, it offers related training and professional services. The company was formerly known as GitLab B.V. and changed its name to GitLab Inc. in July 2015. GitLab Inc. was founded in 2011 and is based in San Francisco, California.",Software - Infrastructure,United States,https://about.gitlab.com,2580.0,,2026-08-01T08:28:56.601416+00:00,
HIMS,,21.281324,2.15,14.358842,2.712367,3.8,,253.725,750875008.0,174305120.0,-7.897,-0.559,999.0,31.94,5.508,2.342,29.23077,5.3,hold,2019-09-13,6.9,2026-08-10,"Hims & Hers Health, Inc. operates as a consumer-first health and wellness platform that connects consumers to licensed healthcare professionals in the United States, the United Kingdom, Canada, Germany, the Republic of Ireland, France, Spain, and internationally. The company offers a range of curated prescription and non-prescription health and wellness products and services available to purchase on its websites and mobile application directly by customers. It also provides personalized health and wellness products; over-the-counter drug and device products, cosmetics, and supplement products primarily focusing on general wellness, skincare, sexual health and wellness, and hair care under the Hims & Hers brand name; and laboratory testing services to measure a set of biomarkers. Additionally, it offers medical consultation, post-consultation support services, and delivery of laboratory testing results services. Further, the company provides treatments and products for various chronic conditions related to hormone health, weight loss, dermatology, and mental health. The company offers its products through retail partnerships, in stores, and online. Hims & Hers Health, Inc. is based in San Francisco, California.",Drug Manufacturers - Specialty & Generic,United States,https://www.hims.com,2442.0,,2026-08-01T08:28:56.915181+00:00,
HIVE,,188.66667,,1.3865752,2.6004717,130.5,,13.425,32854000.0,142603376.0,-82.185,-49.85,,,0.975,3.717,7.0625,149.6,strong_buy,2011-02-02,15.5,2026-06-02,"HIVE Digital Technologies Ltd., a technology company, engages in the building and operating data centers powered by green energy in Bermuda, Paraguay, Sweden, and Canada. The Company operates the mining and sale of digital currencies and performance computing hosting. It also provides infrastructure solutions, such as computational capacity to distributed networks in the blockchain industry. The company was formerly known as HIVE Blockchain Technologies Ltd. and changed its name to HIVE Digital Technologies Ltd. in July 2023. HIVE Digital Technologies Ltd. was incorporated in 1987 and is headquartered in San Antonio, Texas.",Capital Markets,United States,https://hivedigitaltechnologies.com,29.0,,2026-08-01T08:28:57.215046+00:00,
HUT,,-42.880478,,8.778955,42.622765,225.5,,25.022,160016000.0,-300598368.0,-521.523,-109.774,,11.58,8.559,6.071,156.82353,45.7,strong_buy,2018-03-08,8.4,2026-08-04,"Hut 8 Corp., together with its subsidiaries, operates as an energy infrastructure platform that integrates power, digital infrastructure, and compute at scale to fuel energy-intensive use cases in the United States and Canada. It operates through Power, Digital Infrastructure, Compute, and Other segments. The company offers managed services for energy infrastructure development, such as site design, procurement, and construction management; software automation, process design, personnel hiring, and team training; utilities contracts, hosting operations, and customer management; energy portfolio optimization and strategic initiatives; and finance, accounting, and safety services. It also engages in the operation of compute infrastructure; and provision, hosting, monitoring, troubleshooting, repair, maintenance, and sale of mining equipment. In addition, the company offers Bitcoin mining; data center and cloud infrastructure services, including colocation services; and ASIC compute, traditional cloud, and AI cloud services. Hut 8 Corp. was founded in 2020 and is based in Miami, Florida.",Capital Markets,United States,https://www.hut8.com,248.0,,2026-08-01T08:28:57.519351+00:00,
IBRX,,119.50001,,-8.6281595,53.267757,167.6,,,380879008.0,-193704624.0,-157.877,0.0,2.0,34.599999999999994,62.473,0.077,12.75,77.8,strong_buy,2015-07-28,11.0,2026-05-07,"ImmunityBio, Inc., a biotechnology company, focuses on innovating, developing, and commercializing next-generation immunotherapies designed to activate the patient's immune system and deliver durable protection against cancer and infectious diseases. Its platforms for the development of biologic products and product candidates that include cytokine fusion proteins, DNA and vaccine vectors, and cell therapies. The company's platform has generated first-in-human therapeutic agents that are planned to be studied in clinical trials in liquid and solid tumors. Its lead biologic product candidate includes Anktiva, an FDA-approved immunotherapy in combination with bacillus calmette-guérin (BCG) for the treatment of adult patients with BCG unresponsive non-muscle invasive bladder cancer with carcinoma in situ, with or without papillary tumors; and 3M-052, a synthetic TLR7/8 agonist and 3M-052 formulations and related technology. The company has collaboration agreements with National Cancer Institute; Serum Institute of India Private Limited; and BeOne Medicines Ltd. It has license agreement with 3M Innovative Properties Company and Access to Advanced Health Institute. ImmunityBio, Inc. is based in San Diego, California.",Biotechnology,United States,https://immunitybio.com,684.0,,2026-08-01T08:28:57.824024+00:00,
ILMN,38.33645,34.569473,3.4,11.6501,6.9051247,9.4,-9.4,86.152,1168000000.0,941500032.0,21.139,18.336001,,9.46,0.20299999000000002,,172.52632,-15.9,buy,2000-07-28,26.0,2026-07-30,"Illumina, Inc. provides sequencing- and array-based solutions for genetic and genomic analysis in the Americas, Europe, Greater China, the Asia Pacific, the Middle East, and Africa. The company offers sequencing- and array-based instruments and consumables, which include reagents, flow cells, and library preparation; whole-genome sequencing kits, which sequence entire genomes of various size and complexity; and targeted resequencing kits, which sequence exomes, specific genes, and RNA or other genomic regions of interest. It also provides whole-genome sequencing, genotyping, noninvasive prenatal testing, and product support services. The company serves genomic research centers, academic institutions, government laboratories, and hospitals, as well as pharmaceutical, biotechnology, commercial molecular diagnostic laboratories, and consumer genomics companies. The company markets and distributes its products directly to customers, as well as through life-science distributors. The company has a collaboration with Labcorp Holdings Inc. for the development of oncology treatments through applications of sequencing solutions across the healthcare ecosystem; and strategic collaboration with Integrated DNA Technologies to enable a DRAGEN, secondary analysis pipeline for IDT xGena, FFPE and cfDNA next generation sequencing (NGS) library preparation with custom panels, delivering an integrated, end-to-end solution for somatic oncology research. It also has a data partnership with Cen...",Diagnostics & Research,United States,https://www.illumina.com,8600.0,,2026-08-01T08:28:58.131914+00:00,
IONS,,-40.23565,27.33,19.49906,9.842617,-40.699999999999996,,497.802,2102353024.0,-346764640.0,-38.176,-64.658,6.1,16.09,0.61000003,0.365,90.8,75.4,buy,1991-05-17,35.2,2026-07-29,"Ionis Pharmaceuticals, Inc., a commercial-stage biotechnology company, provides RNA-targeted medicines in the United States. The company offers TRYNGOLZA reduces triglyceride levels in adults with familial chylomicronemia syndrome (FCS) and acute pancreatitis; DAWNZERA for prophylaxis to prevent attacks of hereditary angioedema in adults; WAINUA for the treatment of the polyneuropathy of hereditary transthyretin-medicated amyloidosis (ATTRv-PN) in adults; and SPINRAZA for pediatric and adult patients with spinal muscular atrophy (SMA). It also provides QALSODY for the treatment of Amyotrophic Lateral Sclerosis (ALS); TEGSEDI for the treatment of ATTRv-PN in adults; and WAYLIVRA for treatment for FCS and familial partial lipodystrophy. It also develops products under Phase 3 clinical trials, such as Olezarsen for patients with hypertriglyceridemia (SHTG) and cardiovascular disease (CVD); and Zilganerse, a potential treatment for people with genetically confirmed Alexander disease, as well as ION582 which is in Phase 3 clinical trial for the potential treatment of AS, a rare genetic neurological disease. In addition, the company develops Eplontersen to degrade mutant and wild-type TTR mRNA through binding to the TTR mRNA; Pelacarsen to inhibit the production of apolipoprotein(a) in the liver to offer a direct approach for reducing lipoprotein(a); Bepirovirsen to inhibit the production of viral proteins associated with hepatitis B virus; Sefaxersen to reduce the production of...",Biotechnology,United States,https://www.ionis.com,1480.0,,2026-08-01T08:28:58.433156+00:00,
IREN,49.72973,-39.148937,3.11,4.7094955,17.371532,-0.0,,148.804,2213274112.0,-2311044352.0,-64.468,20.877000000000002,,27.089999999999996,3.595,4.279,81.73333,122.1,buy,2021-11-17,4.7,2026-05-07,"IREN Limited operates in the vertically integrated data center business in Australia and Canada. The company owns and operates computing hardware, as well as electrical infrastructure and data centers. It also mines Bitcoin, a scarce digital asset that is created and transmitted through the operation of a peer-to-peer network of computers running the Bitcoin software. The company was formerly known as Iris Energy Limited and changed its name to IREN Limited in November 2024. The company was incorporated in 2018 and is based in Sydney, Australia.",Capital Markets,Australia,https://iren.com,257.0,,2026-08-01T08:28:58.738400+00:00,
JBLU,,-14.565922,0.88,1.2394657,0.23941836,14.499999999999998,,591.43,2020000000.0,-921249984.0,-5.228,-9.322999999999999,2.2,26.72,10.571,1.731,5.77188,-4.3,hold,2002-04-12,24.3,2026-07-28,"JetBlue Airways Corporation provides air transportation services. The company operates a fleet of Airbus A220, Airbus A320, Airbus A320 Restyled, Airbus A321, Airbus A321 with Mint, Airbus A321neo, Airbus A321neo with Mint, and Airbus A321neoLR with Mint aircraft. It also serves 100 destinations across the United States, the Caribbean, Latin America, Canada, and Europe. In addition, it operates airport lounges, as well as provides vacation services. JetBlue Airways Corporation was incorporated in 1998 and is based in Long Island City, New York.",Airlines,United States,https://www.jetblue.com,19647.0,,2026-08-01T08:28:59.043647+00:00,
JOBY,,-14.3,,3.5821643,90.549194,,,38.194,2466189056.0,-380630368.0,-963.3749999999999,0.0,6.5,16.73,32.586,2.706,11.00889,54.0,hold,2020-11-09,5.7,2026-08-05,"Joby Aviation, Inc., an air mobility company, engages in research, develop, test, manufacture, and sale of electric vertical takeoff and landing aircraft in the United States, Japan, Europe, and internationally. The company offers facilitation of passenger transportation via helicopter or fixed wing aircraft. It is also involved in the provision of government flight services, customer demonstration, and engineering services; and exhibition activities. Joby Aviation, Inc. was founded in 2009 and is headquartered in Santa Cruz, California.",Airports & Air Services,United States,https://www.jobyaviation.com,2559.0,,2026-08-01T08:28:59.351688+00:00,
LBRDA,,5.7533784,,0.82867014,,,-24.8,46.88,51000000.0,-636499968.0,0.0,0.0,,2.9000001,6.927,0.649,,,none,2014-11-04,11.7,2026-08-06,"Liberty Broadband Corporation engages in a range of communications businesses in the United States. The company offers subscription-based internet, mobile, and video and voice services; and residential and business services, including Spectrum Internet, mobile, TV, and voice products; Spectrum Business that offers Internet, mobile, video and voice services to small businesses, as well as tailored connectivity, communications and managed service solutions for mid-market and large businesses; and Spectrum Reach that provides local, regional and national businesses to advertise in individual and multiple service areas on cable television networks, and various streaming services and advertising platforms. It also provides Spectrum Security Shield that enables and protects devices at home using network-based security; internet access, data networking, fiber connectivity to cellular towers and office buildings, video entertainment, and business telephone services; and operates regional sports and news channels. Liberty Broadband Corporation was incorporated in 2014 and is based in Englewood, Colorado.",Telecom Services,United States,https://www.libertybroadband.com,,,2026-08-01T08:28:59.662204+00:00,
LCID,,-1.5536842,,-6.9360905,2.0554388,20.200000000000003,,155.447,700355968.0,-3035099648.0,-336.87398,-239.80901,0.2,40.300000000000004,15.370000000000001,0.831,8.3,12.5,hold,2020-09-18,5.9,2026-08-04,"Lucid Group, Inc., a technology company, designs, develops, manufactures, and sells electric vehicles (EV), EV powertrains, and battery systems. The company provides Lucid Air sedan and Lucid Gravity SUV. It also designs and develops proprietary software in-house for Lucid vehicles. The company sells vehicles directly to consumers through its retail sales network and direct online sales, including Lucid Financial Services. The company is headquartered in Newark, California. Lucid Group, Inc. is a subsidiary of Ayar Third Investment Company.",Auto Manufacturers,United States,https://www.lucidmotors.com,9000.0,,2026-08-01T08:29:00.034019+00:00,
LI,,13.243823,0.82,1.3355117,0.122590184,-11.4,,25.122,93105160192.0,-15601390592.0,-13.048000000000002,-1.66,,5.06,0.023,0.549,18.306696,34.3,buy,2020-07-30,6.0,2026-05-28,"Li Auto Inc. operates in the energy vehicle market in the People's Republic of China. The company designs, develops, manufactures, and sells premium smart electric vehicles. Its product line comprises multi-purpose vehicles and sport utility vehicles. The company offers sales and after sales management, and technology development and corporate management services, as well as manufacturing equipment. It offers its products through online and offline channels. The company was formerly known as Leading Ideal Inc. and changed its name to Li Auto Inc. in July 2020. Li Auto Inc. was founded in 2015 and is headquartered in Beijing, the People's Republic of China.",Auto Manufacturers,China,https://www.lixiang.com,30728.0,,2026-08-01T08:29:00.343639+00:00,
LMND,,-55.528736,,6.8719773,3.83144,79.4,,41.321,389500000.0,24200000.0,-14.197999,-14.194999999999999,,14.46,8.681999999999999,1.785,61.22222,26.7,hold,2020-07-02,6.1,2026-07-29,"Lemonade, Inc. provides various insurance products in the United States, Europe, Louisiana, and the United Kingdom. The company provides renters and homeowners, building, car, pet, and life insurance products, as well as landlord insurance products. It also offers insurance for stolen or damaged property, and personal liability that protects its customers if they are responsible for an accident or damage to another person or their property. In addition, it operates as an agent for other insurance companies. The company was formerly known as Lemonade Group, Inc. Lemonade, Inc. was incorporated in 2015 and is headquartered in New York, New York.",Insurance - Property & Casualty,United States,https://www.lemonade.com,1282.0,,2026-08-01T08:29:00.645667+00:00,
LX,1.1967213,1.4564209,,0.13541867,0.018012175,6.6000000000000005,-50.0,33.435,1578364032.0,,2.323,10.842,,3.2,5.1810004,0.798,3.4886007,138.9,none,2017-12-21,8.6,2026-05-25,"LexinFintech Holdings Ltd., together with its subsidiaries, offers online direct sales and online consumer finance services in the People's Republic of China. The company provides Fenqile, an online consumer finance platform that offers installment loan product, working capital, as well as online direct sales of electronic, home appliance, and general merchandise products with installment payment terms. It also offers technology-driven platform services for financial institution customers and partners; and credit-driven platform services, including customer acquisition, credit screening, and loan collections, as well as guarantee and insurance services. In addition, the company provides Juzi Licai, an online investment platform; technical support and consulting; software development; financing guarantee; and financial technology services. The company was formerly known as Staging Finance Holding Ltd. and changed its name to LexinFintech Holdings Ltd. in March 2017. LexinFintech Holdings Ltd. was founded in 2013 and is headquartered in Shenzhen, the People's Republic of China.",Credit Services,China,https://www.lexin.com,7169.0,26.16,2026-08-01T08:29:00.948659+00:00,
LYFT,2.3187134,7.593094,0.15,2.0050569,0.92406857,13.8,488.90000000000003,42.616,1720935040.0,1217614848.0,-0.32300001,43.822,999.0,23.809999,1.33299995,1.805,19.02778,20.0,buy,2019-03-29,7.3,2026-08-06,"Lyft, Inc. operates multimodal transportation networks that offer access to various transportation options through platform and mobile based applications in the United States and internationally. The company facilitates peer-to-peer ridesharing by connecting drivers who have vehicles with riders who need a ride. It also operates Lyft Platform that provides a marketplace where drivers can be matched with riders via the Lyft mobile application. The company's platform provides a ridesharing marketplace that connects drivers with riders; Express Drive, a car rental program for drivers; and a network of shared bikes and scooters in various cities to address the needs of riders for short trips. In addition, it offers licensing and data access agreements; sells bikes and bike station software and hardware; and provides advertising services. The company was formerly known as Zimride, Inc. and changed its name to Lyft, Inc. in April 2013. Lyft, Inc. was incorporated in 2007 and is headquartered in San Francisco, California.",Software - Application,United States,https://www.lyft.com,3913.0,,2026-08-01T08:29:01.253398+00:00,
M,10.298755,10.657666,3.24,1.3497199,0.28735045,2.1,76.9,105.623,1294000000.0,748875008.0,1.7579999999999998,2.9360002,,12.97,1.521,1.485,22.77273,-8.2,none,1992-02-05,34.5,2026-06-03,"Macy's, Inc., an omni-channel retail organization, operates stores, websites, and mobile applications in the United States. The company sells various merchandise, such as apparel and accessories for men, women, and kids; cosmetics; home furnishings; and other consumer goods under the Macy's, Bloomingdale's, and Bluemercury brands. It also operates in Dubai, the United Arab Emirates, and Al Zahra, Kuwait under the license agreements. The company was formerly known as Federated Department Stores, Inc. and changed its name to Macy's, Inc. in June 2007. Macy's, Inc. was founded in 1830 and is based in New York, New York.",Department Stores,United States,https://www.macysinc.com,90134.0,3.07,2026-08-01T08:29:03.063609+00:00,
MARA,,-16.647058,0.1,1.9317405,4.9733434,-18.4,,105.602,513652992.0,-531064736.0,-558.12597,-234.829,,33.150002,0.909,5.371,18.12909,60.2,buy,2012-05-04,14.2,2026-08-06,"MARA Holdings, Inc. operates as an energy and digital infrastructure company in North America, the Middle East, Europe, and Latin America. The company leverages Bitcoin Mining and Artificial Intelligence compute to monetize excess energy and underutilized power, optimize power management across operations and support AI inference applications. The company was formerly known as Marathon Digital Holdings, Inc. and changed its name to MARA Holdings, Inc. in August 2024. MARA Holdings, Inc. was incorporated in 2010 and is based in Hallandale Beach, Florida.",Capital Markets,United States,https://www.mara.com,266.0,,2026-08-01T08:29:03.368950+00:00,
MDB,,45.988914,1.67,9.25668,10.43044,25.2,,1.998,2427152896.0,517605376.0,-3.6069999999999998,-1.118,,3.6199997999999995,2.6530001000000003,1.549,396.21222,17.4,buy,2017-10-19,8.8,2026-05-28,"MongoDB, Inc., together with its subsidiaries, provides general purpose database platform worldwide. The company offers MongoDB Atlas, a hosted multi-cloud database-as-a-service solution; MongoDB Enterprise Advanced, a commercial database server for enterprise customers to run in the cloud, on-premises, or in a hybrid environment; and Community Server, a free-to-download version of its database, which includes the functionality that developers need to get started with MongoDB. It offers professional services comprising consulting and training. The company was formerly known as 10gen, Inc. and changed its name to MongoDB, Inc. in August 2013. MongoDB, Inc. was incorporated in 2007 and is headquartered in New York, New York.",Software - Infrastructure,United States,https://www.mongodb.com,5636.0,,2026-08-01T08:29:03.668592+00:00,
MNDY,38.05677,15.684306,0.28,5.515823,2.8317878,24.5,9.6,23.405,1212275968.0,248481248.0,5.624,9.174,,19.469998999999998,15.717,1.251,108.54167,24.5,buy,2021-06-10,5.1,2026-08-10,"monday.com Ltd., together with its subsidiaries, develops software applications in the United States, Europe, the Middle East, Africa, the United Kingdom, and internationally. The company provides Work Operating System (Work OS), a cloud-based visual work OS that consists of modular building blocks used and assembled to create software applications and work management tools. Its products include monday work management that manages workflows, projects, and portfolios for team collaboration and productivity; monday CRM, which tracks and manages various sales cycle; monday dev that builds agile product and software development workflows; monday service, which creates seamless connection between service desks and their data; WorkCanvas, a digital whiteboard; and WorkForms, which allows users to create personalized forms or surveys and gain organizational insights. The company serves organizations, educational or government institution, and distinct business unit of an organization. The company was formerly known as DaPulse Labs Ltd. and changed its name to monday.com Ltd. in December 2017. monday.com Ltd. was incorporated in 2012 and is headquartered in Tel Aviv-Yafo, Israel.",Software - Application,Israel,https://www.monday.com,3155.0,,2026-08-01T08:29:03.972637+00:00,
MNPR,,-34.5614,,5.360942,,,,0.17,137492944.0,-5376986.0,0.0,0.0,,29.74,23.416999999999998,1.475,116.84615,7.8,strong_buy,2019-12-19,6.6,2026-05-14,"Monopar Therapeutics Inc., a clinical-stage biopharmaceutical company, engages in developing therapeutics for the treatment of cancer in the United States. The company develops ALXN1840, a late-stage, investigational once-daily and oral medicine; MNPR-101, a proprietary humanized monoclonal antibody that is conjugated with different radioisotopes for the treatment of advanced solid tumors expressing urokinase plasminogen activator receptor; and MNPR-101-Zr, which is in phase 1 imaging and dosimetry clinical trial, a radiopharmaceutical imaging agent comprised of MNPR-101 conjugated to zirconium-89. It develops MNPR-101-Lu, a Phase1a stage radiotherapeutic comprised of MNPR-101 conjugated to actinium-225. The company has collaborations NorthStar to develop radio-immuno-therapeutics targeting severe COVID-19; Excel Diagnostics and Nuclear Oncology Center, for the investigational imaging agent MNPR-101-Zr and investigational therapeutic agent MNPR-101-Lu; license agreement with Alexion to develop and commercialize ALXN1840, a drug candidate for Wilson disease. The company was founded in 2014 and is headquartered in Wilmette, Illinois.",Biotechnology,United States,https://www.monopartx.com,22.0,,2026-08-01T08:29:04.278915+00:00,
MQ,434.00003,41.309727,1.5,2.489246,2.8027658,19.2,,0.992,712057024.0,116240624.0,1.77,0.333,,5.390000000000001,3.198,1.311,20.74,19.5,hold,2021-06-09,5.1,2026-08-04,"Marqeta, Inc. operates a cloud-based open API platform for card issuing and transaction processing services in the United States. The company's platform also provides processor services, bank and network management, program management, and value added services; card issuing, such as debit, prepaid, credit, virtual, and physical cards; UI/UX; access to a suite of bank account and money movement features, including savings accounts, demand deposit accounts, direct deposit with early pay, ACH, cash loads, and fee-free ATMs, bill pay, and instant funding capabilities; Marqeta Dashboard, a self-service portal to access and manage all aspects of card program; TransactPay; Marqeta Hub for consumers, buy now, pay later (BNPL) providers, and card issuers; and credit capabilities, as well as Portfolio Migration which simplifies upgrading existing card programs into its platform. It offers its solutions in various verticals, including financial services, on-demand services, lending, expense management, and e-commerce enablement, as well as BNPL providers. Marqeta, Inc. was incorporated in 2010 and is headquartered in Oakland, California.",Software - Infrastructure,United States,https://www.marqeta.com,938.0,,2026-08-01T08:29:04.580152+00:00,
MSTR,,20.905611,2.85,0.880407,68.38009,6.9,,14.938,2447982080.0,,-6808.111599999999,0.0,,11.76,0.245,,303.64285,225.5,strong_buy,1998-06-11,28.1,2026-07-30,"Strategy Inc, together with its subsidiaries, operates as a bitcoin treasury company in the United States, Europe, the Middle East, Africa, and internationally. It offers investors varying degrees of economic exposure to Bitcoin by offering a range of securities, including equity and fixed income instruments. The company also provides AI-powered enterprise analytics software, including Strategy One, which provides non-technical users with the ability to directly access novel and actionable insights for decision-making. In addition, the company provides Strategy Mosaic, a universal intelligence layer that offers enterprises with consistent definitions and governance across data sources, regardless of where that data resides or which tools access it. The company was formerly known as MicroStrategy Incorporated and changed its name to Strategy Inc in August 2025. The company was incorporated in 1989 and is headquartered in Tysons Corner, Virginia.",Software - Application,United States,https://www.strategy.com,1539.0,,2026-08-01T08:29:04.885734+00:00,
MTDR,12.441396,5.67905,0.78,1.1095296,1.7247624,-6.4,,60.382,30451000.0,-263931008.0,4.972,13.453999999999999,,11.4700004,7.124,0.738,68.63158,37.6,strong_buy,2012-02-02,14.5,2026-08-05,"Matador Resources Company, an independent energy company, engages in the acquisition, exploration, development, and production of oil and natural gas resources in the United States. It operates through two segments, Exploration and Production; and Midstream. The company primarily holds interests in the Wolfcamp and Bone Spring plays in the Delaware Basin in Southeast New Mexico and West Texas. It also operates the Haynesville shale and Cotton Valley plays in Northwest Louisiana. In addition, the company conducts midstream operations in support of its exploration, development, and production operations. Further, it provides natural gas processing and oil transportation services; and oil, natural gas, and produced water gathering services, as well as produced water disposal services to third parties, as well as sells natural gas to unaffiliated independent marketing companies and unaffiliated midstream companies. The company was formerly known as Matador Holdco, Inc. and changed its name to Matador Resources Company in August 2011. Matador Resources Company was incorporated in 2003 and is headquartered in Dallas, Texas.",Oil & Gas E&P,United States,https://www.matadorresources.com,483.0,3.1,2026-08-01T08:29:05.186137+00:00,
MVST,,5.3806663,,0.57691205,0.7235322,-48.0,,69.938,126129000.0,39620248.0,-13.095,-11.5159996,999.0,9.609999499999999,52.791,3.486,5.5,581.5,none,2019-03-27,7.3,2026-05-11,"Microvast Holdings, Inc. engages in the design, development, and manufacturing of battery components and systems primarily for electric commercial vehicles and energy storage systems. The company offers a range of cell chemistries, such as lithium titanate oxide, lithium iron phosphate, electrolyte formulation, full concentration gradient cathode, polyaramid separator, and nickel manganese cobalt. It also designs, develops, and manufactures components of lithium-ion batteries, such as cathode, anode, electrolytes, and separator. The company's commercial vehicle markets cover buses, trains, mining trucks, marine and port vehicles, and automated guided and specialty vehicles, as well as light, medium, and heavy-duty trucks. It operates in China, India, rest of the Asia Pacific, Italy, France, rest of Europe, and the United States. Microvast Holdings, Inc. was founded in 2006 and is headquartered in Stafford, Texas.",Auto Parts,United States,https://www.microvast.com,1908.0,,2026-08-01T08:29:05.486314+00:00,
NTLA,,-6.074498,,2.071775,22.57813,-9.5,,12.963,375985984.0,-235232880.0,-668.0749999999999,0.0,1.6,41.3,3.8680002,1.77,26.16667,145.0,buy,2016-05-06,10.2,2026-08-06,"Intellia Therapeutics, Inc. operates as a clinical-stage genome editing company focused on developing potentially curative therapeutics using CRISPR/Cas9-based technologies. The company offers clustered, regularly interspaced short palindromic repeats (CRISPR)/CRISPR associated 9 (Cas9) technology for genome editing. The company provides a modular platform, to advance in vivo and ex vivo therapies for diseases. The company's in vivo product candidates include nexiguran ziclumeran, or NTLA-2001 for the treatment of transthyretin amyloidosis; and NTLA-2002 for the treatment of hereditary angioedema. Additionally, it offers product candidates for the treatment of immuno-oncology and autoimmune diseases, and multiple in vivo programs to address diseases with significant unmet medical need by delivering gene editing therapeutics to organs outside the liver. The company has license and collaboration agreement with AvenCell Therapeutics, Inc. to develop allogeneic universal CAR-T cell therapies; Kyverna Therapeutics, Inc. for the development of an allogeneic CD19 CAR-T cell therapy for the treatment of various of B cell-mediated autoimmune diseases; ONK Therapeutics, Ltd. for the development of engineered NK cell therapies to cure patients with cancer; and ReCode Therapeutics, Inc. to develop novel genomic medicines for the treatment of cystic fibrosis. It also has collaboration agreements with Regeneron Pharmaceuticals, Inc., SparingVision SAS, and Rewrite Therapeutics Inc. ...",Biotechnology,United States,https://www.intelliatx.com,377.0,,2026-08-01T08:29:05.787601+00:00,
OCGN,,-5.2340426,,72.352936,93.25462,3.5000000000000004,,573.575,31855000.0,-33665624.0,-1163.6661,0.0,0.9,29.87,1.68,2.181,11.42857,829.2,strong_buy,2014-12-03,11.7,2026-08-06,"Ocugen, Inc., a biopharmaceutical company, focuses on discovering, developing, and commercializing novel gene and cell therapies, biologic, and vaccines that improve patients' health. The company's pipeline product includes OCU400, a novel gene therapy product candidate restoring retinal integrity and function across a range of genetically diverse inherited retinal diseases, currently under Phase 3 trials for the treatment of retinitis pigmentosa and Phase 1/2 trials for the treatment of leber congenital amaurosis; OCU410, a gene therapy under phase 1/2 for the treatment of dry age-related macular degeneration (AMD); and OCU410ST, a gene therapy under phase 1/2 for the treatment of Stargardt disease. It is involved in the development of OCU200, a novel recombinant fusion protein for the treatment of diabetic macular edema, diabetic retinopathy, and wet age-related macular degeneration; and NeoCart, an autologous chondrocyte-derived neocartilage for the repair of knee cartilage injuries in adult. In addition, the company is developing OCU500, a COVID-19 vaccine; OCU510, a seasonal quadrivalent flu vaccine; and OCU520, a combination quadrivalent seasonal flu and COVID-19 vaccine. It has collaboration agreements with National Institute of Allergy and Infectious Diseases for early clinical studies for the OCU500 program; and a strategic partnership with CanSino Biologics Inc. for manufacturing its modifier gene therapy pipeline product candidates. The company was founded in 20...",Biotechnology,United States,https://www.ocugen.com,116.0,,2026-08-01T08:29:06.093048+00:00,
OKTA,102.10791,33.1506,1.3,3.6073196,8.233804,11.200000000000001,21.2,5.957,2588999936.0,977750016.0,7.32,8.2440004,,5.11,0.563,0.773,127.42667,-10.2,buy,2017-04-07,9.3,2026-05-28,"Okta, Inc. operates as an identity partner in the United States and internationally. It offers Single Sign-on to secure access to cloud and on-premises applications from any device; Adaptive MFA for a risk-based layer of security for an organization's cloud, mobile, and web applications; API Access Management, which enables organizations to secure APIs as systems; Access Gateway, which extends the Okta platform to hybrid IT environments; Okta Device Access, which extends Okta platform's secure access management to the device login experience; Universal Directory for a cloud-based system of record. The company also provides Identity Threat Protection; Identity Security Posture Management for security measures and safeguards digital assets; Okta for AI Agents to discover, register, authenticate, govern, and manage AI Agents; Identity Governance and Administration products, including Lifecycle Management, Okta Workflows, Okta Identity Governance, and Cross App Access; Advanced Server Access for continuous and contextual access management to secure cloud infrastructure; and Okta Privileged Access to reduce risk with unified access and governance management. In addition, it provides Universal Login, a standards-based login infrastructure; Attack Protection Suite to minimize risks associated with identity-targeted attacks; Adaptive MFA; Passwordless, which enables users to login without a password; Machine-to-Machine Tokens for authentication and authorization with NHIs; Private...",Software - Infrastructure,United States,https://www.okta.com,6366.0,,2026-08-01T08:29:06.399004+00:00,
OLLI,18.007353,14.546902,,2.3574522,1.6261148,14.2,19.5,37.58,249559008.0,135756496.0,10.556000000000001,9.132,,13.159999,0.336,0.469,107.06667,45.7,buy,2015-07-16,11.0,2026-06-03,"Ollie's Bargain Outlet Holdings, Inc. operates as a retailer of closeout merchandise and excess inventory in the United States. The company offers health and beauty aids, food, candy, beverages, pet food and treats, laundry related products, and cleaning supplies; housewares and kitchen items, home decor products, furniture, household essential items, and home maintenance and utility items; patio furniture, air conditioners, fans, space heaters, toys, lawn and garden related products, outdoor items, holiday decor, gifts, and decorations products; books, stationery items, small electronic devices and accessories, clothing, sporting goods, pet products, automotive products, luggage and other general merchandise. It sells its products under the Ollie's, Ollie's Bargain Outlet, Good Stuff Cheap, Ollie's Army, Real Brands! Real Bargains, Sarasota Breeze, American Way brands. The company was formerly known as Bargain Holdings, Inc. and changed its name to Ollie's Bargain Outlet Holdings, Inc. in March 2015. Ollie's Bargain Outlet Holdings, Inc. was founded in 1982 and is headquartered in Harrisburg, Pennsylvania.",Discount Stores,United States,https://www.ollies.com,6500.0,,2026-08-01T08:29:06.705908+00:00,
OPEN,,-172.61905,,3.8080807,0.92357975,-37.6,,140.252,999000000.0,1285374976.0,-21.666999,-35.246,,19.549999,4.9239997,3.564,4.95,31.3,hold,2020-06-18,6.1,2026-08-04,"Opendoor Technologies Inc. operates a digital platform for residential real estate transactions in the United States. It buys and sells homes through online e-commerce platform. The company also resells the home to a home buyer. In addition, it offers real estate brokerage, title insurance and settlement, and escrow services, as well as property and casualty insurance, real estate licenses, and construction services. The company was formerly known as Social Capital Hedosophia Holdings Corp. II and changed its name to Opendoor Technologies Inc. Opendoor Technologies Inc. was incorporated in 2013 and is based in Tempe, Arizona.",Real Estate Services,United States,https://www.opendoor.com,1042.0,,2026-08-01T08:29:07.004430+00:00,
OPRT,15.388888,2.9363906,,0.6375144,0.34993136,1.3,-76.5,685.785,130384000.0,,2.5229999999999997,2.4500001,,3.9800000000000004,6.1139997,1.234,9.0,62.5,buy,2019-09-26,6.8,2026-08-05,"Oportun Financial Corporation provides financial services in the United States. The company offers personal loans and credit cards. It serves customers through online and over the phone, as well as through retail and Lending as a Service partner locations. The company was founded in 2005 and is headquartered in San Mateo, California.",Credit Services,United States,https://oportun.com,1783.0,,2026-08-01T08:29:07.305534+00:00,
OPRX,17.285715,5.560662,1.61,0.875923,1.057606,-9.5,,18.298,20169000.0,11345375.0,1.9960001,6.368,,8.1499994,12.875,1.076,12.4,105.0,strong_buy,2007-11-28,18.7,2026-08-12,"OptimizeRx Corporation operates as a digital healthcare technology company. It offers Dynamic Audience Activation Platform, which generates dynamic audiences with predictive analytics through machine learning methods; Micro-Neighborhood Targeting, which creates consumer audiences using a privacy-first process; Profiler, which provides insights into its customers' target consumers; banner messages, including brand messaging, therapeutic support messaging, affordability messaging, limited distribution drug information, and patient support program messaging through healthcare professionals; and media execution solutions, which deliver messages through consumer omnichannel network, including through programmatic display, programmatic connected television/over-the-top, programmatic social media, addressable television, digital out-of-home, programmatic audio, and email/direct mail. The company also offers pharmacy alerts, which flag pharmacies that have prescription medications in stock; and financial messaging solutions, which provide prescribers visibility to branded copay offers for patients directly within electronic health record systems and ePrescribing platforms. The company was founded in 2006 and is headquartered in Waltham, Massachusetts.",Health Information Services,United States,https://www.optimizerx.com,132.0,,2026-08-01T08:29:07.604414+00:00,
OSCR,,19.939198,,5.6070404,0.7075897,52.6,125.6,28.928,6799782912.0,1627705344.0,15.151,-0.296,,7.9799999999999995,5.376,2.339,25.2,-19.3,hold,2021-03-03,5.4,2026-08-06,"Oscar Health, Inc. operates as a healthcare technology company in the United States. The company offers health plans to individuals, families, employees, and small group markets. It also provides +Oscar platform that power others throughout the healthcare system; Campaign Builder platform, an engagement and recommendation platform for providers and payors; and reinsurance products. In addition, the company offers brokerage services and enrollment platform for brokers and consumers to shop, buy, and enroll in medical and supplemental health products. The company was formerly known as Mulberry Health Inc. and changed its name to Oscar Health, Inc. in January 2021. Oscar Health, Inc. was incorporated in 2012 and is headquartered in New York, New York.",Healthcare Plans,United States,https://www.hioscar.com,2305.0,,2026-08-01T08:29:07.911382+00:00,
PAAS,13.906452,9.436337,7.02,2.470487,4.5411,49.3,131.6,11.489,1614000000.0,1300125056.0,48.094,31.65,,,0.064000004,1.545,65.25,51.4,buy,1995-06-12,31.1,2026-08-12,"Pan American Silver Corp. engages in the exploration, mine development, extraction, processing, refining, and reclamation of mines in Chile, Peru, Brazil, Mexico, Canada, Argentina, Bolivia, and Guatemala. The Silver segment includes the La Colorada, Juanicipio, Cerro Moro, Huaron, and San Vicente mines. The Gold segment comprises the Jacobina, El Peñon, Timmins, Shahuindo, Minera Florida, and Dolores mines. It explores silver, gold, zinc, lead, and copper deposits. The company was formerly known as Pan American Minerals Corp. and changed its name to Pan American Silver Corp. in April 1995. Pan American Silver Corp. was incorporated in 1979 and is headquartered in Vancouver, Canada.",Gold,Canada,https://www.panamericansilver.com,9348.0,1.41,2026-08-01T08:29:08.216142+00:00,
PACB,,-3.5478966,,174.99998,2.7172554,0.1,,29855.79,275961984.0,-48237124.0,-102.891,-80.345,5.7,17.11,8.767999999999999,2.289,2.45833,75.6,buy,2010-10-27,15.8,2026-08-05,"Pacific Biosciences of California, Inc. designs, develops, and manufactures sequencing solutions to resolve genetically complex problems. The company provides sequencing systems; consumable products, including single molecule real-time (SMRT) technology; long-read sequencing; and various reagent kits designed for specific workflow, such as preparation kit to convert DNA into SMRTbell double-stranded DNA library formats, including molecular biology reagents, such as ligase, buffers, and exonucleases. It also offers binding kits, such as modified DNA polymerase used to bind SMRTbell libraries to the polymerase in preparation for sequencing; and sequencing kits comprise reagents required for on-instrument, real-time sequencing, including the phospholinked nucleotides. In addition, the company provides Revio, Vega, and Sequel instruments which conduct, monitor, and analyze single-molecule biochemical reactions on SMRT cell microchips; short-read sequencing; and onso instrument. It serves academic and governmental research institutions, commercial testing and service laboratories, genome centers, public health labs, hospitals and clinical research institutes, contract research organizations, pharmaceutical companies, and agricultural companies. The company markets its products through a sales force and distribution partners in Australia, certain parts of Asia, Europe, the Middle East, Africa, Central America, and South America. It has a collaboration with DNAstack Inc. to provi...",Medical Devices,United States,https://www.pacb.com,485.0,,2026-08-01T08:29:08.511833+00:00,
PAGS,6.8857145,5.1081295,,0.93607026,0.13599274,1.5,12.2,17.59,2198981120.0,5231180800.0,37.332,10.7939996,,13.340001,3.458,1.293,11.648267,20.8,buy,2018-01-24,8.5,2026-08-11,"PagSeguro Digital Ltd., together with its subsidiaries, provides financial and payment solutions for consumers, individual entrepreneurs, micro-merchants, and small and medium-sized companies in Brazil and internationally. The company provides digital banking solutions, including bill payments, deposits, top-ups, debt management, direct deposits, pix, tax collections, tax collections, wire transfer, and ATM withdrawal; cards, such as debit, credit, cash, and prepaid cards; and credit products comprising FGTS withdrawals, payroll loans, working capital loans, and overdraft accounts. It offers insurance services, including account, card, home, business, health assistance, life, and credit life insurance; investment services, such as recommendation from our distribution team, financial education, stocks and REITs, investment, PagBank CD, Third-party fixed income, treasury, automatic savings and money boxes; and operates cashback and Shopping PagBank, a marketplace for various brands. In addition, it provides software solutions comprising PagVendas, a POS software app; ClubPag, a marketing tool that allows merchants to advertise across client base, available for POS devices; PlugPag, a wireless solution that connects the machine to the commercial automation system, via Bluetooth technology; and Envio Fácil, a logistics solution for online sales. The company was founded in 2006 and is headquartered in São Paulo, Brazil.",Software - Infrastructure,Brazil,https://pagbank.com.br,,10.57,2026-08-01T08:29:08.810530+00:00,
PATH,20.580645,14.075341,0.45,3.4901533,3.9532952,17.299999999999997,,4.362,1307244032.0,511553632.0,7.274,19.578,,28.110000000000003,9.546000000000001,0.974,13.24875,3.8,none,2021-04-21,5.3,2026-05-28,"UiPath, Inc. provides an automation platform that offers a range of robotic process automation (RPA) solutions primarily in the United States, Romania, the United Kingdom, the Netherlands, and internationally. It offers the UiPath platform, an integrated enterprise software platform that enables AI agents, robots, people, and models to work together in coordinated workflows. The company's UiPath platform includes the UiPath Maestro process orchestration and process intelligence; UiPath agent builder; RPA and API automation; UiPath intelligent xtraction and processing; UiPath test cloud for testing and quality assurance; UiPath packaged and prebuilt agentic solutions; and centralized governance capabilities that apply across automations, AI agents, and manual tasks. It serves the financial services, healthcare, manufacturing, retail, and public sectors. The company was founded in 2005 and is headquartered in New York, New York.",Software - Infrastructure,United States,https://www.uipath.com,3981.0,,2026-08-01T08:29:09.107213+00:00,
PD,5.0142183,7.527249,,3.7451327,1.6527112,1.0,,180.645,443956992.0,114944872.0,7.866000400000001,38.605000000000004,,11.17,7.12,0.936,9.42857,-10.9,hold,2019-04-11,7.3,2026-05-28,"PagerDuty, Inc. engages in the operation of a digital operations management platform in the United States and internationally. The company collects data and digital signals from virtually any software-enabled system or device and leverages artificial intelligence and powerful machine learning to correlate, process, predict, and remediate incident. Its platform includes PagerDuty Incident Management that provides a real-time view status of a digital service; AIOps that applies machine learning to correlate and automate the identification of incidents from billions of events; automation offers centralized design time and run time environment for orchestrating automated workflows; customer service operations, which is offered to orchestrate, automate, and scale responses to customer issues; and artificial intelligence offers generative AI capabilities for the PagerDuty operations cloud platform . The company serves various industries, including software and technology, telecommunications, retail, travel and hospitality, media and entertainment, and financial services. PagerDuty, Inc. was founded in 2009 and is headquartered in San Francisco, California.",Software - Application,United States,https://www.pagerduty.com,1155.0,,2026-08-01T08:29:09.407338+00:00,
PINS,51.085106,10.759193,0.4,4.8319583,3.07464,17.8,,42.273,1298563968.0,1080373120.0,-3.295,7.643,,15.93,1.388,0.887,27.64444,15.1,buy,2019-04-18,7.3,2026-08-04,"Pinterest, Inc. operates as a visual search and discovery platform in the United States, Canada, Europe, and internationally. The company's platform allows people to find ideas, such as recipes, home and style inspiration, and others; and to search, save, and shop the ideas. It also provides various advertising products to help advertisers meet users; and ad auction that allows to serve ads to users at relevant moments while optimizing business outcomes for advertisers. The company was formerly known as Cold Brew Labs Inc. and changed its name to Pinterest, Inc. in April 2012. Pinterest, Inc. was incorporated in 2008 and is headquartered in San Francisco, California.",Internet Content & Information,United States,https://www.pinterest.com,5287.0,,2026-08-01T08:29:09.709658+00:00,
PLBY,,27.750002,2.28,3.8275864,1.0492417,4.7,,522.218,30167000.0,2584625.0,-5.2059997,-6.21,999.0,5.45,17.599002,1.865,2.83333,155.3,none,2020-08-31,5.9,2026-08-10,"Playboy, Inc. operates as a pleasure and leisure company in the United States, Australia, China, the United Kingdom, and internationally. The company operates through two segments: Direct-to-Consumer and Licensing. It offers sexual wellness products, such as lingerie, bedroom accessories, intimacy products, and other adult products; apparel and accessories products; and beauty and grooming products, such as skincare, haircare, bath and body, cosmetics, and fragrance. The company also owns and operates digital commerce retail platforms, such as playboy.com under license agreements; Honey Birdette retail stores; and collaborates with nightlife, hospitality, digital casino, and online gaming industries. In addition, it licenses Playboy name, Rabbit Head Design, and other trademarks and related properties; and programming content to cable television operators and direct-to-home satellite television operators. Further, the company business covers the subscription sale of playboyplus.com and playboy.tv, which are online content platforms. It offers its products under its flagship brand Playboy. The company was formerly known as PLBY Group, Inc. and changed its name to Playboy, Inc. in June 2025. Playboy, Inc. is headquartered in Los Angeles, California.",Leisure,United States,https://playboy.com,199.0,,2026-08-01T08:29:10.016394+00:00,
PLNT,20.184116,15.573599,0.92,-9.174598,3.4499476,19.7,30.2,,473806016.0,161717376.0,32.513002,17.771,,15.07,0.441,1.04,66.52778,19.0,buy,2015-08-06,11.0,2026-08-06,"Planet Fitness, Inc., together with its subsidiaries, franchises and operates fitness centers under the Planet Fitness brand. The company operates through three segments: Franchise, Corporate-Owned Clubs, and Equipment. The Franchise segment includes operations related to the franchising business in the United States, Puerto Rico, Canada, Panama, Mexico and Australia. The Corporate-owned clubs segment includes operations with corporate-owned clubs in the United States, Canada, and Spain. The Equipment segment includes the sale of equipment to franchisee-owned clubs; and the sale of fitness equipment to franchisee-owned clubs in the United States, Canada, and Mexico. Planet Fitness, Inc. was founded in 1992 and is headquartered in Hampton, New Hampshire.",Leisure,United States,https://www.planetfitness.com,4393.0,,2026-08-01T08:29:10.316700+00:00,
PLUG,,-12.991107,0.84,3.8289962,3.884841,22.3,,130.532,233388992.0,-407408128.0,-63.558996,-227.13401000000002,0.6,26.66,4.542,2.166,3.54688,72.2,hold,1999-10-29,26.8,2026-05-11,"Plug Power Inc. designs, develops, and sells hydrogen products and solutions in Europe, Australia, North America, and internationally. The company offers GenDrive, a hydrogen fueled PEM fuel cell system, which powers material handling EVs, including Class 1, 2, 3 and 6 electric forklifts, automated guided vehicles, and ground support equipment; GenFuel, a liquid hydrogen fueling, delivery, generation, storage, and dispensing system; and GenCare, an Internet of Things based maintenance and on-site service program. It also provides GenKey, a turn-key solution; GenEco electrolyzers for clean hydrogen production; liquefaction systems; cryogenic equipment, such as trailers and mobile storage equipment for the distribution of liquified hydrogen, oxygen, argon, nitrogen, and other cryogenic gases; GenSure, a stationary fuel cell solution; and liquid hydrogen. The company serves customers in material handling operations, fuel cell electric vehicle fleets, and stationary power applications through its direct sales force, original equipment manufacturers, and dealer networks. Plug Power Inc. was incorporated in 1997 and is based in Slingerlands, New York.",Electrical Equipment & Parts,United States,https://www.plugpower.com,2344.0,,2026-08-01T08:29:12.142008+00:00,
PR,23.677778,10.25081,1.3,1.5747857,3.6162448,0.8999999999999999,-88.7,32.695,170780000.0,-130821376.0,9.171999999999999,12.793,,3.05,4.6129998,0.453,25.05263,17.6,strong_buy,2016-04-15,10.3,2026-08-05,"Permian Resources Corporation, an independent oil and natural gas company, focuses on the development of crude oil and associated liquids-rich natural gas reserves in the United States. The company's assets primarily focus on the Delaware Basin, a sub-basin of the Permian Basin. Its properties consist of acreage blocks in Reeves County in West Texas and Lea County in New Mexico. The company was formerly known as Centennial Resource Development, Inc. and changed its name to Permian Resources Corporation in September 2022. The company was incorporated in 2015 and is headquartered in Midland, Texas.",Oil & Gas E&P,United States,https://www.permianres.com,515.0,2.95,2026-08-01T08:29:12.446389+00:00,
PRTA,,-6.1984735,,1.3786079,7.337043,1706.4,,2.448,329462016.0,-31584500.0,50.487,-260.918,,18.78,20.181999,-0.314,21.4,163.5,buy,2012-12-18,13.6,2026-08-06,"Prothena Corporation plc, a late-stage clinical biotechnology company, focuses on discovery and development of novel therapies to treat diseases caused by protein dysregulation. Its product pipeline includes Prasinezumab, an investigational humanized monoclonal antibody which is in Phase 3 clinical trial for the treatment of parkinson's disease and other synucleinopathies. The company also develops Coramitug, an investigational antibody, which is in Phase 3 clinical trial for the treatment of transthyretin amyloidosis; BMS-986446, an anti-tau antibody which is in Phase 2 clinical trial to treat Alzheimer's disease; PRX019, an investigational antibody which is in Phase 1 clinical trial for the treatment of neurodegenerative diseases; and PRX123, a Dual Aß-Tau Vaccine, which is in preclinical trial for treating Alzheimer's disease. In addition, it develops discovery- and late-preclinical-stage programs include TDP-43 CYTOPE for the treatment of amyotrophic lateral sclerosis; PRX012, a next-generation anti-Aß antibody which is in phase 1 clinical trial to treat Alzheimer's disease; and PRX012-TfR, a preclinical program for the treatment of Alzheimer's disease. It has a license, development, and commercialization agreement with F. Hoffmann-La Roche Ltd. and Hoffmann-La Roche Inc. to develop and commercialize antibodies that target a-synuclein, including prasinezumab; and master collaboration agreement with Bristol Myers Squibb to develop and commercialize antibodies targeting ...",Biotechnology,Ireland,https://www.prothena.com,67.0,,2026-08-01T08:29:12.741904+00:00,
PSFE,,3.2425966,,0.67204523,0.23954006,10.4,,411.098,257210000.0,192118368.0,2.447,-11.444,,13.170000000000002,29.003,1.749,9.875,22.2,hold,2020-10-09,5.8,2026-08-13,"Paysafe Limited provides digital payment solutions in the United States, Germany, the United Kingdom, and internationally. The company operates through two segments, Merchant Solutions and Digital Wallets. The Merchant Solutions segment offers payment acceptance and transaction processing solutions for merchants and integrated service providers, including merchant acquiring, transaction processing, gateway solutions, fraud and risk management tools, data and analytics, point of sale systems, and merchant financing solutions, as well as support services under the Paysafe and Petroleum Card Services brands. Its Digital Wallets segment provides digital wallet solutions under the Neteller, Skrill, PaysafeWallet, and PagoEfectivo brands; eCash solutions under the PaysafeCard, PaysafeCash, viafintech, SafetyPay, and PagoEfectivo brands; and pay-by-bank solutions under the Rapid Transfer brand. The company also offers digital commerce solutions for specialized industry verticals, including travel, streaming and video gaming, retail and hospitality, and digital assets, as well as iGaming, which covers online betting related to sports, e-sports, fantasy sports, poker, and other casino games. Paysafe Limited was founded in 1996 and is based in London, the United Kingdom.",Software - Infrastructure,United Kingdom,https://www.paysafe.com,2900.0,,2026-08-01T08:29:13.043454+00:00,
PTON,106.5,25.975609,,-11.431127,1.1315305,1.0999999999999999,,,1126300032.0,397962496.0,9.51,0.9490000000000001,,15.0,1.189,2.53,8.09375,26.7,buy,2019-09-26,6.8,2026-08-06,"Peloton Interactive, Inc. provides fitness and wellness products and services in North America and internationally. The company offers connected fitness products, such as the Peloton Bike, Peloton Bike+, Peloton Tread, Peloton Tread+, and Peloton Row. It also provides all-access, rental, and Peloton App memberships. In addition, the company leases Peloton Bike+ products. The company sells its products through e-commerce and inside sales, retail showrooms, and third-party retailers. Peloton Interactive, Inc. was founded in 2012 and is headquartered in New York, New York.",Leisure,United States,https://www.onepeloton.com,2605.0,,2026-08-01T08:29:13.347156+00:00,
QFIN,2.435088,2.9451704,,0.46980044,0.091725156,-16.7,-43.3,11.678,6547606016.0,9875642368.0,27.453,27.534,,2.4500001,3.361,0.57,21.932152,58.0,none,2018-12-14,7.6,2026-05-26,"Qfin Holdings, Inc., together with its subsidiaries, operate AI- driven credit-tech platform under the Qifu Jietiao brand in the People's Republic of China. The company provides credit-driven services that match borrowers with financial institutions to conduct borrower acquisition, credit assessment, fund matching, and post-facilitation services; and platform services, including loan and post-facilitation services to financial institution partners under capital light model, intelligence credit engine, referral services, and other technology solutions. It serves financial institutions, consumers, and small and micro-enterprises. The company was formerly known as Qifu Technology, Inc. and changed its name to Qfin Holdings, Inc. in July 2025. Qfin Holdings, Inc. was founded in 2016 and is headquartered in Shanghai, the People's Republic of China.",Credit Services,China,https://www.qfin.com,3557.0,11.12,2026-08-01T08:29:13.655954+00:00,
QS,,-7.6701536,,2.8935697,,,,6.405,859001984.0,-141085376.0,0.0,0.0,,20.669999999999998,13.350999999999999,2.622,6.6625,27.6,hold,2020-08-17,6.0,2026-07-22,"QuantumScape Corporation, together with its subsidiaries, develops solid-state lithium-metal battery technology for electric vehicles and other applications in the United States. The company was founded in 2010 and is headquartered in San Jose, California.",Auto Parts,United States,https://www.quantumscape.com,700.0,,2026-08-01T08:29:13.955500+00:00,
RARE,,7.969925,,-10.344685,3.661741,-2.1999999999999997,,,413000000.0,-219090000.0,-102.206,-90.89600399999999,1.9,14.109999,3.451,0.307,53.36842,114.2,strong_buy,2014-01-31,12.5,2026-08-04,"Ultragenyx Pharmaceutical Inc., a biopharmaceutical company, focuses on the identification, acquisition, development, and commercialization of novel products for the treatment of rare and ultra-rare genetic diseases in North America, Latin America, Europe, the Middle East, Africa, and the Asia-Pacific. Its biologic products include Crysvita (burosumab), an antibody targeting fibroblast growth factor 23 for the treatment of X-linked hypophosphatemia, as well as tumor-induced osteomalacia; Mepsevii, an enzyme replacement therapy for the treatment of children and adults with Mucopolysaccharidosis VII; Dojolvi for the treatment of long-chain fatty acid oxidation disorders; and Evkeeza (evinacumab) for the treatment of homozygous familial hypercholesterolemia. The company's products candidates that are in Phase 3 clinical trials include UX143, a human monoclonal antibody for the treatment of osteogenesis imperfecta; UX111, an AAV9 gene therapy product candidate for the treatment of patients with Sanfilippo syndrome type A, or MPS IIIA, a rare lysosomal storage disease; DTX401, an adeno-associated virus 8 (AAV8) gene therapy clinical candidate for the treatment of patients with glycogen storage disease type Ia; DTX301, an AAV8 gene therapy for the treatment of patients with ornithine transcarbamylase; and GTX-102, an antisense oligonucleotide for the treatment of Angelman syndrome. It also develops UX701, an adeno-associated AAV9 gene therapy which is in Phase 2 clinical trial f...",Biotechnology,United States,https://www.ultragenyx.com,1371.0,,2026-08-01T08:29:14.259901+00:00,
RBLX,,-28.676146,8.18,58.9404,4.4728007,35.9,,1300.775,3014000128.0,1020064896.0,-15.589,-17.599002,,4.52,5.479,,65.83871,84.9,buy,2021-03-10,5.4,2026-07-30,"Roblox Corporation operates an immersive platform for connection and communication in the United States and internationally. It offers Roblox Client, an application that allows users to explore immersive experience; Roblox Studio, a free toolset that allows developers and creators to build, publish, and operate immersive experiences and other content; and Roblox Cloud, which provides services and infrastructure that power the platform. Roblox Corporation was incorporated in 2004 and is headquartered in San Mateo, California.",Electronic Gaming & Multimedia,United States,https://corp.roblox.com,3065.0,,2026-08-01T08:29:14.560748+00:00,
REAL,,53.585674,,-4.0529666,2.016114,18.5,,,123952000.0,19607124.0,-1.199,-9.033,999.0,17.130000000000003,7.3260000000000005,2.669,17.25,42.7,strong_buy,2019-06-28,7.1,2026-08-06,"The RealReal, Inc. operates an online marketplace for resale luxury goods worldwide. It provides a range of product categories, including women's fashion, men's fashion, jewelry, and watches. The company sells products through its website, online marketplace, mobile app, and retail stores. The RealReal, Inc. was incorporated in 2011 and is headquartered in San Francisco, California.",Luxury Goods,United States,https://www.therealreal.com,3140.0,,2026-08-01T08:29:14.862024+00:00,
REAX,,-40.0,,5.194805,0.16765046,31.5,,,62920000.0,64607248.0,-0.672,-0.315,,,21.382,0.742,5.15,221.9,none,2021-01-08,5.6,2026-08-06,"The Real Brokerage Inc., together with its subsidiaries, operates as a real estate technology company in the United States and Canada. The company provides title, mortgage, and wallet services. It also offers ancillary services including mortgage origination, title and escrow services, and financial technology and lending products. The company was founded in 2014 and is headquartered in Miami, Florida.",Real Estate Services,United States,https://www.onereal.com,489.0,,2026-08-01T08:29:15.160125+00:00,
RGEN,193.16437,53.457832,2.23,3.7772894,10.136258,11.899999999999999,-65.9,32.715,810449024.0,113421752.0,9.309000000000001,5.2909999999999995,,10.33,5.242,1.06,185.47368,31.5,strong_buy,1986-04-29,40.3,2026-07-28,"Repligen Corporation, a life sciences company, develops and commercializes bioprocessing technologies and systems in North America, Europe, the Asia Pacific, and internationally. The company's products include hollow fiber consumables, KRM chromatography system, resins for new modalities, PATsmart MAVERICK and PATsmart MAVEN for real-time monitoring and control of critical bioprocess parameters, PATsmart REBEL, an at-line cell culture media analyzer; and PATsmart ZipChip, a high-resolution sample separations device, PATsmart SoloVPE slope spectroscopy system, and SoloVPE PLUS System. It offers Protien A ligands that are the binding components of Protein A affinity chromatography resins; and cell culture growth factor products. The company also provides chromatography products, including OPUS pre-packed chromatography columns, which are used in the purification and quality control of biological drugs, as well as ELISA test kits. In addition, it offers filtration products, such as XCell ATF Cell Retention Systems that are filtration devices used in upstream perfusion and cell culture processing; TangenX flat sheet cassettes, which are used in downstream biologic drug concentration, buffer exchange, and formulation processes; KrosFlo tangential flow filtration and tangential flow depth filtration systems; and ProConnex TFDF flow paths. Further, it provides process analytics products, such as slope spectroscopy systems. The company offers its products under the OPUS, XCell, XC...",Medical Instruments & Supplies,United States,https://www.repligen.com,2000.0,,2026-08-01T08:29:15.464717+00:00,
RGNX,,-3.8100257,,23.75,7.06379,-92.80000000000001,,1178.237,150491008.0,-138978624.0,-1303.9569999999999,0.0,1.1,17.950001,6.586,0.901,24.27273,150.5,buy,2015-09-17,10.9,2026-05-14,"REGENXBIO Inc., a clinical-stage biotechnology company, provides gene therapies that deliver functional genes to cells with genetic defects in the United States. Its gene therapy product candidates are based on NAV Technology Platform, a proprietary adeno-associated virus gene delivery platform. The company's products in pipeline includes ABBV-RGX-314 for the treatment of wet age-related macular degeneration, diabetic retinopathy, and other chronic retinal diseases; and RGX-202 for the treatment of Duchenne muscular dystrophy, as well as RGX-121 for the treatment of mucopolysaccharidosis type II. It also develops RGX-111 for the treatment of mucopolysaccharidosis type I. In addition, the company licenses its NAV Technology Platform to other biotechnology and pharmaceutical companies. Further, it has a collaboration and license agreement with AbbVie Global Enterprises Ltd. to develop ABBV-RGX-314 and with Nippon Shinyaku Co., Ltd. to develop RGX-121 and RGX-111 outside the United States. REGENXBIO Inc. was incorporated in 2008 and is headquartered in Rockville, Maryland.",Biotechnology,United States,https://www.regenxbio.com,371.0,,2026-08-01T08:29:15.766324+00:00,
RH,31.892101,17.849268,1.06,54.953518,0.91440403,-1.7000000000000002,,7060.08,53803000.0,285438016.0,0.322,3.0079998,,62.39,18.118000000000002,1.876,169.4706,2.4,none,2012-11-02,13.7,2026-06-11,"RH, together with its subsidiaries, operates as a retailer and lifestyle brand in the home furnishings market in the United States, Canada, the United Kingdom, Germany, Belgium, and Spain. The company operates in three segments: RH Segment, Waterworks, and Real Estate. It offers merchandise in various categories, including furniture, lighting, textiles, bath ware, décor, and outdoor and garden furnishings, as well as baby, child, and teen furnishings. The company also operates galleries, interior design studios, outlets, guesthouses, and showrooms. It sells its products through hospitality, websites, sourcebooks, and trade and contract channels, as well as retail locations and outlets. The company was formerly known as Restoration Hardware Holdings, Inc. and changed its name to RH in January 2017. RH was founded in 1980 and is headquartered in Corte Madera, California.",Specialty Retail,United States,https://www.rh.com,6510.0,,2026-08-01T08:29:16.068584+00:00,
RILY,0.4828051,,,3.2545452,0.27533826,113.39999999999999,,1068.175,948929024.0,,40.155,50.77,,16.81,30.301002,1.194,,,none,2007-08-13,19.0,2026-08-06,"BRC Group Holdings, Inc., through its subsidiaries, provides financial services in North America, Australia, Europe, the Middle East, Africa, Asia, and Latin America. The Capital Markets segment offers investment banking and institutional brokerage services; direct lending services to middle market companies; and equity research. This segment is also involved in trading equity securities; institutional sales and trading; securities lending; proprietary trading; direct lending; and loan origination and underwriting. The Wealth Management segment provides retail brokerage, investment management, insurance, accounting and tax preparation services to individuals and families, small businesses, nonprofits, trusts, foundations, and endowments; and investment management, retirement planning, education planning, wealth transfer and trust coordination, and lending and liquidity solutions. The Lingo segment resells plain old telephone services (POTS), broadband data services, and managed security services, as well as cloud voice, POTS alternative, and business collaboration communication services. The magicJack segment offers non-interconnected voice-over-IP cloud-based communications services; and related devices and subscription services. The Marconi Wireless segment provides mobile phone voice, text, and data services and devices under the Credo Mobile brand. The UOL segment dial-up and digital subscriber line services under the NetZero and Juno brands; and paid and free e-mail s...",Financial Conglomerates,United States,https://www.brcgh.com,1380.0,,2026-08-01T08:29:16.372132+00:00,
RIOT,,-28.33701,,3.1919608,11.67564,3.5999999999999996,,36.63,205666000.0,-445848640.0,-280.494,-132.76199,,15.32,7.619,3.812,29.66476,47.1,strong_buy,2016-03-31,10.3,2026-08-05,"Riot Platforms, Inc., together with its subsidiaries, operates as a Bitcoin mining company in the United States. It operates in two segments, Bitcoin Mining and Engineering. The company offers comprehensive and critical infrastructure for bitcoin mining and data center services at its facilities. The company also designs and manufactures power distribution equipment and engineered-to-order electrical products; and electricity distribution product design, manufacturing, and installation services for large-scale industrial and governmental customers, as well as data center, power generation, utility, water, industrial, and alternative energy markets. The company was founded in 2000 and is based in Castle Rock, Colorado.",Capital Markets,United States,https://www.riotplatforms.com,816.0,,2026-08-01T08:29:16.671799+00:00,
RIVN,,-8.241506,,4.356039,3.7457826,27.200000000000003,,100.195,5310000128.0,-1477374976.0,-50.422,-54.955,,12.3900004,33.208,,18.84615,23.8,hold,2021-11-10,4.7,2026-07-30,"Rivian Automotive, Inc., together with its subsidiaries, develops, manufactures, and sells category-defining electric vehicles. It operates through two segments, Automotive, and Software and Services. The company offers consumer vehicles, including a two-row, five-passenger pickup truck under the R1T brand; and a three-row, seven-passenger sport utility vehicle under the R1S name. It also provides software and services, such as vehicle electrical architecture and software development, as well as Autonomy+, remarketing, vehicle repair and maintenance services, software subscriptions, vehicle accessories, financing, insurance, and other services. In addition, the company designs, develops, and manufactures the Rivian Adventure Network Direct Current fast chargers; and FleetOS, a proprietary, end-to-end centralized fleet management subscription platform. Further, it offers Rivian Commercial Van platform for Electric Delivery Van with collaboration with Amazon.com, Inc. Rivian Automotive, Inc. was founded in 2009 and is based in Irvine, California.",Auto Manufacturers,United States,https://www.rivian.com,15232.0,,2026-08-01T08:29:16.965594+00:00,
RKLB,,1249.0383,,16.51411,59.71644,63.5,,6.124,1383351040.0,-214999376.0,-22.356,-26.872,,7.969999999999999,0.83099995,2.553,114.46667,76.2,buy,2020-11-24,5.7,2026-08-10,"Rocket Lab Corporation, a space company, provides launch services and space systems solutions in the United States, Canada, Japan, and internationally. The company operates through launch services and space systems segments. The company provides launch services, spacecraft design services, spacecraft components, spacecraft manufacturing, optical systems, and other spacecraft and on-orbit management solutions and constellation management services, as well as designs and manufactures small and medium-class rockets and develops flight and ground software. It also designs, manufactures, and sells Electron, an orbital small launch vehicle for small spacecraft launch services, as well as develops Neutron launch vehicles for large constellation deployments, interplanetary missions, and potentially for human spaceflight. In addition, the company designs and manufactures a range of components and subsystems for its launch vehicles and spacecraft. It serves commercial, aerospace prime contractors, and government customers. Rocket Lab Corporation was formerly known as Rocket Lab USA, Inc. and changed its name to Rocket Lab Corporation in August 2021. The company was founded in 2006 and is headquartered in Long Beach, California.",Aerospace & Defense,United States,https://rocketlabcorp.com,2600.0,,2026-08-01T08:29:17.262142+00:00,
ROKU,107.41481,39.349075,1.03,8.012044,4.3321476,22.400000000000002,,18.761,2380218880.0,679980608.0,4.282,4.058,,7.180000000000001,0.634,2.008,158.40619,9.2,buy,2017-09-28,8.8,2026-08-06,"Roku, Inc., together with its subsidiaries, operates a TV streaming platform in the United States and internationally. The company operates in two segments, Platform and Devices. Its streaming platform allows users to find and access TV shows, movies, news, sports, and others, as well as offers digital advertising services. The company also sells streaming players, Roku-branded TVs, smart home products and services, audio products, and related accessories. Roku, Inc. was incorporated in 2002 and is headquartered in San Jose, California.",Entertainment,United States,https://www.roku.com,3600.0,,2026-08-01T08:29:17.555009+00:00,
RRC,10.937329,10.036103,1.44,1.9918618,2.8682635,8.6,-16.400000000000002,21.589,247000.0,454483360.0,36.101002,26.308,,11.48,1.2309999,0.414,45.40909,13.1,hold,1980-06-19,46.1,,"Range Resources Corporation operates as an independent natural gas, natural gas liquids (NGLs), and oil company in the United States. The company engages in the exploration, development, and acquisition of natural gas, NGLs, and oil properties located in the Appalachian region. It sells natural gas to utilities, marketing and midstream companies, and industrial users; NGLs to petrochemical end users, refiners, marketers/traders, and natural gas processors; and oil to crude oil processors, transporters, and refining and marketing companies. The company was formerly known as Lomak Petroleum Inc. and changed its name to Range Resources Corporation in July 1992. Range Resources Corporation was founded in 1976 and is headquartered in Fort Worth, Texas.",Oil & Gas E&P,United States,https://www.rangeresources.com,564.0,1.01,2026-08-01T08:29:17.854740+00:00,
RUN,4.479452,9.733496,3.07,0.69157565,0.7370709,43.2,214.4,300.296,691552000.0,-2242088960.0,-6.024,17.877000000000002,0.3,33.169997,2.871,2.323,18.84211,92.1,buy,2015-08-05,11.0,2026-08-05,"Sunrun Inc. designs, develops, installs, sells, owns, and maintains residential solar energy systems in the United States. The company sells solar energy systems and products, such as panels and racking; and solar leads generated to customers. It offers battery storage along with solar energy systems; and sells services to commercial developers through multi-family and new homes. Its primary customers are residential homeowners. The company markets and sells its products through direct-to-consumer approach across online, retail, mass media, digital media, canvassing, field marketing, and referral channels, as well as its partner network. It also operates distributed electricity power plants. Sunrun Inc. was founded in 2007 and is headquartered in San Francisco, California.",Solar,United States,https://www.sunrun.com,9059.0,,2026-08-01T08:29:18.153451+00:00,
RVLV,28.213484,23.412588,1.08,3.4075181,1.4127102,15.6,21.2,6.326,335844992.0,44427500.0,4.566,5.051,,13.51,0.722,1.615,29.69231,18.2,buy,2019-06-07,7.1,2026-08-04,"Revolve Group, Inc. operates as a fashion retailer for millennial and generation z consumers in the United States and internationally. The company operates in two segments, REVOLVE and FWRD. It operates a platform that connects consumers and global fashion influencers, as well as emerging, established, and owned brands. The company offers apparel, footwear, accessories, and beauty products from emerging, established, and owned brands, as well as luxury brands. It serves its customers through its websites, mobile applications, and stores. The company was formerly known as Advance Holdings, LLC and changed its name to Revolve Group, Inc. in October 2018. Revolve Group, Inc. was founded in 2003 and is headquartered in Cerritos, California.",Internet Retail,United States,https://www.revolve.com,1664.0,,2026-08-01T08:29:18.452332+00:00,
RXRX,,-3.1866417,,1.5535991,23.977331,-56.10000000000001,,7.063,654473024.0,-177795632.0,-1985.553,0.0,3.7,36.099997,2.365,0.995,7.25,141.7,none,2021-04-16,5.3,2026-08-05,"Recursion Pharmaceuticals, Inc., a clinical-stage biotechnology company, engages in the decoding biology and chemistry by integrating technological innovations across biology, chemistry, automation, data science, and engineering to industrialize drug discovery in the United States and the United Kingdom. The company develops REC-4881, which is in Phase 1b/2 clinical trial to treat familial adenomatous polyposis; REC-617, which is in Phase 1/2 clinical trial to treat advanced solid tumors; REC-1245, which is in Phase 1/2 clinical trial to treat biomarker-enriched solid tumors and lymphoma; REC-3565 that is in Phase 1/2 for the treatment of relapsed or refractory B-cell malignancies; and REC-4539, a reversible, CNS penetrant, orally bioavailable, and potential best-in-class inhibitor of LSD1 for the treatment of solid tumors and hematology oncology. Its preclinical stage product includes REC-7735 for the treatment of HR+ breast cancer; and REC-102 for the treatment of hypophosphatasia. The company has collaboration and agreement with Roche & Genentech; Sanofi; Bayer AG; Tempus; and Takeda Pharmaceutical Company Limited. Recursion Pharmaceuticals, Inc. was incorporated in 2013 and is headquartered in Salt Lake City, Utah.",Biotechnology,United States,https://www.recursion.com,600.0,,2026-08-01T08:29:18.747616+00:00,
RYAAY,14.270732,11.956262,5.69,2.782895,1.948132,1.0999999999999999,-33.1,1.919,2803500032.0,-217737504.0,13.125,12.132,,0.5499999999999999,0.0,0.975,74.44,27.2,strong_buy,1997-05-29,29.2,2026-07-20,"Ryanair Holdings plc, together with its subsidiaries, engages in the provision of scheduled-passenger airline services in Ireland, Italy, Spain, the United Kingdom, and internationally. It offers various ancillary services; engages in other activities connected with its air passenger service, including non-flight scheduled and Internet-related services, as well as in-flight sale of beverages, food, duty-free, and merchandise; and markets car hire, travel insurance, and accommodation services through its website and mobile app. The company also provides passenger and aircraft handling, ticketing, and maintenance and repair services; and markets car parking, fast-track, airport transfers, attractions, and activities on its website and mobile app, as well as sells gift vouchers. Ryanair Holdings plc was incorporated in 1996 and is headquartered in Swords, Ireland.",Airlines,Ireland,https://www.ryanair.com,30000.0,1.54,2026-08-01T08:29:19.094937+00:00,
S,,38.61974,,4.526241,6.2291937,20.8,,,656787008.0,268394256.0,-28.803,-30.385,999.0,6.41,0.672,0.825,19.67742,3.2,buy,2021-06-30,5.1,2026-05-28,"SentinelOne, Inc. operates as a cybersecurity provider in the United States and internationally. The company's Singularity Platform delivers an artificial intelligence-powered autonomous threat prevention, detection, and response capabilities across an organization's endpoints, cloud workloads, and identify credentials, which enables seamless and autonomous protection against a spectrum of cyber threats. It also offers generative AI-security agent (Purple AI), security information and event management, endpoint security, cloud security, identity security, exposure and vulnerability management, and threat services. The company was formerly known as Sentinel Labs, Inc. and changed its name to SentinelOne, Inc. in March 2021. SentinelOne, Inc. was incorporated in 2013 and is headquartered in Mountain View, California.",Software - Infrastructure,United States,https://www.sentinelone.com,3000.0,,2026-08-01T08:29:19.394873+00:00,
SEDG,,26.424486,4.61,6.1009927,1.9645462,41.5,,98.448,541649984.0,277839360.0,-15.279001000000001,-28.561002000000002,999.0,20.11,1.194,1.451,45.25,9.8,hold,2015-03-26,11.3,2026-08-05,"SolarEdge Technologies, Inc., together with its subsidiaries, operates as an energy technology company in the United States, Europe, and internationally. The company offers power optimizers and DC-to-AC inverters; Storage Solutions, such as home battery 400V and CSS-OD solution; EV chargers for residential and commercial applications; SolarEdge ONE, an energy optimization system; and cloud-based monitoring platform. It also provides mySolarEdge app, which enables system owners to track their real-time system production and household energy consumption; SolarEdge Go app, a mobile application for SolarEdge installers, integrating installation, management, and service capabilities; designer platform, a web-based tool; and mapper application for registering the physical layout of new PV sites. In addition, the company offers SetApp application to activate and configure SolarEdge inverters; grid services; and pre-sales support, ongoing trainings, and technical support before, during, and after installation based on its operation structure. It serves solar installers, solar distributors, and electrical equipment wholesalers, as well as providers of PV systems to residential and commercial end users through distributors and electrical equipment wholesalers, and directly to solar installers and engineering, procurement, and construction firms, or EPCs. SolarEdge Technologies, Inc. was incorporated in 2006 and is headquartered in Herzliya Pituach, Israel.",Solar,Israel,https://www.solaredge.com,3576.0,,2026-08-01T08:29:21.192851+00:00,
SHLS,43.699997,16.99364,0.77,2.4372559,2.7380986,74.9,,36.492,1877000.0,-69157872.0,8.128,6.267,,11.4300005,1.056,1.904,11.05263,26.5,buy,2021-01-28,5.5,2026-08-04,"Shoals Technologies Group, Inc. provides electrical balance of system (EBOS) solutions and components in the United States and internationally. The company designs, manufactures, and sells various products used by the solar and battery storage industries, including solar big lead assembly (BLA) solutions; homeruns, interconnection, and extension solutions; combiners and re-combiners; load break disconnects and transition solutions; wireless performance monitoring; and battery energy storage solutions (BESS). It also offers original equipment manufacturer (OEM) components; and technical support services during installation and the transition to operations and maintenance. The company sells its products to engineering, procurement, and construction firms that build solar energy projects; utilities; solar developers, independent power producers; solar module manufacturers; and charge point operators. Shoals Technologies Group, Inc. was founded in 1996 and is headquartered in Portland, Tennessee.",Solar,United States,https://www.shoals.com,1480.0,,2026-08-01T08:29:21.499909+00:00,
SIRI,11.895582,8.818521,1.39,0.84837025,1.1605163,1.0,23.7,79.4,174000000.0,1208999936.0,22.129999,10.2290004,,18.26,46.418998,,30.30769,2.3,hold,1994-09-13,31.9,2026-07-30,"Sirius XM Holdings Inc. operates as an audio entertainment company in North America. It operates through two segments, Sirius XM, and Pandora and Off-platform. The Sirius XM segment provides music, sports, entertainment, comedy, and talk and news channels, as well as podcast and infotainment services on subscription fee basis; and live, curated, and exclusive and on demand programming services through satellite radio systems and streamed through applications for mobile and home devices, and other consumer electronic equipment. This segment also distributes satellite radios through automakers and retailers, as well as its website; offers advertising other ancillary services; sells radios and accessories; and offers location-based services through two-way wireless connectivity, including safety, security, convenience, maintenance and data, remote vehicles diagnostic, and stolen or parked vehicle locator services, as well as data services related to graphical weather and fuel prices. In addition, this segment provides music channels on the DISH Network satellite television service as a programming package; Travel Link, a suite of data services that include graphical weather, fuel prices, sports schedule and scores, and movie listings; graphic information related to road closings, traffic flow, and incident data for consumers with in-vehicle navigation systems; real-time weather services in vehicles, boats, and planes; music programming and commercial-free music services for o...",Entertainment,United States,https://www.siriusxm.com,5119.0,3.65,2026-08-01T08:29:21.803070+00:00,
SKLZ,,-2.6546547,,1.3498244,1.2351464,32.9,,126.281,185400992.0,-35277500.0,-55.832,-57.483,5.3,25.509999999999998,23.024,4.575,2.5,-71.7,none,2026-07-17,0.0,,"Firy Inc. operates a mobile game platform in the United States, Israel, China, Malta, Hong Kong, Cyprus, and internationally. The company operates in two segments, Skillz and RZR. It offers Skillz, a platform that enables game developers to monetize their content through multi-player competition by integrating real-money tournaments, virtual prizes, and social competition features directly into games. The company also provides RZR, a performance marketing platform that enables advertisers to acquire, retain, and monetize users across mobile, connected television, and other digital channels. It distributes games through direct app download from its website, as well as through third-party platforms. The company was formerly known as Skillz Inc. and changed its name to Firy Inc. in June 2026. The company was founded in 2012 and is headquartered in Las Vegas, Nevada.",Electronic Gaming & Multimedia,United States,https://www.skillz.com,370.0,,2026-08-01T08:29:22.102880+00:00,
SNAP,,6.3769617,508.87,3.8192182,1.2747349,12.1,,201.585,2822883072.0,673405888.0,-4.8699997,-6.722,999.0,8.3000004,22.573999999999998,1.049,7.26111,54.8,hold,2017-03-02,9.4,2026-08-03,"Snap Inc. operates as a technology company in North America, Europe, and internationally. The company offers Snapchat, a visual messaging application with various tabs, such as camera, visual messaging, snap map, stories, and spotlight that enable people to communicate visually through short videos and snaps. It also provides Snapchat+, Lens+, and Snapchat Platinum, a subscription service that provides subscribers access to exclusive, experimental, and pre-release features; Spectacles, an augmented reality (AR) glasses; and advertising products, including AR ads and Snap ads comprises a single image or video ads, collection ads, dynamic ads, story ads, commercials, sponsored snaps, and promoted places. In addition, the company offers campaign management and delivery, an advertising platform that provides automated, sophisticated, and scalable ad buying and campaign management; and measuring advertising effectiveness solutions. The company was formerly known as Snapchat, Inc. and changed its name to Snap Inc. in September 2016. Snap Inc. was founded in 2010 and is headquartered in Santa Monica, California.",Internet Content & Information,United States,https://www.snap.com,5381.0,,2026-08-01T08:29:22.406925+00:00,
SNDL,,41.0,,0.41502187,0.34486476,-3.6999999999999997,,15.641,183610000.0,35194000.0,-2.31,-2.3359999,999.0,0.75,4.5149997,0.918,3.5185847,186.1,strong_buy,2019-08-01,7.0,2026-07-28,"SNDL Inc. engages in the production, distribution, and sale of cannabis products for the adult-use market in Canada and internationally. It operates through four segments: Liquor Retail, Cannabis Retail, Cannabis Operations, and Investments. The company engages in the cultivation, distribution, and sale of cannabis for the adult-use and medical markets; sale of wines, beers, and spirits through liquor stores under the Wine and Beyond, Ace Liquor, and Liquor Depot retail banners; and private sale of adult-use cannabis products and accessories through its corporate-owned, controlled, and franchised retail cannabis stores. It also produces and distributes flower, pre-rolls, and vapes, as well as offers financial services; and provision of proprietary cannabis processing services. It offers its products under the Top Leaf, Contraband, Palmetto, Bon Jak, La Logue, Versus, Grasslands, Pearls by Grön, No Future, and Bhang Chocolate brands. The company was formerly known as Sundial Growers Inc. and changed its name to SNDL Inc. in July 2022. SNDL Inc. was incorporated in 2006 and is headquartered in Edmonton, Canada.",Beverages - Wineries & Distilleries,Canada,https://www.sndl.com,2751.0,,2026-08-01T08:29:22.703534+00:00,
SOFI,33.285713,20.080767,0.72,1.9331515,4.9303727,42.6,43.8,30.743,3126236928.0,,16.956,14.906,,14.7,1.422,2.149,19.86842,21.8,hold,2021-01-04,5.6,2026-07-29,"SoFi Technologies, Inc. provides various financial services in the United States, Latin America, Canada, and Hong Kong. The company operates through three segments: Lending, Technology Platform, and Financial Services. It offers lending and financial services and products that allows its members to borrow, save, spend, invest, and protect money; and personal loans, student loans, home loans, and related services. The company also operates Galileo, a technology platform that offers services to financial and non-financial institution; and Technisys, a cloud-native digital and core banking platform that provides software licenses and associated services, including implementation and maintenance. In addition, it provides SoFi Money offers checking and savings accounts, and cash management products; SoFi Invest, a mobile-first investment platform that offers access to trading and advisory solutions, such as investing and robo-advisory; and SoFI Crypto, a new digital asset trading platform. Further, the company offers SoFi Credit Card that provides cash back rewards on every purchase; Sofi Relay, a personal finance management product that allows to track all of their financial accounts comprising credit score and spending behaviors; SoFi Protect which offers insurance product; SoFi Travel, an application that manages travel search and booking experience; SoFi At Work provides financial benefits to employees, including student loan payments made on their employees' behalf; Lanter...",Credit Services,United States,https://www.sofi.com,6100.0,,2026-08-01T08:29:23.004091+00:00,
SOUN,,-51.083336,,5.6706758,14.515684,51.7,,1.352,215642000.0,-16690625.0,-139.299,-91.836,12.9,42.349997,1.1159999999999999,2.81,13.14286,114.4,strong_buy,2022-04-28,4.3,2026-08-05,"SoundHound AI, Inc. provides independent voice artificial intelligence (AI) solutions that enables businesses across the automotive, TV, IoT, and customer service industries to deliver conversational experiences to customers in the United States, Korea, France, Japan, Germany, and internationally. The company offers Houndify platform, which provides a suite of Houndify tools to help brands build conversational voice assistants, such as Application Programming Interfaces (API) for text and voice queries, support for custom commands, extensive library of content domains, inclusive software development kit platforms, collaboration capabilities, diagnostic tools, and built-in analytics; SoundHound Chat AI, a voice assistant with integrated generative AI that integrates with knowledge domains, pulling real-time data, such as weather, sports, stocks, flight status, restaurants, and other data; and SoundHound Smart Answering, which offers customer establishments the option to build an easy to use custom AI-powered voice assistant. It also provides CaiNET software that uses machine learning to enhance how domains work together to handle complex queries; CaiLAN software that arbitrates responses, so users get answers from the right domain; Dynamic Interaction, a real-time multimodal customer service interface; Smart Ordering, which offers an easy-to-understand voice assistant for restaurants; automatic speech recognition; natural language understanding; wake words; custom domains; ...",Software - Application,United States,https://www.soundhound.com,954.0,,2026-08-01T08:29:23.359120+00:00,
STLA,,4.1189933,1.21,0.26404533,0.13489775,13.100000000000001,,78.657,30392999936.0,,1.6139998999999998,-12.086,,3.7900000000000005,23.527001,0.993,7.449,29.3,hold,2010-06-09,16.1,2026-10-28,"Stellantis N.V. engages in the designing, engineering, manufacturing, distribution, and sale of automobiles and light commercial vehicles, engines, transmission systems, and mobility services worldwide. It provides luxury and premium vehicles; sport utility vehicles; and parts and accessories. The company also provides contract services; retail and dealer financing services; and vehicle leasing and rental services, as well as engages in after-market parts and service businesses and data businesses. It offers its products under the Abarth, Alfa Romeo, Chrysler, Citroën, DS Automobiles, Dodge, Fiat, Jeep, Maserati, Ram Trucks, Opel, Lancia, Vauxhall, Peugeot, Free2move, Share Now, Leasys, and Comau brand names through distributors and dealers. The company has a strategic collaboration with Microsoft Corporation for the development of AI initiatives across sales, customer care, and operations. The company operates in North America, France, Brazil, Italy, Germany, the United Kingdom, Turkiye, Spain, Argentina, Belgium, Austria, the Netherlands, Portugal, Poland, Algeria, Morocco, Japan, China, and internationally. Stellantis N.V. was founded in 1899 and is based in Hoofddorp, the Netherlands.",Auto Manufacturers,Netherlands,https://www.stellantis.com,258668.0,10.58,2026-08-01T08:29:23.664920+00:00,
STNE,4.244403,4.7923236,,1.1460003,0.20440446,4.3,273.8,133.64,10226477056.0,2311869440.0,44.331002000000005,25.945,,10.35,2.999,1.596,15.985895,40.5,buy,2018-10-25,7.8,2026-08-13,"StoneCo Ltd. provides financial technology and software solutions to merchants and integrated partners to conduct electronic commerce across in-store, online, and mobile channels in Brazil. The company provides financial services, including payment, prepayment, digital banking, and credit solutions. It offers payment solutions of electronic payments and alternative payment methods, such as payment slips and Pix transactions; digital product to help merchants improve their consumers' experience, which include split-payment processing, multi-payment processing, and recurring payments for subscriptions; and tap on phone solution. In addition, the company provides prepayment; digital banking; and credit solution. The company serves online, offline, and omni-channel sales clients under Stone, tonstone, and paggar.me. StoneCo Ltd. was founded in 2012 and is based in George Town, the Cayman Islands.",Software - Infrastructure,Cayman Islands,https://www.stoneco.com.br,,,2026-08-01T08:29:23.970292+00:00,
TCNNF,,36.90561,,1.455863,1.4527706,-3.6999999999999997,,54.796,352880000.0,201434368.0,12.36,-6.931,,,1.345,1.677,18.083,104.6,strong_buy,2026-07-17,0.0,,"Trulieve Cannabis Corp. operates as a cannabis retailer in the United States. The company cultivates, processes, and manufactures cannabis products and distributes its products to its dispensaries, as well as through home delivery. It sells flowers, edibles, vapes, oral, topical, concentrates, and accessories under the Avenue, Cultivar Collection, Muse, Modern Flower, Alchemy, Momenta, Sweet Talk, Co2lors, and Roll One brands. The company operates dispensaries in Florida, Arizona, Georgia, Ohio, Maryland, West Virginia, Connecticut, and Pennsylvania. It operates cultivation and processing facilities in Arizona, Colorado, Florida, Georgia, Maryland, Pennsylvania, and West Virginia. The company also offers medical cannabis dispensary in North Miami Beach, Florida. Trulieve Cannabis Corp. was formerly known as Schyan Exploration Inc./Exploration Schyan Inc. and changed its name to Trulieve Cannabis Corp. in September 2018. Trulieve Cannabis Corp. was incorporated in 1940 and is headquartered in Tallahassee, Florida.",,United States,https://www.trulieve.com,5000.0,,2026-08-01T08:29:24.276907+00:00,
TCOM,6.9541416,11.175094,1.91,1.2513728,0.45691946,17.2,-39.7,18.816,81015996416.0,,24.340001,48.646,,2.18,0.9450000000000001,-0.032,60.303856,28.3,strong_buy,2003-12-09,22.6,2026-06-24,"Trip.com Group Limited, through its subsidiaries, operates as a travel service provider for accommodation reservation, transportation ticketing, packaged tours, in-destination, corporate travel management, and other travel-related services in China and internationally. It acts as an agent for hotel-related transactions and selling air tickets, as well as provides train, long-distance bus, and ferry tickets; travel insurance products, such as flight delay, air accident, and baggage loss coverage; and air-ticket delivery, online check-in and seat selection, express security screening, real-time flight status tracker, and airport VIP lounge services. The company also provides travelers bundled packaged-tour products, such as group, semi-group, and customized and packaged tours with various transportation arrangements, including air, cruise, bus, and car rental services. In addition, it offers integrated transportation and accommodation services; ticket, activity, insurance, visa, and tour guide services; and user support, supplier management, and customer relationship management services; and in-destination products and services. Further, the company provides Trip.Biz, a digital first, full-service, corporate travel management business which provides technology-enabled solutions for organizations managing business travel. Additionally, it offers online advertising and financial services, such as marketing planning and travel media services; Omni-Channel Touchpoints for Users;...",Travel Services,Singapore,https://group.trip.com,43574.0,56.99999999999999,2026-08-01T08:29:24.582412+00:00,
TDOC,,-10.910569,,0.9303938,0.4897006,-4.0,,78.332,774348032.0,201008496.0,-5.684,-7.126,999.0,15.619999000000002,0.701,2.103,7.94737,18.4,hold,2015-06-30,11.1,2026-07-29,"Teladoc Health, Inc. provides virtual healthcare services worldwide. It operates through Teladoc Health Integrated Care and BetterHelp segments. The Integrated Care segment offers virtual medical services, including general medical, expert medical services, specialty medical, chronic condition management, and mental health services, as well as technologies and enterprise telehealth solutions for hospitals and health systems. Its BetterHelp segment operates a mental health platform that provides online counselling and therapy services through websites, mobile applications, phones, and text-based interactions by its licensed clinicians. The company offers its products and services under the Teladoc and BetterHelp brands. It serves employers, health plans, hospitals and health systems, insurance companies, and financial services companies, as well as individual members. The company was formerly known as Teladoc, Inc. and changed its name to Teladoc Health, Inc. in August 2018. Teladoc Health, Inc. was incorporated in 2002 and is headquartered in New York, New York.",Health Information Services,United States,https://www.teladochealth.com,4648.0,,2026-08-01T08:29:24.896921+00:00,
TEAM,,16.56513,0.8,29.39901,4.141131,31.7,,141.408,1136342016.0,1578996352.0,9.376000600000001,-3.5020000000000002,,11.08,0.95,1.111,139.69933,38.3,buy,2015-12-09,10.6,2026-08-06,"Atlassian Corporation provides a collaboration software that enables organizations to connect all teams through a system of work that unlocks productivity at scale worldwide. Its product portfolio includes Jira, a project management platform for planning, tracking, and managing work; Confluence, a connected workspace to create, organize, and share team knowledge, documents, and collaboration content; Loom, an asynchronous video communication tool to record and share videos; Jira Service Management, an intuitive service management solution for IT, HR, and other teams; and Rovo, an AI offering that assists teams with its Search, Chat and Agent capabilities. The company also offers Bitbucket, a git-based source code management platform for professional development teams; Compass, a developer portal that provides a unified view of engineering components; Jira Product Discovery, a tool to capture, prioritize, and roadmap product ideas; Jira Align, an enterprise agility solution that connects business and technology teams to align strategy with execution; Focus, a strategy hub for leadership teams; and Talent, a workforce planning app. In addition, it provides Trello, an AI-powered personal productivity tool; and Guard, an app for detecting and responding to security threats. The company has a strategic collaboration with Mattermost, Inc. for the development of Mattermost Docs, a sovereign, self-hosted successor to Confluence for defense, intelligence, and critical infrastructur...",Software - Application,Australia,https://www.atlassian.com,13813.0,,2026-08-01T08:29:25.204743+00:00,
TIGR,8.032787,5.1967335,,1.0348469,1.5419449,27.1,,7.807,4493628928.0,,34.774,20.009,,6.02,18.531,0.444,7.67545,56.6,none,2019-03-20,7.4,2026-06-02,"UP Fintech Holding Limited provides online brokerage services focusing on Chinese investors in New Zealand, the Cayman Island, Singapore, the United States, and internationally. The company has developed a brokerage platform, Tiger Trade which allows investor to trade stocks, options, warrants, and other financial instruments that can be accessed through its APP and website. It also provides value-added services, including investor education, community engagement, and IR/PR platform services. In addition, the company offers trade execution, margin financing, and securities lending services; asset management and wealth management; ESOP management; fund license application, product design, asset custody, transaction execution, and funding allocation; fund structuring and management; and IPO underwriting services. Further, the company provides market information and simulated trading services; and trade futures contracts. UP Fintech Holding Limited was founded in 2014 and is headquartered in Singapore.",Capital Markets,Singapore,https://www.itigerup.com,1346.0,,2026-08-01T08:29:25.507422+00:00,
TLRY,,10.088889,,1.5043075,0.6754728,-7.8,,63.611,425655008.0,-25034250.0,-52.7,-13.261000000000001,17.0,13.239999,0.6479999999999999,1.895,7.84375,72.8,buy,2018-07-19,8.0,2026-07-28,"Tilray Brands, Inc., a lifestyle consumer products company, engages in the research, cultivation, processing, and distribution of medical cannabis products in Canada, the United States, Europe, the Middle East, Africa, and internationally. The company operates through four segments: Beverage, Cannabis, Distribution, and Wellness. It also offers medical and adult-use cannabis products; resells and distributes pharmaceutical and wellness products; and produces, markets, and sells beverage products, and hemp-based food products. In addition, the company provides entertainment products. It offers its products under the Tilray, Aphria, Broken Coast, Symbios, Navcora, Tilray Craft, Charlotte's Web, Montauk Brewing, Shock Top, 10 Barrell, Breckenridge Brewery, SweetWater Brewing, Breckenridge Distillery, Blue Point Brewing, Broken Coast, Redecan, XMG, Manitoba Harvest, CC Pharma, Good Supply, Solei, Mollo, Chowie Wowie, Original Stash, Canaca, RIFF, Tilray Medical, Bake Sale, The Batch, HEXO, Alpine Beer Company, Green Flash, Cruisies, Atwater Brewery, Hiball Energy, Liquid Love, Hop Valley Brewing, Redhook Brewery, Revolver Brewing, Square Mile Cider, Mock One, Widmer Brothers Brewing, Runner's High Brewing Company, SweetWater Brewing Company, Terrapin Beer Co., Happy Flower, Fizzy Jane's, Herb & Bloom, 420 Fizz, and Fresh Hemp Foods brands. The company sells its products to retailers, wholesalers, patients, physicians, hospitals, pharmacies, researchers, and governments, as wel...",Drug Manufacturers - Specialty & Generic,Canada,https://www.tilray.com,3595.0,,2026-08-01T08:29:25.816672+00:00,
TWLO,286.0145,29.693571,0.35,3.8563755,5.649655,20.0,375.0,13.722,2346262016.0,879865344.0,7.6530000000000005,1.9609999,,3.5999999999999996,0.12899999,1.362,210.72452,6.8,buy,2016-06-23,10.1,2026-08-06,"Twilio Inc., together with its subsidiaries, provides customer engagement platform solutions in the United States and internationally. The company provides various application programming interfaces and software solutions for communications between customers and end users, including messaging, voice, email, video interactions, digital engagement centers, marketing campaigns, and user authentication and identity solutions. It also offers software products to build direct and personalized relationships with their end users, such as Segment, a platform that provides tools to harness the power of contextual data by unifying real-time information collected throughout each customer's journey into a unique profile. Twilio Inc. was incorporated in 2008 and is headquartered in San Francisco, California.",Software - Infrastructure,United States,https://www.twilio.com,5558.0,,2026-08-01T08:29:26.124966+00:00,
TWST,,-107.70588,,12.503415,13.9224205,19.3,,24.356,171671008.0,-58482500.0,-34.917,-19.849001,2.9,29.080000000000002,1.193,2.115,92.5,1.0,buy,2018-10-31,7.7,2026-08-03,"Twist Bioscience Corporation manufactures and sells synthetic DNA-based products. The company offers synthetic genes and gene fragments used in product development for therapeutics, diagnostics, chemicals/materials, food/agriculture, data storage, and various applications within academic research by biotech, pharma, industrial chemical, and agricultural companies, as well as academic labs; Oligo pools used in targeted NGS, CRISPR gene editing, mutagenesis experiments, DNA origami, DNA computing, data storage in DNA, and other applications; and immunoglobulin G proteins for customers focused on the pursuit of drug discovery and development. It also provides NGS tools comprising library preparation kits, human exome kits, and fixed and custom panels, as well as alliance panels used within diagnostic tests for various indications, population genetics research and biomarker discovery, translational research, microbiology, and applied markets research; and methylation detection kits for cancer, and rare and inherited disease study, as well as fast hybridization and full RNA sequencing workflow solution. In addition, it offers synthetic SARS-CoV-2 RNA reference sequences as positive controls to develop both NGS and reverse transcription-polymerase chain reaction assays; synthetic monkeypox controls; and various respiratory viral controls, including for influenzas, respiratory syncytial virus, rhinoviruses, SARS, MERS, and coronaviruses. Further, it offers SARS-CoV-2 Research Pan...",Diagnostics & Research,United States,https://www.twistbioscience.com,979.0,,2026-08-01T08:29:26.431818+00:00,
U,,24.09556,,4.650242,7.1988277,16.8,,71.565,2140861056.0,600423232.0,-15.232000000000001,-34.986,,7.8,3.367,2.048,35.72318,12.7,buy,2020-09-18,5.9,2026-08-06,"Unity Software Inc. operates a platform to develop, deploy, and grow games and interactive experiences for mobile phones, PCs, consoles, and extended reality devices in the United States, China, Hong Kong, Taiwan, Europe, the Middle East, Africa, the Asia Pacific, Canada, and Latin America. The company's platform offers artificial intelligence solutions that support developers through the entire development lifecycle, which includes prototyping, live service operation, user acquisition, and monetization. It also provides Create Solutions, a set of tools and services used to build, ship, and run real-time 2D and 3D content; and Grow Solutions, which allows customers to grow and engage their user base and monetize their content. In addition, the company offers enterprise support and consumption services; professional services, including consulting, platform integration, training, and custom application and workflow development services; and advertising and game publishing services. It provides its solutions directly through its online store, field sales operations, independent distributors, and resellers. The company serves enterprises, mid-market companies, government, and non-profit institutions; mid-sized, small, and independent businesses; and individuals from various industries. Unity Software Inc. was founded in 2004 and is headquartered in San Francisco, California.",Software - Application,United States,https://unity.com,4412.0,,2026-08-01T08:29:26.745347+00:00,
UA,,17.078947,1.74,1.9559975,0.55711687,-0.8,,137.139,309168000.0,-528018624.0,8.818,-9.98,,,10.476,1.67,,,none,2016-03-23,10.4,2026-08-07,"Under Armour, Inc., together with its subsidiaries, engages designs, developing, marketing, and distributing performance apparel, footwear, and accessories for men, women, and youth. The company provides its apparel in compression, fitted, and loose fit types. It also offers footwear products for running, training, basketball, cleated sports, recovery, and outdoor applications, as well as for casual use. In addition, the company provides accessories, which include gloves, bags, headwear, and socks. It primarily offers its products under the UNDER ARMOUR, ARMOUR, HEATGEAR, COLDGEAR, HOVR, UA, PROTECT THIS HOUSE, I WILL, ARMOUR FLEECE, and ARMOUR BRA brands. The company sells its products through wholesale channels, including national and regional sporting goods chains, independent and specialty retailers, department store chains, mono-branded Under Armour retail stores, institutional athletic departments, and leagues and teams, as well as independent distributors; and directly to consumers through its own brand and factory house retail stores and e-commerce websites. It operates in the United States, Canada, Europe, the Middle East, Africa, the Asia-Pacific, and Latin America. The company was incorporated in 1996 and is headquartered in Baltimore, Maryland.",Apparel Manufacturing,United States,https://www.underarmour.com,6200.0,,2026-08-01T08:29:27.055562+00:00,
UAA,,28.10651,1.84,2.0042193,0.5708517,-0.8,,137.139,309168000.0,-528018624.0,8.818,-9.98,,37.59,0.28700000000000003,1.67,6.28158,-5.5,hold,2005-11-18,20.7,2026-08-07,"Under Armour, Inc., together with its subsidiaries, engages designs, developing, marketing, and distributing performance apparel, footwear, and accessories for men, women, and youth. The company provides its apparel in compression, fitted, and loose fit types. It also offers footwear products for running, training, basketball, cleated sports, recovery, and outdoor applications, as well as for casual use. In addition, the company provides accessories, which include gloves, bags, headwear, and socks. It primarily offers its products under the UNDER ARMOUR, ARMOUR, HEATGEAR, COLDGEAR, HOVR, UA, PROTECT THIS HOUSE, I WILL, ARMOUR FLEECE, and ARMOUR BRA brands. The company sells its products through wholesale channels, including national and regional sporting goods chains, independent and specialty retailers, department store chains, mono-branded Under Armour retail stores, institutional athletic departments, and leagues and teams, as well as independent distributors; and directly to consumers through its own brand and factory house retail stores and e-commerce websites. It operates in the United States, Canada, Europe, the Middle East, Africa, the Asia-Pacific, and Latin America. The company was incorporated in 1996 and is headquartered in Baltimore, Maryland.",Apparel Manufacturing,United States,https://www.underarmour.com,6200.0,,2026-08-01T08:29:27.361678+00:00,
UPST,65.333336,8.146664,,3.5822456,2.2376196,44.6,,269.844,474663008.0,-312582368.0,0.895,4.2090002,,31.36,12.992999999999999,2.267,39.8,45.0,buy,2020-12-16,5.6,2026-08-04,"Upstart Holdings, Inc., together with its subsidiaries, operates a cloud-based artificial intelligence (AI) lending platform in the United States. The company operates through three segments: Personal Lending, Auto Lending, and Other. Its platform includes unsecured personal loans, small dollar loans, auto refinance, auto retail loans, and auto secured personal loan, and home equity lines of credit. Upstart Holdings, Inc. was founded in 2012 and is headquartered in San Mateo, California.",Credit Services,United States,https://www.upstart.com,1405.0,,2026-08-01T08:29:27.677864+00:00,
VFC,20.753622,10.700862,0.37,1.5147027,0.44034055,-5.2,,280.723,670062976.0,781847872.0,-5.529,5.546,999.0,7.969999999999999,0.987,0.974,18.77143,31.1,hold,1980-03-17,46.4,2026-07-29,"V.F. Corporation, together with its subsidiaries, offers branded apparel, footwear, and accessories for men, women, and children in the Americas, Europe, and the Asia-Pacific. The company operates through two segments: Outdoor and Active. The company provides outdoor apparel, footwear, equipment, accessories; and style-forward and weather-ready footwear, apparel, and accessories under the Timberland, Timberland PRO, and The North Face brands. It also offers youth culture/action sports-inspired and apparel, footwear, and accessories; handbags, luggage, backpacks, totes, and accessories; and backpacks and luggage under the Vans, Kipling, Eastpak, and JanSport brands. In addition, the company provides performance-based footwear; performance merino wool and other natural fibers-based apparel and accessories; performance-based footwear; and high-performance apparel and accessories based on natural fibers under the Smartwool, Napapijri, Icebreaker, and Altra brands. The company sells its products primarily to specialty stores, department stores, national chains, independently operated partnership stores, and mass merchants, as well as sells through direct-to-consumer operations, including retail stores, concession retail stores, and e-commerce sites, and other digital platforms. V.F. Corporation was incorporated in 1899 and is headquartered in Denver, Colorado.",Apparel Manufacturing,United States,https://www.vfc.com,14560.0,2.51,2026-08-01T08:29:27.987619+00:00,
VFF,8.727273,7.68,,0.7447634,1.0325938,26.6,,13.324,50468000.0,13805875.0,10.040000000000001,18.57,,4.5300003,10.479999,1.304,4.91667,156.1,none,2019-02-21,7.4,2026-08-10,"Village Farms International, Inc., together with its subsidiaries, produces, markets, and distributes greenhouse grown tomatoes, bell peppers, and cucumbers in North America and Netherlands. It operates in five segments: Cannabis-Canada, Cannabis-U.S., Cannabis  Netherlands, Produce, and Clean Energy. It produces and supplies cannabis products to other licensed providers and provincial governments in Canada and internationally; develops and sells cannabinoid-based health and wellness products, including ingestible, edibles, and topical applications; and produces power. The company also markets and distributes its products under the Village Farms brand name to retail supermarkets and fresh food distribution companies. In addition, it produces and supplies cannabis products to designated coffee shops. Village Farms International, Inc. was founded in 1989 and is headquartered in Lake Mary, Florida.",Farm Products,United States,https://www.villagefarms.com,1128.0,,2026-08-01T08:29:28.286190+00:00,
VIPS,6.9099097,5.6978602,0.85,1.2104889,0.06935575,1.2,20.200000000000003,16.046,30344026112.0,,9.399000000000001,7.066,,1.87,0.47600000000000003,0.633,18.375254,19.8,none,2012-03-23,14.4,2026-05-21,"Vipshop Holdings Limited operates online platforms in the People's Republic of China. The company operates through Vip.com, Shan Shan Outlets, and Others segments. It provides womenswear, menswear, sportswear and sporting goods, baby and children products, shoes and bags, skincare and cosmetics, home goods and other lifestyle products, and supermarket and other products. The company also engages in warehousing, retail business, product procurement, and software development and information technology support activities. It provides branded products through its vip.com and vipshop.com online platforms, as well as through retail stores. Vipshop Holdings Limited was founded in 2008 and is headquartered in Guangzhou, the People's Republic of China.",Internet Retail,China,https://www.vip.com,15145.0,4.08,2026-08-01T08:29:28.597658+00:00,
VKTX,,-7.1297007,,7.328562,,,,,602963968.0,-177354752.0,0.0,0.0,,21.090001,2.786,0.655,93.0,193.0,strong_buy,2015-04-28,11.3,2026-07-29,"Viking Therapeutics, Inc., a clinical-stage biopharmaceutical company, focuses on the development of novel therapies for metabolic and endocrine disorders. Its lead drug candidate is VK2809, an orally available tissue and receptor-subtype selective agonist of the thyroid hormone receptor beta (TRß), which is in Phase IIb clinical trials to treat patients with biopsy-confirmed non-alcoholic steatohepatitis, as well as NAFLD. The company develops VK5211, an orally available non-steroidal selective androgen receptor modulator that is in Phase II clinical trials for the treatment of patients recovering from non-elective hip fracture surgery; VK0612, which is in Phase II clinical trials for metabolic disorders and anemia; VK2735, a novel dual agonist of the glucagon-like peptide 1, which is in Phase 1 SAD/MAD clinical trial, and VK0214, an orally available tissue and receptor-subtype selective agonist of the TRß for X-linked adrenoleukodystrophy. The company was incorporated in 2012 and is headquartered in San Diego, California.",Biotechnology,United States,https://www.vikingtherapeutics.com,59.0,,2026-08-01T08:29:30.398463+00:00,
WPM,28.616798,20.508701,0.43,5.3564234,18.033293,91.60000000000001,128.8,0.083,2164505088.0,639690240.0,75.021005,65.550005,,,0.11299999999999999,1.187,172.252,58.0,strong_buy,2005-07-06,21.1,2026-08-06,"Wheaton Precious Metals Corp. operates as a precious metal streaming company. It explores for gold, silver, palladium, platinum, and cobalt deposits in Canada, the United States, Mexico, Portugal, Sweden, the United Kingdom, Argentina, Chile, Brazil, Peru, Ecuador, Colombia, Côte d'Ivoire, Ethiopia, and South Africa. The company was formerly known as Silver Wheaton Corp. and changed its name to Wheaton Precious Metals Corp. in May 2017. Wheaton Precious Metals Corp. was founded in 2004 and is headquartered in Vancouver, Canada.",Gold,Canada,https://www.wheatonpm.com,,69.0,2026-08-01T08:29:30.757123+00:00,
WULF,,90.5641,,-95.45946,52.0707,-1.0999999999999999,,,2629995008.0,-283343616.0,-366.18,0.0,,24.8,22.933,4.261,37.94444,114.9,strong_buy,1994-04-05,32.3,2026-08-05,"TeraWulf Inc., together with its subsidiaries, owns, develops, operates digital infrastructure in the United States. It also develops and operates bitcoin mining facilities for bitcoin mining and high-performance computing workloads, leveraging clean, cost-effective, and reliable energy. The company was founded in 2021 and is headquartered in Easton, Maryland.",Capital Markets,United States,https://www.terawulf.com,141.0,,2026-08-01T08:29:31.063725+00:00,
XPEV,,28.793844,,2.7930408,0.16818002,-17.599999999999998,,83.214,30594603008.0,,-14.774000000000001,-3.056,,5.94,4.741,1.112,22.413622,72.4,buy,2020-08-27,5.9,2026-05-28,"XPeng Inc. designs, develops, manufactures, and markets smart electric vehicles (EVs) in the People's Republic of China and globally. The company offers P7 and P7i, a four-door sports sedan; G9, a smart EV and a mid- to large-sized sport utility vehicle (SUV); G7 for families and individual consumers seeking advanced technology and comfort; G6, a smart EV and a coupe SUV; X9, Smart EV and a large seven-seater multi-purpose vehicle (MPV); MONA M03, an all-electric hatchback coupe; Next P7, an all-new coupe sports sedan; and P7+, smart EV of XPeng series. It also provides XOS Tianji, smart in-car operating system; Powertrain; and SEPA 2.0, a smart electric platform architecture. In addition, the company offers various services, including services embedded in a sales contract, supercharging, maintenance, technical support, technical research and development, and second-hand vehicle sales services; and insurance technology support, and automotive loan referral and auto financing services. XPeng Inc. was founded in 2015 and is headquartered in Guangzhou, the People's Republic of China.",Auto Manufacturers,China,https://www.xpeng.com,19884.0,,2026-08-01T08:29:31.372458+00:00,
XPOF,,8.488588,,-0.8542977,1.0718312,-21.0,,,12179000.0,30932500.0,24.681,-12.549,,40.35,6.183000000000001,1.073,7.21429,10.6,none,2021-07-23,5.0,2026-08-06,"Xponential Fitness, Inc., through its subsidiaries, operates as a boutique fitness brands franchisor in North America. The company's brands portfolio consist of Club Pilates, a Pilates facility franchisor; StretchLab, a fitness concept offering one-on-one assisted stretching services; YogaSix, a yoga concept; Pure Barre, a total body workout concept that uses the ballet barre to perform small isometric movements; and BFT, a high-intensity interval training concept that combines functional, high-energy strength, cardio, and conditioning-based classes to achieve the unique health of its members. Xponential Fitness, Inc. was founded in 2017 and is headquartered in Irvine, California.",Leisure,United States,https://www.xponential.com,226.0,,2026-08-01T08:29:31.674555+00:00,
YMM,16.084745,11.032665,,1.674392,0.7853516,5.5,-20.599999999999998,0.062,18463930368.0,4535214592.0,35.317,32.682,,2.09,0.664,0.305,12.620003,33.0,strong_buy,2021-06-23,5.1,2026-05-21,"Full Truck Alliance Co. Ltd., together with its subsidiaries, operates a digital freight platform that connects shippers with truckers to facilitate shipments across distance ranges, cargo weights, and types in the People's Republic of China and Hong Kong. The company offers freight matching services, such as freight listing and brokerage services; and transaction services, as well as various value-added services, such as credit solutions, insurance brokerage, software solutions, electronic toll collection, Intelligent Driving Related Services, and energy services. It also provides technology development and other services. Full Truck Alliance Co. Ltd. was founded in 2011 and is based in Guiyang, China.",Software - Application,China,https://www.fulltruckalliance.com,8251.0,1.76,2026-08-01T08:29:31.981409+00:00,
ZM,13.607649,15.252547,4.21,2.8946338,5.7106175,5.5,74.2,0.604,7720974848.0,1981199232.0,25.058000000000003,41.987,,2.7,0.234,1.014,115.0,19.7,buy,2019-04-18,7.3,2026-08-25,"Zoom Communications, Inc. provides an Artificial Intelligence-first open work platform for human connection in the Americas, the Asia Pacific, Europe, the Middle East, and Africa. The company offers Zoom Meetings that offers HD video, voice, chat, and content sharing through mobile devices, desktops, laptops, telephones, and conference room systems; Zoom Phone, a cloud phone system; and Zoom Team Chat enables users to share messages, images, files, and content in desktop, laptop, tablet, and mobile devices. It also provides Zoom Docs, a modular workspace; Zoom Whiteboard, an interactive canvas; Zoom Clips for capturing video and screen content; Zoom Rooms, a software-based conference room system; and Workspace Reservation. In addition, the company offers Zoom Contact Center, an omnichannel solution; Zoom Revenue Accelerator, a conversation intelligence software for Zoom Meetings and Zoom Phone; Zoom Events to manage, host, market, and report on all of virtual and hybrid events; Zoom Webinars Plus; and Zoom Webinars which supports interactive video presentations to large audiences. Further, it provides Workvivo, an all-in-one employee experience platform; Zoom Developer Platform and App Marketplace which integrates platform with other applications, platforms, websites, and services; and Zoom Apps. It serves individuals; and education, entertainment/media, enterprise infrastructure, finance, government, healthcare, manufacturing, non-profit/not for profit and social impact, ...",Software - Application,United States,https://www.zoom.com,7438.0,,2026-08-01T08:29:32.282883+00:00,
ZS,,32.88987,1.68,10.331397,7.704423,25.4,,78.939,3539107072.0,1108818560.0,-3.276,-2.4389998999999998,,7.6499999999999995,34.958,0.958,192.5534,27.4,buy,2018-03-16,8.4,2026-05-26,"Zscaler, Inc. operates as a cloud security company worldwide. The company offers cyberthreat protection products, including Zscaler Internet Access, which provides threat protection, cloud sandbox, and cloud browser isolation; Zscaler Private Access solution that includes cyberthreat and data protection, application discovery, secure application access, application segmentation, application protection, reduced attack surface, and browser isolation; Zero Trust Firewall; Cloud Sandbox; and Zero Trust Browser. It also provides data security products, such as web and email DLP, endpoint DLP, BYOD security, multi-mode CASB, unified SaaS security, DSPM, AI-SPM, public gen AI security, and Microsoft Copilot data protection; Zero Trust Cloud solution. In addition, the company offers Zero Trust Branch comprising Zero Trust SD-WAN; IoT/OT segmentation; privileged remote access; Zscaler Cellular; and Zscaler Digital Experience that measures end-to-end user experience across business applications, as well as provides an easy-to-understand digital experience score for each user, application, and location within an enterprise. Further, it provides security operations products, including data fabric for security; asset exposure management; Risk360; unified vulnerability management; deception; managed detection and response; and managed threat hunting. Additionally, the company offers Zero Trust Gateway, a fully managed Zscaler service. It serves the automotive, airlines and transportatio...",Software - Infrastructure,United States,https://www.zscaler.com,7923.0,,2026-08-01T08:29:32.582591+00:00,
BTC-USD,,,,,,,,,,,,,,,,,,,,,,,,,,,,,2026-08-01T08:29:32.877479+00:00,crypto_skipped
ETH-USD,,,,,,,,,,,,,,,,,,,,,,,,,,,,,2026-08-01T08:29:32.877487+00:00,crypto_skipped
BNB-USD,,,,,,,,,,,,,,,,,,,,,,,,,,,,,2026-08-01T08:29:32.877490+00:00,crypto_skipped
SOL-USD,,,,,,,,,,,,,,,,,,,,,,,,,,,,,2026-08-01T08:29:32.877493+00:00,crypto_skipped
XRP-USD,,,,,,,,,,,,,,,,,,,,,,,,,,,,,2026-08-01T08:29:32.877495+00:00,crypto_skipped
ADA-USD,,,,,,,,,,,,,,,,,,,,,,,,,,,,,2026-08-01T08:29:32.877497+00:00,crypto_skipped
AVAX-USD,,,,,,,,,,,,,,,,,,,,,,,,,,,,,2026-08-01T08:29:32.877499+00:00,crypto_skipped
DOGE-USD,,,,,,,,,,,,,,,,,,,,,,,,,,,,,2026-08-01T08:29:32.877502+00:00,crypto_skipped
DOT-USD,,,,,,,,,,,,,,,,,,,,,,,,,,,,,2026-08-01T08:29:32.877504+00:00,crypto_skipped
TRX-USD,,,,,,,,,,,,,,,,,,,,,,,,,,,,,2026-08-01T08:29:32.877506+00:00,crypto_skipped
LINK-USD,,,,,,,,,,,,,,,,,,,,,,,,,,,,,2026-08-01T08:29:32.877509+00:00,crypto_skipped
MATIC-USD,,,,,,,,,,,,,,,,,,,,,,,,,,,,,2026-08-01T08:29:32.877511+00:00,crypto_skipped
TON-USD,,,,,,,,,,,,,,,,,,,,,,,,,,,,,2026-08-01T08:29:32.877513+00:00,crypto_skipped
SHIB-USD,,,,,,,,,,,,,,,,,,,,,,,,,,,,,2026-08-01T08:29:32.877515+00:00,crypto_skipped
LTC-USD,,,,,,,,,,,,,,,,,,,,,,,,,,,,,2026-08-01T08:29:32.877518+00:00,crypto_skipped
BCH-USD,,,,,,,,,,,,,,,,,,,,,,,,,,,,,2026-08-01T08:29:32.877520+00:00,crypto_skipped
ATOM-USD,,,,,,,,,,,,,,,,,,,,,,,,,,,,,2026-08-01T08:29:32.877522+00:00,crypto_skipped
UNI-USD,,,,,,,,,,,,,,,,,,,,,,,,,,,,,2026-08-01T08:29:34.388654+00:00,crypto_skipped
ETC-USD,,,,,,,,,,,,,,,,,,,,,,,,,,,,,2026-08-01T08:29:34.388691+00:00,crypto_skipped
XLM-USD,,,,,,,,,,,,,,,,,,,,,,,,,,,,,2026-08-01T08:29:34.388695+00:00,crypto_skipped
NEAR-USD,,,,,,,,,,,,,,,,,,,,,,,,,,,,,2026-08-01T08:29:34.388698+00:00,crypto_skipped
ALGO-USD,,,,,,,,,,,,,,,,,,,,,,,,,,,,,2026-08-01T08:29:34.388701+00:00,crypto_skipped
FIL-USD,,,,,,,,,,,,,,,,,,,,,,,,,,,,,2026-08-01T08:29:34.388704+00:00,crypto_skipped
VET-USD,,,,,,,,,,,,,,,,,,,,,,,,,,,,,2026-08-01T08:29:34.388707+00:00,crypto_skipped
ICP-USD,,,,,,,,,,,,,,,,,,,,,,,,,,,,,2026-08-01T08:29:34.388710+00:00,crypto_skipped
AAVE-USD,,,,,,,,,,,,,,,,,,,,,,,,,,,,,2026-08-01T08:29:34.388712+00:00,crypto_skipped
MKR-USD,,,,,,,,,,,,,,,,,,,,,,,,,,,,,2026-08-01T08:29:34.388714+00:00,crypto_skipped
GRT-USD,,,,,,,,,,,,,,,,,,,,,,,,,,,,,2026-08-01T08:29:34.388716+00:00,crypto_skipped
SAND-USD,,,,,,,,,,,,,,,,,,,,,,,,,,,,,2026-08-01T08:29:34.388718+00:00,crypto_skipped
MANA-USD,,,,,,,,,,,,,,,,,,,,,,,,,,,,,2026-08-01T08:29:34.388721+00:00,crypto_skipped
APE-USD,,,,,,,,,,,,,,,,,,,,,,,,,,,,,2026-08-01T08:29:34.388723+00:00,crypto_skipped
AXS-USD,,,,,,,,,,,,,,,,,,,,,,,,,,,,,2026-08-01T08:29:34.388725+00:00,crypto_skipped
EGLD-USD,,,,,,,,,,,,,,,,,,,,,,,,,,,,,2026-08-01T08:29:34.388727+00:00,crypto_skipped
FLOW-USD,,,,,,,,,,,,,,,,,,,,,,,,,,,,,2026-08-01T08:29:34.388729+00:00,crypto_skipped
HBAR-USD,,,,,,,,,,,,,,,,,,,,,,,,,,,,,2026-08-01T08:29:34.388732+00:00,crypto_skipped
XTZ-USD,,,,,,,,,,,,,,,,,,,,,,,,,,,,,2026-08-01T08:29:34.388734+00:00,crypto_skipped
THETA-USD,,,,,,,,,,,,,,,,,,,,,,,,,,,,,2026-08-01T08:29:34.388735+00:00,crypto_skipped
EOS-USD,,,,,,,,,,,,,,,,,,,,,,,,,,,,,2026-08-01T08:29:34.388738+00:00,crypto_skipped
KAVA-USD,,,,,,,,,,,,,,,,,,,,,,,,,,,,,2026-08-01T08:29:34.388740+00:00,crypto_skipped
FTM-USD,,,,,,,,,,,,,,,,,,,,,,,,,,,,,2026-08-01T08:29:34.388742+00:00,crypto_skipped
INJ-USD,,,,,,,,,,,,,,,,,,,,,,,,,,,,,2026-08-01T08:29:34.388744+00:00,crypto_skipped
RUNE-USD,,,,,,,,,,,,,,,,,,,,,,,,,,,,,2026-08-01T08:29:34.388746+00:00,crypto_skipped
RNDR-USD,,,,,,,,,,,,,,,,,,,,,,,,,,,,,2026-08-01T08:29:35.888934+00:00,crypto_skipped
OP-USD,,,,,,,,,,,,,,,,,,,,,,,,,,,,,2026-08-01T08:29:35.888969+00:00,crypto_skipped
ARB-USD,,,,,,,,,,,,,,,,,,,,,,,,,,,,,2026-08-01T08:29:35.888973+00:00,crypto_skipped
SUI-USD,,,,,,,,,,,,,,,,,,,,,,,,,,,,,2026-08-01T08:29:35.888977+00:00,crypto_skipped
SEI-USD,,,,,,,,,,,,,,,,,,,,,,,,,,,,,2026-08-01T08:29:35.888981+00:00,crypto_skipped
TIA-USD,,,,,,,,,,,,,,,,,,,,,,,,,,,,,2026-08-01T08:29:35.888984+00:00,crypto_skipped
PEPE-USD,,,,,,,,,,,,,,,,,,,,,,,,,,,,,2026-08-01T08:29:35.888987+00:00,crypto_skipped
WLD-USD,,,,,,,,,,,,,,,,,,,,,,,,,,,,,2026-08-01T08:29:35.888990+00:00,crypto_skipped
